id,rle
test_0001_1,103862 3 104373 5 104885 5 105397 5 105909 4 106419 12 106930 15 107441 17 107952 18 108463 20 108974 21 109485 24 109996 26 110508 26 111019 28 111530 29 112041 31 112551 33 113061 34 113572 35 114083 36 114593 35 115104 35 115614 36 116122 39 116633 39 117144 39 117655 39 118166 40 118677 41 119188 41 119698 41 120210 40 120721 40 121233 39 121744 39 122255 39 122767 38 123278 38 123790 38 124302 38 124814 38 125326 38 125839 38 126351 38 126864 36 127377 35 127890 34 128403 34 128916 33 129429 33 129942 32 130455 32 130968 32 131480 32 131993 32 132506 32 133018 33 133531 33 134044 34 134557 34 135071 35 135107 5 135583 43 136096 43 136609 43 137121 43 137634 41 138146 41 138191 2 138658 42 138703 2 139170 47 139683 46 140195 46 140707 45 141218 46 141730 46 142242 46 142753 47 143265 47 143777 47 144288 45 144800 45 145312 44 145824 43 146335 42 146847 41 147359 41 147871 41 148383 41 148895 40 149408 38 149920 38 150434 35 150948 33 151462 30 151975 17 151996 8 152510 5 153024 3
test_0001_2,0 0
test_0001_3,0 0
test_0002_1,0 0
test_0002_2,99550 3 100059 9 100570 12 101082 12 101594 12 102107 11 102623 5 244536 5 245045 10 245556 12 246067 13 246579 13 247091 12 247604 9 248118 4
test_0002_3,0 0
test_0003_1,0 0
test_0003_2,90330 8 90841 10 91353 11 91866 10 92380 7 92894 4 119632 8 120144 10 120656 11 121168 11 121681 9 122196 3 145699 6 146210 9 146721 11 147233 11 147746 9 148263 2 175735 7 176246 9 176758 9 177271 8 177784 5
test_0003_3,0 0
test_0004_1,0 0
test_0004_2,73486 7 73995 13 74506 15 75018 15 75530 14 76042 13 76556 9 173887 10 174201 5 174398 13 174709 11 174910 14 175220 13 175422 14 175732 13 175935 12 176244 12 176451 7 176757 9 199372 7 199882 12 200394 12 200905 13 201418 11 201934 3
test_0004_3,0 0
test_0005_1,0 0
test_0005_2,0 0
test_0005_3,71988 3 72499 4 73010 5 73521 5 74032 6 74543 6 75054 5 75565 5 76075 7 76586 6 77097 7 77608 7 78119 7 78630 7 79141 7 79652 8 80163 7 80674 7 81185 7 81696 6 82207 6 82718 6 83229 6 83740 6 84251 7 84763 5 85274 5 85785 5 86296 5 86808 4 87319 5 87830 4 88341 4 88851 5 89362 6 89874 5 90385 5 90896 5 91407 5 91918 5 92429 5 92940 4 93021 4 93450 5 93532 12 93961 5 94046 15 94473 5 94564 18 94984 5 95081 19 95496 4 95598 21 96007 4 96118 15 96518 4 96635 13 97029 4 97153 11 97540 4 97669 10 98051 4 98184 11 98562 4 98700 12 99074 3 99216 12 99730 16 100249 12 100765 12 101282 11 101797 13 102314 13 102830 13 103346 12 103862 12 104379 11 104895 10 105411 10 105926 9 106443 7 106959 2 142494 3 143006 3 143518 3 144029 3 144541 3 145052 4 145564 3 146076 3 146588 3 147100 2 147612 3 148124 3 148636 3 149148 3 149660 3 150173 2 150685 2 151196 3 151703 3 151707 5 152215 8 152728 7 153240 7 153752 8 154265 7 154778 7 155291 6 155804 6 156315 8 156826 10 157335 14 157846 6 157856 5 158357 6 158369 5 158869 3 158881 6 159393 6 159905 7 160418 6 160932 5 161445 5 161958 4 162471 4 162984 4 163496 5 164008 5 164521 5 165034 4 165547 4 166060 3 166572 3 167085 3 167597 4 168110 3 168622 4 169135 3 169648 3 170160 4 170673 3 171185 4 171698 3 172210 3 172723 2 218467 13 218967 24 219471 29 219976 29 220481 23 220984 25 221493 19 222006 10
test_0006_1,0 0
test_0006_2,0 0
test_0006_3,182149 3 182661 4 183174 4 183686 4 184199 4 184712 4 185224 4 185737 4 186250 4 186762 5 187275 4 187788 4 188300 5 188572 2 188813 4 189084 4 189326 4 189597 5 189839 3 190110 6 190351 4 190624 5 190864 4 191137 6 191376 4 191651 5 191889 4 192164 6 192402 4 192678 5 192914 5 193192 5 193427 5 193706 5 193940 4 194219 6 194452 5 194732 6 194965 4 195246 6 195478 3 195760 6 195990 4 196274 5 196502 4 196788 5 197015 4 197301 6 197527 5 197814 7 198040 4 198328 7 198552 5 198843 5 199064 5 199356 6 199577 5 199870 6 200090 5 200384 7 200602 5 200898 6 201115 4 201412 6 201627 5 201926 6 202140 4 202440 6 202652 4 202954 7 203165 4 203468 7 203677 4 203982 7 204190 4 204496 7 204702 4 205010 6 205214 4 205524 6 205727 3 206038 5 206239 4 206551 6 206751 4 207065 6 207263 4 207579 6 207775 5 208093 6 208287 5 208607 6 208799 5 209121 6 209311 5 209635 7 209824 4 210150 6 210336 4 210663 6 210848 5 211177 6 211361 4 211691 6 211873 4 212204 7 212385 4 212719 6 212897 4 213233 6 213409 4 213747 6 213921 4 214261 7 214432 5 214775 7 214945 3 215289 7 215457 3 215803 7 215969 3 216317 7 216481 3 216831 6 216993 3 217345 6 217504 4 217859 6 218016 4 218373 6 218528 4 218887 7 219040 4 219401 8 219552 4 219915 7 220064 4 220430 6 220576 3 220944 6 221088 3 221458 7 221600 3 221972 7 222112 3 222486 7 222623 4 223000 8 223135 4 223514 8 223646 5 224029 7 224158 4 224543 5 224670 4 225182 4 225694 5 226206 5 226718 5 227230 5 227742 5 228254 4 228765 5 229277 5 229789 5 230301 5 230813 4 231325 4 231837 4 232349 4 232861 4 233372 5 233884 5 234396 4 234907 5 235419 4 235931 4 236442 4 236954 4 237466 4 237978 3 238490 3 239003 1
test_0007_1,0 0
test_0007_2,0 0
test_0007_3,109908 4 110420 7 110934 9 111448 9 111963 10 112478 10 112993 10 113509 9 114024 10 114539 10 115054 11 115569 12 116085 11 116602 9 117117 11 117633 11 118148 13 118663 13 119180 11 119697 9 120212 9 120728 8 121243 7
test_0008_1,78693 7 79202 13 79713 19 80222 24 80731 30 81241 36 81752 40 82263 42 82774 44 83286 44 83797 45 84308 46 84820 46 85331 47 85843 47 86355 47 86866 48 87378 49 87890 49 88402 49 88914 49 89426 50 89938 50 90450 50 90962 50 91474 50 91986 49 92498 49 93010 49 93522 49 94034 48 94546 47 95058 46 95570 46 96083 44 96596 42 97108 40 97622 37 98136 33 98649 30 99162 28 99676 24 100191 16
test_0008_2,0 0
test_0008_3,0 0
test_0009_1,0 0
test_0009_2,24158 9 24667 15 25179 16 25691 16 26203 16 26717 13 27232 8 54684 5 55193 9 55703 12 56214 13 56725 13 57237 12 57749 11 58261 9 58775 2 106350 6 106860 10 107371 12 107882 12 108395 9 108907 5 229578 6 230085 12 230509 7 230596 13 231019 10 231108 13 231530 11 231621 11 232043 9 232134 6 232556 7
test_0009_3,0 0
test_0010_1,0 0
test_0010_2,38781 8 39292 10 39803 11 40315 11 40828 10 41341 7
test_0010_3,0 0
test_0011_1,19575 11 20085 15 20596 17 21107 19 21618 20 22130 20 22642 20 23153 21 23657 31 24166 36 24676 44 25186 50 25695 55 26205 58 26716 61 27226 64 27737 65 28248 67 28759 68 29270 69 29781 70 30293 70 30804 71 31316 71 31828 70 32340 70 32852 70 33364 69 33877 68 34389 67 34902 65 35415 64 35928 62 36441 60 36954 58 37467 56 37981 52 38496 9 38506 37 39021 33 39536 25 156509 5 156525 1 157016 26 157525 31 158035 34 158545 39 159054 45 159565 47 160076 50 160587 52 161099 53 161610 54 162122 55 162633 56 163145 56 163656 56 164168 56 164680 56 165193 55 165706 54 166218 54 166731 52 167244 51 167758 48 168271 45 168784 43 169298 39 169811 36 170326 31 170841 9 170854 3 170862 4
test_0011_2,0 0
test_0011_3,0 0
test_0012_1,0 0
test_0012_2,30608 8 31118 11 31629 12 32141 12 32654 10 33167 8 33680 5 145994 9 146505 12 147016 14 147527 15 148040 14 148553 13 149067 10 204928 5 205438 9 205950 10 206114 2 206462 10 206624 7 206974 10 207136 8 207489 6 207648 8 208160 7 208673 4
test_0012_3,0 0
test_0013_1,119142 5 119637 26 120147 31 120658 34 121168 37 121676 43 122185 46 122696 48 123207 49 123718 51 124229 53 124740 57 125252 58 125763 61 126275 62 126786 65 127298 66 127810 67 128322 68 128834 69 129346 70 129858 71 130371 71 130883 71 131396 70 131909 70 132421 70 132934 69 133448 67 133962 64 134475 63 134990 60 135503 59 136017 56 136530 55 137044 52 137557 50 138071 46 138584 44 139097 41 139611 38 140126 30 140641 25 141157 21 141683 6 142198 2
test_0013_2,0 0
test_0013_3,0 0
test_0014_1,19154 32 19650 55 20156 65 20665 73 21171 85 21679 98 22186 106 22695 111 23204 115 23713 119 24222 123 24732 125 25241 129 25751 132 26259 138 26769 141 27278 144 27787 148 28297 151 28807 153 29318 155 29828 157 30339 158 30850 159 31361 161 31872 161 32384 161 32895 162 33406 163 33917 163 34428 164 34939 165 35451 164 35962 164 36474 164 36985 164 37497 163 38008 163 38520 162 39032 161 39544 160 40055 159 40567 158 41079 156 41591 153 42103 151 42616 148 43128 145 43640 143 44152 140 44664 137 45176 134 45688 132 46201 128 46713 125 47226 121 47738 119 48251 114 48764 111 49277 108 49789 106 50302 102 50804 4 50814 101 51315 6 51326 100 51827 6 51840 96 52340 4 52353 93 52852 3 52867 90 53380 87 53893 85 54406 83 54920 80 55433 78 55946 76 56460 73 56973 72 57486 70 57999 68 58512 67 59026 64 59538 64 60051 62 60564 60 61077 58 61590 57 62103 55 62617 52 63132 48 63647 44 64171 30 64684 28 65198 17
test_0014_2,0 0
test_0014_3,0 0
test_0015_1,0 0
test_0015_2,0 0
test_0015_3,66118 2 66630 3 67142 4 67654 4 68167 4 68680 3 69192 4 69705 3 70217 4 70730 3 71242 4 71754 4 72267 4 72780 4 73292 4 73804 5 74317 4 74830 4 75342 5 75855 5 76368 4 76881 4 77393 5 77906 5 78418 5 78931 5 79444 5 79956 5 80469 5 80981 5 81494 5 82006 6 82519 5 83032 5 83544 6 84057 5 84570 4 85082 5 85595 4 86107 4 86620 4 87132 4 87645 4 88157 4 88670 4 89182 4 89695 4 90207 4 90720 2 91233 1
test_0016_1,0 0
test_0016_2,62590 5 63100 10 63611 14 64123 15 64636 14 65149 13 65664 9 159135 1 159642 9 160152 12 160663 14 161174 14 161686 13 162199 11 162712 7 185430 11 185941 14 186453 15 186965 15 187478 14 187992 11 192872 5 193379 12 193890 14 194402 15 194913 16 195425 16 195938 15 196451 13 196964 11
test_0016_3,0 0
test_0017_1,0 0
test_0017_2,118599 5 119110 13 119621 13 120133 12 120646 10 121159 7
test_0017_3,0 0
test_0018_1,0 0
test_0018_2,0 0
test_0018_3,161676 3 162188 4 162436 1 162700 4 162947 8 163212 4 163460 11 163724 5 163973 14 164237 4 164491 13 164749 5 165006 12 165262 4 165524 6 165774 4 166286 4 166798 5 167311 4 167823 5 168336 4 168848 4 169360 4 169872 4 170384 5 170897 4 171409 5 171922 4 172434 4 172947 4 173459 4 173972 3 174484 4 174996 5 175509 4 176021 5 176534 4 177046 5 177559 5 178072 4 178584 5 179097 4 179610 4 180122 5 180634 5 181147 5 181660 4 182173 4 182686 4 183198 4 183711 4 184224 4 184736 5 185249 4 185762 4 186274 4 186787 4 187300 3 187812 4 188324 4 188837 4 189350 3 189862 4 190374 5 190887 4 191400 4 191912 4 192425 4 192937 4 193450 4 193962 4 194475 3 194987 4 195499 4 196012 4 196524 4 197037 3 197549 4 198062 3 198574 4 199087 4 199599 5 200112 4 200625 2
test_0019_1,0 0
test_0019_2,64209 7 64719 10 65231 11 65742 12 66255 10 66768 8 209176 12 209686 15 210198 15 210710 15 211223 13 211736 9
test_0019_3,0 0
test_0020_1,0 0
test_0020_2,0 0
test_0020_3,202907 3 203420 4 203933 5 204446 6 204960 6 205475 5 205989 5 206502 7 207016 7 207530 7 208044 6 208558 6 209072 6 209586 5 210099 6 210613 6 211127 6 211641 6 212155 6 212669 7 213184 6 213698 6 214212 5 214726 5 215239 6 215753 6 216267 6 216781 6 217296 5 217810 5 218324 5 218837 6 219352 5 219865 7 220380 5 220894 5 221408 5 221921 7 222435 7 222950 6 223464 6 223978 6 224492 6 225006 6 225520 7 226034 7 226548 7 227063 7 227577 7 228091 7 228606 5
test_0021_1,0 0
test_0021_2,0 0
test_0021_3,121154 1 121665 4 122178 5 122691 5 123204 5 123718 5 124231 5 124744 6 125258 5 125771 5 126285 4 126798 4 127311 5 127824 5 128337 5 128850 6 129364 5 129877 5 130390 5 130904 4 131417 5 131930 5 132443 5 132956 6 133470 5 133983 6 134496 6 135010 5 135523 5 136036 6 136549 7 137062 8 137576 8 138090 8 138604 8 139118 7 139631 7 140144 7 140658 6 141171 5 141684 4 142196 5 142709 5 143222 4 143735 4 144248 4 144760 4 145273 4 145786 3 146299 3 146811 4 147324 4 147836 4 148349 4 148862 4 149375 4 149888 4 150400 5 150913 5 151426 5 151939 5 152452 4 152964 4 153477 3 153990 2 212193 3 212704 10 213215 16 213733 16 214250 15 214770 9 215286 4
test_0022_1,195235 5 195745 8 196256 12 196767 19 197279 23 197790 28 198302 30 198814 35 199327 36 199839 40 200351 42 200863 45 201375 48 201888 50 202400 51 202551 26 202913 52 203021 77 203425 58 203519 99 203938 70 204024 108 204450 195 204963 195 205476 196 205989 201 206502 202 207015 201 207528 201 208041 202 208554 202 209067 202 209580 202 210093 201 210606 202 211119 202 211632 202 212145 201 212658 200 213171 199 213685 197 214199 194 214712 193 215226 191 215740 188 216254 186 216767 184 217281 182 217795 179 218309 175 218825 169 219339 166 219854 162 220369 31 220405 121 220884 28 220919 117 221399 26 221436 110 221919 17 221961 94 222480 86 222994 82 223510 53 223580 5 224027 10 224042 19 226647 2
test_0022_2,0 0
test_0022_3,0 0
test_0023_1,0 0
test_0023_2,45828 9 46337 12 46848 13 47359 14 47870 14 48382 14 48895 11 49409 6 117490 10 118000 14 118512 14 119023 15 119536 13 120048 13 120562 9 166095 8 166605 11 167116 13 167628 13 168140 12 168653 9 173909 8 174419 11 174930 13 175442 13 175954 12 176466 11 176979 9 177494 3
test_0023_3,0 0
test_0024_1,0 0
test_0024_2,0 0
test_0024_3,27020 4 27532 5 28044 6 28556 8 29068 10 29580 12 30093 12 30606 12 31118 14 31631 14 32144 11 32656 8 33169 6 33681 7 34193 8 34705 9 35217 9 35729 9 36241 8 36754 7 37267 6 37780 5 38292 6 38804 6 39317 4 39829 4 40340 5 40852 5 41362 7 41873 7 42384 8 42896 7 43408 7 43920 6 44432 5 44944 5 45455 5 45967 5 46479 4 46990 5 47502 5 48013 6 48524 6 49036 5 49547 5 50058 5 50569 5 51081 5 51593 5 52104 5 52615 5 53125 7 53636 7 54147 8 54658 8 55170 7 55681 7 56192 6 56703 6 57214 6 57725 6 58236 6 58748 5 59259 5 59770 6 60282 5 60793 5 61304 5 61815 5 62326 6 62837 6 63349 5 63860 5 64372 5 64883 5 65394 5 65906 5 66417 5 66929 5 67441 4 67953 3 68464 4 68976 4 69488 3 70000 2 85620 8 86132 11 86646 11 87164 8 87678 8 88192 7 88245 2 88705 9 88756 5 89219 10 89269 6 89733 10 89782 7 90247 9 90296 7 90762 7 90810 8 91275 8 91324 8 91789 7 91838 7 92302 7 92352 6 92816 7 92866 5 93330 5 93378 6 93843 5 93892 5 94356 5 94405 4 94870 5 94918 4 95383 5 95430 4 95896 6 95942 4 96410 6 96455 4 96924 5 96967 4 97437 6 97480 3 97951 6 97992 3 98465 6 98504 3 98979 6 99016 3 99493 5 99528 4 100006 6 100040 4 100520 6 100552 4 101034 6 101065 3 101548 5 101577 3 102062 5 102089 4 102576 4 102601 3 103089 5 103113 4 103602 4 103625 4 104115 4 104137 5 104628 4 104649 7 105140 5 105162 7 105653 5 105675 8 106166 5 106190 6 106680 5 106704 5 107193 6 107217 6 107707 6 107730 6 108220 8 108243 7 108735 8 108757 6 109249 8 109271 5 109764 8 109784 6 110278 10 110297 7 110793 10 110811 7 111310 7 111323 8 111824 8 111833 12 112339 19 112854 17 113371 14 113886 13 114404 10 114920 6 115436 1 141691 3 142203 4 142716 4 143229 4 143742 3 144254 4 144767 5 145280 5 145792 6 146305 6 146818 5 147330 6 147843 5 148356 5 148869 5 149382 5 149894 6 150407 5 150920 5 151433 5 151946 4 152459 4 152972 4 153484 5 153997 5 154510 5 155023 5 155536 5 156049 5 156413 2 156562 4 156924 3 157075 4 157436 3 157588 4 157948 3 158101 4 158460 3 158614 4 158972 3 159127 4 159484 3 159640 4 159996 3 160153 4 160508 3 160666 4 161020 3 161179 4 161531 4 161692 4 162043 4 162205 5 162555 4 162718 5 163067 4 163231 5 163580 3 163744 5 164092 3 164257 5 164604 3 164770 5 165116 3 165284 4 165628 3 165797 4 166140 4 166652 4 167165 4 167677 4 168190 4 168702 4 169215 4 169727 4 170240 4 170752 4 171265 3 171777 4 172290 4 172802 4 173315 4 173827 5 174340 5 174853 5 175366 4 175879 4 176392 4 176904 5 177417 5 177930 5 178443 5 178956 4 179468 5 179981 5 180494 5 181007 5 181520 5 182033 5 182546 5 183059 5 183572 5 184086 4 184598 5 185112 5 185625 5 186138 5 186652 5 187165 5 187678 6 188192 6 188706 6 189219 7 189733 6 190247 7 190761 7 191275 5
test_0025_1,0 0
test_0025_2,0 0
test_0025_3,160646 3 161158 3 161670 4 162182 4 162695 4 163207 5 163720 4 164232 4 164744 4 165257 3 165769 4 166282 3 166794 4 167306 4 167818 4 168330 5 168843 4 169355 4 169868 4 170380 4 170893 4 171405 4 171918 4 172430 4 172943 4 173455 4 173968 4 174480 5 174993 5 175505 5 176018 5 176531 5 177044 4 177556 5 178069 4 178582 4 179094 5 179607 4 180119 5 180632 5 181145 4 181658 4 182170 4 182683 4 183196 4 183709 4 184221 5 184734 4 185247 4 185759 4 186272 4 186785 3 187297 4 187810 3 188322 4 188835 4 189348 4 189860 4 190373 4 190886 4 191398 4 191911 4 192423 4 192936 4 193448 4 193961 3 194473 4 194986 4 195498 4 196011 3 196523 4 197036 4 197548 4 198061 4 198574 3 199086 3
test_0026_1,83251 19 83281 6 83761 43 84271 48 84781 52 85289 58 85798 63 86308 66 86638 18 86818 68 87143 28 87330 70 87653 32 87840 73 88163 38 88352 74 88673 45 88863 76 89183 50 89374 78 89694 52 89886 78 90204 55 90398 78 90715 57 90910 78 91226 59 91422 78 91736 61 91934 78 92246 63 92447 77 92758 63 92959 77 93269 64 93471 78 93781 65 93983 78 94293 65 94496 78 94805 65 95008 78 95317 66 95521 77 95829 66 96034 76 96341 66 96548 74 96854 65 97062 72 97366 65 97577 69 97878 65 98091 66 98390 65 98605 63 98902 64 99119 61 99415 63 99633 58 99928 62 100149 53 100440 62 100664 48 100954 60 101179 44 101467 59 101694 39 101981 56 102209 34 102494 55 102725 28 103008 52 103521 50 104035 47 104548 46 105061 44 105574 42 106087 40 106600 37 107113 34 107626 30 108140 23 108655 16
test_0026_2,0 0
test_0026_3,0 0
test_0027_1,0 0
test_0027_2,0 0
test_0027_3,57690 7 58198 10 58706 11 59215 10 59723 10 60232 9 60741 9 61249 10 61516 2 61757 11 62027 3 62266 10 62539 3 62774 11 63051 4 63283 10 63563 4 63792 9 64075 4 64301 10 64588 3 64808 9 65100 3 65316 13 65335 9 65612 3 65824 17 65845 11 66124 3 66334 27 66636 3 66842 23 67148 4 67350 23 67660 4 67855 19 68172 4 68362 16 68684 4 68869 15 69196 4 69376 14 69708 4 69881 15 70220 4 70388 16 70732 4 70897 11 71244 4 71408 7 71756 4 72268 4 72780 4 73292 4 73804 4 74316 5 74828 5 75341 3 75853 3 76365 4 76877 4 77389 4 77902 3 78414 3 78926 3 79438 3 79950 3 80462 3 80974 3 81486 3 81998 3 82509 5 83021 5 83533 5 84045 5 84556 6 85068 6 85579 7 86091 7 86603 7 87116 6 87628 6 88140 5 88652 5 89165 4 89677 4 90189 4 90701 4 91213 5 91726 4 92238 4 92750 4 93262 4 93774 4 94286 4 94798 4 95310 4 95822 4 96334 4 96846 4 97358 4 97870 4 98382 4 98894 4 99406 5 99918 5 100430 5 100942 5 101454 5 101966 5 102479 4 102991 4 103503 4 104015 4 104527 4 105039 4 105551 4 106063 4 106575 4 107088 3 107600 3 108112 3 108624 4 109136 4 109648 4 110160 3 110672 3 111184 3 111697 1 134906 4 135418 8 135932 9 136448 9 136963 10 137478 11 137995 9 138510 11 139026 11 139542 12 140059 11 140574 12 141092 10 141608 10 142124 10 142639 11 143155 11 143670 12 144187 11 144702 14 145218 14 145735 13 146253 11 146768 12 147285 11 147800 11 148317 10 148832 11 149348 10 149864 10 150380 13 150896 14 151414 13 151932 12 152449 12 152964 13 153482 11 153996 13 154515 9 155034 1 164974 2 165486 3 165998 4 166511 3 167023 4 167536 3 168049 3 168561 3 169074 3 169586 3 170099 3 170611 3 171124 3 171636 4 172149 3 172661 4 173174 4 173686 4 174199 4 174712 3 175224 4 175737 3 176249 4 176762 4 177274 4 177787 4 178300 3 178812 4 179325 3 179837 3 180029 1 180350 3 180540 2 180862 4 181050 3 181375 3 181561 3 181887 4 182072 3 182400 3 182583 4 182913 3 183094 4 183425 3 183604 5 183938 3 184115 5 184451 2 184627 4 184963 3 185138 3 185476 3 185649 3 185988 3 186160 3 186501 3 186671 3 187013 3 187182 4 187526 3 187693 3 188038 3 188204 3 188551 3 188714 5 189063 3 189224 5 189576 3 189735 5 190088 3 190246 4 190601 3 190757 4 191113 3 191268 4 191626 3 191778 5 192138 4 192289 4 192651 3 192799 5 193163 3 193310 4 193676 3 193821 4 194188 3 194332 4 194700 4 194843 3 195213 3 195353 4 195725 4 195864 4 196238 3 196375 3 196750 3 196887 2 197263 3 197775 3 198288 3 198800 3 199313 3 199825 3 200337 3 200850 3 201362 3 201874 4 202387 3 202899 3 203412 3 203924 3 204437 2 204949 3 205461 3 205974 3 206486 3 206998 4 207511 3 208023 3 208535 3 209047 3 209560 3 210072 3 210584 3 211097 2 211609 3 212121 3 212633 3 213146 2 213658 3 214170 3 214683 3 215195 3 215707 3 216220 2 216732 2
test_0028_1,0 0
test_0028_2,96129 12 96639 15 97150 17 97662 16 98175 14 98689 10 99204 4 137491 8 138000 12 138511 13 139023 13 139535 12 140049 8 143041 6 143551 11 144062 13 144573 14 145085 13 145598 11 146113 5 220873 2 221382 8 221892 12 222403 14 222915 14 223427 13 223940 10
test_0028_3,0 0
test_0029_1,0 0
test_0029_2,35743 5 36253 9 36763 11 37274 12 37785 13 38297 12 38809 11 39321 9 83900 6 84410 8 84920 10 85432 9 85944 7 86458 2 244935 7 245445 10 245956 12 246467 13 246978 14 247490 14 248003 12 248516 10 249030 6
test_0029_3,0 0
test_0030_1,0 0
test_0030_2,0 0
test_0030_3,190116 3 190627 4 191138 5 191649 5 192161 4 192672 5 193183 5 193694 5 194206 5 194717 5 195229 4 195740 4 196251 4 196763 3
test_0031_1,0 0
test_0031_2,153701 7 154211 10 154723 11 155235 11 155747 10 156261 7 196733 4 197241 10 197752 11 198264 11 198775 11 199288 9
test_0031_3,0 0
test_0032_1,121643 17 122150 25 122660 28 123170 32 123678 39 124188 43 124699 52 125210 54 125721 56 126233 56 126744 57 127256 56 127768 56 128281 55 128794 54 129307 53 129820 52 130332 51 130845 50 131357 50 131870 49 132383 47 132896 46 133409 45 133922 44 134434 44 134947 43 135460 41 135972 41 136485 40 136997 40 137510 39 138022 39 138535 38 139047 38 139559 38 140072 37 140584 37 141097 35 141610 34 142123 33 142637 30 143150 28 143663 26 144176 24 144690 21 145205 14
test_0032_2,0 0
test_0032_3,0 0
test_0033_1,0 0
test_0033_2,0 0
test_0033_3,43336 2 43848 3 44360 3 44873 2 45385 3 45897 3 46409 4 46922 3 47434 3 47947 2 48459 3 48971 3 49484 3 49996 3 50508 3 51021 2 51533 3 52045 3 52557 3 53070 3 53582 3 54094 4 54607 3 55119 3 55632 3 56144 3 56656 3 57169 3 57681 3 58194 3 58706 3 59219 3 59731 3 60244 2 60756 3 61268 3 61781 3 62294 2 62806 3 63318 3 63831 3 64344 2 64856 3 65368 3 65881 3 66393 3 66906 3 67418 4 67931 3 68443 4 68956 3 69468 3 69981 3 70494 2 71006 3 71519 3 72031 3 72544 3 73056 3 73569 3 74081 3 74594 3 75107 3 75619 3 76132 3 76644 4 77157 3 77670 3 78182 4 78695 3 79207 4 79720 3 80232 4 80745 3 81258 3 81770 4 82283 4 82795 4 83308 4 83820 4 84333 4 84846 4 85358 4 85871 4 86384 3 86896 4 87409 3 87921 4 88434 4 88947 4 89459 4 89972 4 90485 3 90997 3 91510 3 92022 4 92535 3 93048 3 93560 4 94073 3 94586 3 95099 2 111220 8 111732 12 112248 11 112764 12 113280 12 113796 13 114312 13 114828 13 115345 12 115860 15 116378 14 116893 17 117411 14 117928 13 118445 12 118961 12 119477 12 119992 13 120510 11 121026 11 121542 12 122057 14 122576 11 123092 12 123609 11 124124 13 124641 11 125157 10 125673 10 126188 8 126704 2 189696 3 190203 9 190710 13 191216 15 191723 13 192231 14 192736 14 193242 16 193748 16 194251 21 194757 20 195261 25 195766 30 196275 7 196286 20 196787 5 196800 12 197312 10 197821 9 198330 9 198838 9 199347 9 199854 10 200363 11 200871 10 201381 10 201890 9 202398 11 202907 10 203415 11 203925 8 204436 6
test_0034_1,122571 24 123080 36 123591 42 124101 46 124612 51 125122 56 125633 61 126145 64 126656 66 127167 68 127679 68 128190 69 128702 69 129213 70 129725 70 130237 70 130749 70 131262 69 131774 69 132287 67 132800 65 133313 63 133827 60 134340 57 134853 50 135368 43 135883 36 136403 5
test_0034_2,0 0
test_0034_3,0 0
test_0035_1,0 0
test_0035_2,0 0
test_0035_3,43168 5 43182 2 43195 17 43662 70 44174 77 44723 43 45258 27 45781 22 46299 26 46816 27 47339 23 47861 19 48380 17 48899 15 49416 12 49936 4 115558 6 116067 8 116578 7 117086 8 117596 8 118105 9 118615 9 119124 9 119633 9 120142 9 120651 9 121161 8 121670 8 122180 8 122690 7 123200 7 123709 7 124218 8 124728 7 125237 7 125747 7 126256 8 126766 7 127275 7 127786 6 128295 6 128805 6 129314 7 129824 7 130333 8 130844 7 131354 7 131864 6 132374 6 132884 7 133393 8 133903 8 134413 8 134924 6 135433 8 135944 6 136453 8 136964 7 137474 6 137984 6 138496 4 159328 2 159840 4 160353 3 160865 4 161377 4 161890 4 162402 4 162914 4 163427 3 163939 4 164451 4 164964 4 165476 4 165988 4 166501 4 167013 5 167526 4 168038 4 168551 4 169063 4 169576 4 170088 4 170600 4 171112 5 171625 4 172137 5 172650 4 173162 5 173674 5 174187 4 174699 5 175212 4 175724 4 176237 4 176749 4 177261 5 177774 4 178286 4 178798 5 179311 5 179823 5 180336 4 180848 5 181361 4 181873 5 182386 4 182898 5 183411 4 183924 4 184436 4 184949 3 185461 4 185973 5 186485 5 186996 6 187508 7 188021 7 188533 7 189046 6 189558 7 190070 7 190582 8 191094 8 191607 8 192119 8 192632 7 193144 7 193657 7 194170 6 194682 6 195195 6 195708 5 196221 4 196733 5 197246 4 197758 5 198270 5 198782 5 199295 5 199807 5 200319 5 200832 4 201344 5 201857 4 202369 5 202882 4 203394 4 203906 5 204418 6 204931 5 205443 5 205955 5 206468 4 206980 5 207492 5 208004 6 208517 5 209029 5 209542 4 210055 3
test_0036_1,0 0
test_0036_2,98629 3 99138 9 99649 14 100160 15 100672 15 101184 15 101696 13 102209 10 102723 5
test_0036_3,0 0
test_0037_1,0 0
test_0037_2,137489 9 137999 13 138510 14 139022 13 139535 12 140049 7
test_0037_3,0 0
test_0038_1,135038 2 135541 13 136052 16 136562 19 137074 21 137585 23 138096 25 138608 26 139120 26 139632 26 140144 26 140656 26 141169 25 141682 23 142195 21 142708 19 143221 16 143736 11
test_0038_2,0 0
test_0038_3,0 0
test_0039_1,0 0
test_0039_2,0 0
test_0039_3,62317 2 62820 12 63326 17 63832 18 64336 20 64842 18 65350 17 65856 20 66362 18 66862 24 67369 25 67876 25 68384 25 68887 29 69396 28 69904 26 70415 18 70924 16 71431 13 71937 15 72445 15 72952 13 73459 15 73967 11 74478 8 110401 3 110913 5 111425 5 111938 5 112450 6 112962 7 113475 7 113987 8 114500 8 115013 8 115526 8 116039 8 116551 9 117064 8 117576 9 118090 8 118603 8 119116 8 119629 7 120141 7 120654 7 121167 6 121679 6 122192 6 122705 6 123218 5 123731 5 124244 4 124488 2 124756 5 125000 2 125269 5 125513 2 125782 5 126025 3 126295 5 126537 4 126808 4 127049 4 127321 4 127562 4 127835 2 128074 4 128586 5 129099 4 129611 5 130123 5 130635 6 131148 6 131662 5 132175 5 132687 5 133198 6 133710 6 134223 6 134737 4 135250 4 135762 4 136275 4 136788 3 137300 4 137813 3 138325 3 138838 3 139350 4 139863 3 140375 3 140888 3 141400 3 141913 2 142426 1 175282 3 175793 11 176306 15 176826 13 177341 15 177859 14 178376 15 178894 17 179412 17 179930 22 180448 26 180969 30 181489 28 182011 29 182536 22 183059 20 183578 19 184098 14 184614 16 185133 12 185648 13 186165 13 186680 14 187198 9
test_0040_1,178918 13 179409 3 179424 24 179917 48 180428 54 180939 58 181450 62 181961 68 182472 70 182984 72 183496 76 184007 80 184519 81 185031 82 185543 83 186055 84 186567 84 187080 83 187592 83 188105 81 188617 81 189130 79 189643 71 190157 67 190671 64 191187 58 191717 37
test_0040_2,0 0
test_0040_3,0 0
test_0041_1,0 0
test_0041_2,26250 5 26760 10 27271 12 27783 13 28296 12 28809 11 29323 8 59525 9 60036 11 60548 12 61061 11 61574 10 62088 7 71032 8 71543 11 72055 11 72567 11 73080 10 73594 7 74109 2 178987 8 179497 10 180008 12 180520 11 181032 11 181545 8
test_0041_3,0 0
test_0042_1,0 0
test_0042_2,0 0
test_0042_3,18538 2 19049 3 19560 4 20072 4 20584 3 21096 3 21607 4 22119 4 22630 5 23142 4 23654 4 24165 4 24677 4 25189 4 25701 4 26213 4 26724 5 27236 5 27748 5 28260 5 28772 4 29284 4 29796 4 30308 4 30820 4 31331 5 31843 5 32356 4 32868 3 33000 2 33380 3 33512 5 33892 3 34025 6 34404 3 34539 7 34916 3 35054 6 35428 3 35568 6 35940 3 36082 6 36451 3 36596 7 36963 3 37110 7 37475 3 37624 7 37987 3 38138 7 38499 3 38652 7 39011 3 39167 7 39523 3 39682 6 40035 3 40196 6 40546 4 40710 6 41058 4 41224 7 41570 5 41738 7 42082 5 42252 7 42594 4 42766 7 43106 4 43280 6 43618 4 43795 5 44130 4 44309 6 44642 4 44822 7 45154 4 45336 8 45666 3 45851 7 46178 3 46365 6 46690 3 46879 6 47202 4 47393 6 47714 4 47907 6 48226 5 48420 7 48738 5 48934 7 49250 6 49448 8 49763 5 49963 6 50275 5 50478 5 50787 5 50991 7 51299 5 51505 7 51811 5 52019 6 52323 5 52533 6 52836 4 53047 6 53348 4 53560 7 53860 5 54074 7 54373 4 54588 7 54885 4 55102 7 55398 3 55616 7 55910 4 56131 6 56422 4 56645 6 56934 5 57159 6 57446 6 57673 6 57959 5 58187 6 58471 5 58701 6 58984 5 59215 6 59497 4 59729 6 60010 4 60243 7 60522 5 60756 7 61035 4 61270 7 61548 4 61785 6 62060 4 62299 5 62573 3 62813 5 63085 4 63326 6 63598 4 63840 5 64110 4 64354 6 64623 4 64868 5 65135 5 65381 5 65648 4 65895 5 66160 5 66409 6 66673 5 66922 6 67186 4 67436 5 67699 4 67950 5 68212 4 68463 5 68724 4 68976 6 69237 4 69490 6 69750 4 70004 5 70262 5 70518 3 70775 4 71288 4 71800 4 72313 4 72826 4 73338 5 73851 5 74364 4 74877 4 75390 4 75902 5 76415 5 76928 5 77440 5 77954 3 114763 4 115275 6 115788 7 116302 7 116816 7 117331 7 117845 7 118359 7 118873 7 119387 7 119901 7 120415 8 120930 8 121445 7 121959 8 122473 8 122988 6 125804 4 126315 4 126825 5 127336 5 127846 5 128357 5 128868 5 129379 5 129890 5 130401 5 130912 5 131422 6 131933 5 132444 5 132954 6 133465 6 133976 5 134486 6 134997 5 135507 6 136018 6 136529 5 137040 5 137551 5 138062 4 138573 4 139084 4 139595 4 140106 4 140617 4 141127 5 141637 5 142148 5 142659 5 143170 4 143681 4 144192 4 144703 4 145214 4 145725 4 146236 4 146747 4 147258 4 147769 4 148280 4 148791 4 149302 4 149813 4 150324 4 150835 4 151346 4 151857 5 152368 5 152879 5 153390 5 153902 4 154413 4 154924 4 155435 4 155947 3 156458 4 156969 4 157480 4 157991 4 158502 4 159013 5 159524 5 160035 5 160546 4 161057 5 161568 4 162079 5 162590 5 163101 5 163613 4 164123 5 164634 5 165145 5 165656 5 166167 5 166678 5 167189 5 167700 5 168211 5 168722 5 169234 4 169745 4 184460 2 184971 4 185484 3 185996 3 186508 4 187020 4 187532 4 188044 5 188556 5 189069 4 189581 4 190093 5 190605 5 191117 5 191630 4 192142 4 192654 5 193166 5 193679 5 194192 4 194705 3 195217 4 195730 4 196242 4 196755 4 197268 4 197780 5 198293 4 198806 4 199318 4 199831 4 200344 4 200856 5 201369 5 201882 5 202395 5 202908 5 203421 5 203934 5 204447 4 204960 4 205472 5 205986 4 206498 5 207011 5 207524 5 208037 5 208550 5 209063 5 209576 4 210089 4 210602 4 211115 4 211628 4 212140 5 212654 4 213166 5 213679 5 214192 6 214705 6 215218 6 215732 5 216245 5 216758 6 217272 5 217785 5 218299 5 218812 5 219326 4 219839 5 220352 5 220865 5 221378 5 221892 5 222405 5 222918 6 223432 5 223945 5 224458 6 224972 5 225485 5 225998 6 226512 6 227025 6 227538 6 228052 5 228565 6 229078 6 229592 6 230106 6 230619 6 231132 7 231646 6 232160 5 232674 1
test_0043_1,106340 8 106351 4 106850 18 107361 19 107873 19 108384 21 108896 21 109407 23 109920 22 110432 23 110944 23 111457 22 111969 21 112482 20 112995 18 113509 15 114023 11
test_0043_2,0 0
test_0043_3,0 0
test_0044_1,0 0
test_0044_2,0 0
test_0044_3,160650 3 161162 3 161674 4 162186 4 162434 1 162698 5 162946 7 163211 5 163458 11 163723 5 163972 14 164236 4 164490 11 164748 4 165005 14 165261 3 165522 12 165773 4 166037 13 166285 4 166555 11 166798 4 167070 10 167310 4 167588 5 167822 4 168334 4 168847 4 169359 4 169871 5 170384 4 170896 4 171409 4 171922 3 172434 4 172946 4 173459 4 173971 4 174483 5 174996 5 175508 5 176021 5 176534 4 177046 5 177559 5 178072 4 178584 5 179097 4 179609 5 180122 4 180635 4 181148 4 181660 4 182173 4 182686 4 183198 5 183711 4 184224 4 184736 4 185249 4 185762 4 186274 4 186787 4 187300 3 187812 4 188325 3 188837 4 189350 4 189862 4 190375 4 190887 5 191400 4 191912 5 192425 4 192938 4 193450 4 193963 3 194475 4 194988 3 195500 4 196012 4 196525 3 197037 4 197550 4 198062 4 198575 4 199087 4 199600 3
test_0045_1,0 0
test_0045_2,0 0
test_0045_3,155208 3 155720 7 156233 10 156748 12 157264 12 157779 13 158296 11 158811 12 159327 12 159842 14 160358 13 160652 2 160874 14 161163 4 161391 13 161675 4 161906 13 162187 4 162423 18 162699 4 162939 19 163212 4 163458 14 163725 3 163976 13 164237 4 164493 11 164750 3 165008 14 165262 4 165526 12 165774 4 166041 13 166286 4 166559 13 166798 4 167074 14 167310 5 167591 16 167823 4 168107 16 168335 5 168627 12 168847 5 169144 8 169360 4 169872 4 170385 4 170897 4 171410 4 171922 4 172434 4 172947 4 173459 4 173972 4 174484 5 174997 4 175509 5 176022 5 176534 5 177047 5 177560 4 178072 5 178585 5 179098 4 179610 5 180123 4 180636 4 181148 5 181661 4 182174 4 182687 4 183199 4 183712 4 184225 4 184737 4 185250 4 185763 3 186275 4 186788 4 187300 4 187813 3 188326 3 188838 4 189350 4 189863 4 190376 3 190888 4 191400 5 191913 4 192426 3 192938 4 193451 3 193963 4 194476 3 194988 4 195500 4 196013 3 196526 3 197038 3 197551 3 198063 3 198576 3 199088 3 199601 2 217763 1 218267 10 218770 17 219274 20 219742 1 219772 28 220252 54 220764 46 221280 32
test_0046_1,145724 4 146228 19 146738 25 147247 30 147758 36 148268 42 148778 46 149288 54 149799 57 150310 59 150821 61 151333 62 151844 65 152355 67 152867 67 153379 68 153890 69 154402 69 154913 70 155425 70 155937 70 156448 71 156960 70 157472 70 157984 70 158496 70 159008 70 159520 70 160032 70 160544 70 161056 70 161568 70 162080 70 162592 70 163104 70 163616 70 164128 70 164640 70 165152 70 165664 70 166176 70 166688 70 167201 70 167713 70 168225 71 168737 71 169249 71 169762 71 170274 71 170787 70 171299 70 171812 69 172324 69 172837 68 173349 68 173862 67 174374 67 174887 67 175399 67 175912 66 176424 66 176937 65 177449 64 177962 63 178474 63 178987 61 179500 60 180013 59 180526 57 181040 55 181553 54 182066 52 182579 50 183093 46 183609 41 184126 32 184648 4 195969 3 196475 12 196985 15 197494 22 198004 28 198513 34 199024 38 199534 42 200045 44 200556 46 201067 48 201578 49 202090 50 202601 53 203113 54 203624 56 204136 57 204647 59 205159 59 205671 60 206182 61 206694 61 207206 61 207718 61 208230 60 208742 60 209255 59 209767 59 210280 58 210792 58 211305 56 211818 55 212330 55 212843 53 213356 52 213869 51 214382 49 214895 48 215407 47 215920 46 216432 45 216945 43 217458 42 217970 42 218483 41 218996 39 219510 36 220023 34 220536 32 221049 30 221562 28 222074 27 222586 26 223098 25 223610 24 224122 23 224634 23 225149 15
test_0046_2,0 0
test_0046_3,0 0
test_0047_1,0 0
test_0047_2,0 0
test_0047_3,53600 3 54111 4 54621 5 55132 5 55643 5 56154 6 56665 5 57176 5 57687 5 58198 6 58710 5 59221 5 59732 6 60243 6 60754 6 61265 5 61776 5 62286 6 62797 5 63308 5 63819 5 64330 6 64841 6 65352 6 65863 6 66374 6 66885 5 67396 5 67907 5 68417 6 68927 7 69438 6 69948 6 70459 6 70969 7 71480 6 71991 6 72501 7 73011 8 73522 8 74033 8 74543 9 75053 9 75564 9 76074 9 76584 8 77095 8 77605 8 78115 8 78625 7 79134 8 79644 8 80153 8 80664 7 81173 7 81683 7 82194 5 82706 3 94944 2 95456 3 95969 3 96481 3 96994 3 97507 2 98019 3 98531 3 99044 3 99556 4 100069 3 100581 3 101094 3 101606 4 102119 3 102631 3 103144 3 103656 4 104169 3 104681 4 105194 3 105706 4 106219 3 106731 4 107244 3 107756 4 108269 3 108781 4 109294 4 109806 4 110319 3 110831 4 111344 3 111856 4 112368 4 112881 3 113393 4 113906 4 114418 4 114930 4 115443 3 115955 4 116468 3 116980 3 117492 4 118005 3 118517 3 119029 3 119541 4 120054 3 120566 3 121078 3 121590 3 122102 3 122614 4 123126 4 123638 4 124150 4 124662 4 125175 3 125687 4 126199 4 126712 3 127224 3 127736 3 128248 3 128760 3 129272 3 129784 3 130296 3 130808 3 131320 3 131832 3 132344 3 132857 2 152870 4 153383 6 153896 7 154410 7 154924 7 155438 7 155952 7 156466 7 156981 7 157495 7 158009 7 158523 7 159037 8 159551 9 160066 8 160579 8 161093 7 161608 6 162122 6 162636 6 163150 6 163664 6 164178 6 164691 7 165206 6 165719 7 166234 6 166748 6 167262 6 167776 6 168290 5 168804 5 169318 4 169832 1 187090 5 187603 8 188118 8 188632 9 189148 8 189662 9 190177 9 190691 11 191206 12 191720 15 192236 14 192753 13 193271 10 193787 10 194303 9 194818 9 195334 8 195849 10 196364 10 196880 9 197396 9 197911 9 198426 8 198941 7 199456 7 199970 7 200484 7 200999 6 201513 7 202027 6 202541 6 203055 5 203568 6 204082 6 204596 6 205110 5 205623 5 206136 6 206650 5 207163 5 207676 5 208189 5 208702 6 209215 6 209728 6 210242 5 210755 5 211268 5 211781 5 212294 4 212807 5 213320 5 213833 5 214346 5 214859 5 215372 4
test_0048_1,0 0
test_0048_2,54911 8 55421 12 55932 14 56443 15 56955 14 57467 14 57980 12 58494 7
test_0048_3,0 0
test_0049_1,0 0
test_0049_2,0 0
test_0049_3,62311 11 62817 16 63321 21 63827 18 64331 20 64838 18 65344 21 65844 3 65850 17 66349 26 66856 25 67363 26 67866 30 68374 28 68882 28 69391 23 69901 20 70409 14 70915 15 71422 16 71927 15 72434 17 72943 12 73455 8 95346 4 95858 6 96372 6 96886 6 97400 6 97914 6 98090 1 98428 6 98602 3 98942 6 99114 5 99456 6 99627 4 99970 6 100140 4 100484 6 100653 4 100998 6 101166 4 101512 6 101678 5 102026 7 102192 4 102540 7 102704 5 103054 10 103217 5 103568 10 103730 5 104082 9 104243 5 104596 9 104756 5 105110 9 105268 6 105623 9 105781 6 106137 9 106294 6 106651 8 106808 4 107165 8 107320 5 107678 8 107833 5 108192 7 108346 5 108705 7 108859 5 109219 7 109372 5 109732 7 109885 5 110246 7 110398 5 110759 7 110911 6 111273 6 111423 7 111786 7 111936 7 112300 6 112448 7 112814 5 112960 8 113327 6 113472 9 113840 6 113985 9 114354 5 114498 9 114867 6 115011 8 115380 6 115524 8 115893 6 116037 8 116406 6 116549 9 116920 5 117062 8 117433 5 117575 8 117946 6 118088 8 118459 6 118601 8 118972 6 119114 7 119486 5 119627 6 119999 5 120139 6 120512 6 120652 6 121026 5 121165 5 121539 5 121677 6 122052 5 122190 6 122438 1 122565 5 122703 6 122950 2 123078 5 123216 5 123462 2 123592 4 123728 6 123974 3 124104 5 124241 5 124486 4 124617 5 124754 5 124998 4 125130 5 125267 5 125511 3 125643 5 125780 5 126023 4 126156 5 126292 6 126535 4 126669 5 126805 5 127048 4 127182 5 127318 5 127560 4 127695 6 127831 5 128072 5 128208 6 128344 5 128584 6 128720 7 128857 5 129098 5 129233 7 129370 5 129610 5 129746 8 129883 5 130123 5 130260 7 130396 5 130634 6 130774 5 130908 6 131145 8 131288 2 131422 5 131657 8 131934 6 132171 6 132448 5 132685 5 132960 6 133198 4 133473 6 133711 3 133986 6 134223 4 134499 5 134736 3 135012 6 135248 4 135525 5 135761 3 136038 5 136273 3 136551 5 136786 3 137064 5 137298 4 137577 5 137811 3 138090 5 138323 3 138603 5 138836 3 139116 5 139348 3 139629 5 139861 2 140142 4 140655 4 141168 4 141681 3 173739 5 174251 10 174765 13 175282 12 175798 14 176314 15 176833 13 177349 14 177867 16 178383 19 178903 24 179420 25 179941 27 180462 25 180985 23 181506 20 182027 18 182544 19 183064 16 183582 14 184100 11 184616 12 185132 11 185647 12 186164 10 186679 7
test_0050_1,25406 10 25916 23 26426 29 26935 35 27444 42 27955 52 28465 56 28976 58 29486 62 29997 65 30508 67 31019 69 31530 70 32042 70 32553 71 33065 71 33577 71 34089 72 34601 72 35114 71 35626 72 36139 71 36651 71 37164 70 37677 69 38190 68 38703 67 39215 67 39728 66 40242 63 40755 61 41269 58 41784 54 42300 49 42816 43 43332 37 43847 26 44361 24 44884 12 45403 5
test_0050_2,0 0
test_0050_3,0 0
test_0051_1,0 0
test_0051_2,111947 4 112457 8 112968 11 113480 12 113992 12 114504 11 115017 8 115530 4
test_0051_3,0 0
test_0052_1,0 0
test_0052_2,0 0
test_0052_3,176041 3 176552 4 177064 4 177576 4 178087 4 178598 5 179110 4 179621 5 180133 4 180644 5 181156 4 181667 5 182179 5 182690 6 183202 6 183714 4 184225 5 184737 4 185248 4 185760 4 186271 4 186783 4 187295 3 187806 4 188318 3 188829 4 189340 5 189852 4 190364 4 190876 4 191388 4 191899 4 192411 4 192923 3 193435 3 193946 4 194458 4 194970 4 195482 3 195994 3 196505 4 197017 3 197529 3 198040 4 198552 4 199064 4 199576 3 200088 3 200599 4 201111 3 201622 4 202134 4 202646 4 203158 3 203670 3 204182 3 204694 3 205206 3 205718 3 206229 4 206741 4 207253 3 207765 3 208277 3 208789 3 209300 4 209812 4 210324 4 210837 3 211349 3 211861 3 212372 4 212884 4 213396 4 213908 4 214420 4 214932 4 215444 4 215956 4 216469 3 216981 3 217493 3 218005 3 218518 2
test_0053_1,116111 4 116619 12 117130 15 117638 21 118147 29 118658 37 119168 41 119679 43 120191 44 120702 45 121213 47 121724 48 122236 48 122748 47 123259 48 123771 48 124283 49 124795 49 125307 49 125819 49 126332 48 126844 48 127356 47 127869 46 128382 44 128894 44 129407 42 129920 40 130433 38 130946 36 131458 35 131971 33 132484 31 132998 29 133511 27 134023 26 134536 25 135049 23 135561 23 136074 21 136586 21 137099 20 137612 19 138124 19 138637 18 139149 19 139661 19 140173 20 140685 20 141197 20 141709 21 142221 22 142733 23 143245 24 143757 26 144269 28 144781 30 145293 31 145805 33 146317 35 146830 36 147342 38 147383 2 147855 44 148368 44 148882 42 149395 41 149907 41 150420 39 150935 35 151450 32 151969 24 152483 22 152999 17 153513 14 154027 10 154543 6
test_0053_2,0 0
test_0053_3,0 0
test_0054_1,117404 24 117910 37 118420 42 118468 8 118930 60 119440 65 119951 68 120462 70 120973 72 121484 73 121995 75 122507 77 123018 79 123530 80 124042 81 124553 83 125065 84 125577 85 126088 86 126600 87 127112 87 127624 88 128136 88 128648 89 129160 90 129672 90 130184 90 130696 90 131208 91 131721 90 132234 89 132746 89 133259 87 133771 87 134284 86 134797 85 135310 83 135823 82 136336 81 136850 78 137363 77 137877 74 138391 71 138905 68 139418 66 139931 64 140444 61 140958 57 141472 53 141987 47 142501 43 143017 37 143536 27 144053 4 162181 9 162690 15 163199 19 163709 26 164220 31 164730 35 165242 36 165753 39 166264 41 166775 44 167287 46 167799 49 168310 51 168822 52 169334 53 169847 53 170359 53 170872 56 171385 57 171898 61 172412 63 172925 64 173438 64 173952 64 174465 64 174979 62 175493 61 176007 59 176521 57 177035 56 177548 55 178061 53 178574 52 179087 51 179601 49 180114 47 180627 46 181140 44 181653 43 182167 40 182680 37 183194 33 183710 27 184225 22 184740 17 198334 11 198845 14 199356 18 199867 20 200377 24 200888 27 201400 30 201911 32 202423 34 202934 35 203446 36 203958 36 204471 35 204983 35 205496 33 206009 32 206522 30 207036 27 207548 27 208061 24 208574 22 209089 4
test_0054_2,0 0
test_0054_3,0 0
test_0055_1,156569 5 157069 23 157578 28 158086 34 158596 37 159105 41 159614 49 160124 54 160634 58 161146 59 161657 62 162168 63 162680 64 163192 65 163703 68 164215 69 164727 70 165240 69 165752 69 166264 69 166776 68 167289 67 167801 67 168313 67 168826 66 169338 66 169851 65 170363 65 170876 63 171389 61 171902 60 172415 58 172928 56 173442 52 173955 50 174468 48 174981 46 175493 44 176007 40 176520 37 177034 32 177549 27 178065 20
test_0055_2,0 0
test_0055_3,0 0
test_0056_1,0 0
test_0056_2,0 0
test_0056_3,29473 3 29985 4 30498 5 31012 5 31525 5 32038 6 32552 5 33066 5 33579 6 34093 5 34606 5 35119 5 35632 6 36146 6 36659 6 37173 5 37686 6 38009 2 38200 5 38520 3 38714 4 39031 4 39227 5 39543 4 39740 5 40054 4 40253 5 40566 4 40766 6 41077 4 41280 5 41589 4 41793 5 42100 4 42306 5 42612 4 42820 4 43123 5 43333 5 43635 4 43846 6 44147 4 44360 6 44658 5 44873 5 45170 5 45387 5 45682 4 45900 5 46194 4 46413 5 46706 4 46926 5 47218 4 47439 6 47730 3 47952 6 48241 4 48466 5 48753 4 48979 4 49265 3 49492 4 49776 4 50004 5 50288 4 50517 5 50799 5 51030 5 51311 4 51544 4 51823 4 52056 5 52334 4 52569 5 52846 4 53082 5 53358 4 53595 5 53869 4 54108 5 54381 4 54621 5 54893 4 55134 5 55405 4 55647 4 55916 4 56160 4 56428 4 56673 4 56940 4 57186 4 57451 4 57699 4 57963 3 58212 4 58474 4 58724 5 58986 3 59237 5 59497 4 59750 5 60009 3 60263 5 60520 4 60776 5 61032 3 61289 5 61543 4 61802 4 62056 3 62315 4 62828 4 63340 4 63853 4 64365 5 64878 4 65391 4 65904 4 66416 4 66929 3 67441 4 67954 4 68466 4 68979 4 69491 5 70004 4 70516 5 71028 5 71540 5 72052 5 72565 4 73077 4 73589 4 74101 4 74614 3 75126 3 75638 4 76151 3 76663 3 77176 1 91889 4 92400 4 92911 5 93421 5 93932 5 94443 5 94954 5 95465 5 95976 5 96487 5 96998 5 97509 5 98020 5 98531 5 99043 4 99554 4 100065 4 100577 3 101088 4 101599 4 102110 4 102621 4 103132 4 103643 4 104154 4 104665 5 105176 5 105687 5 106198 5 106709 5 107221 4 107732 4 108243 4 108754 4 109265 5 109777 4 110288 4 110799 4 111310 4 111821 4 112332 4 112843 5 113354 4 113865 4 114376 4 114887 5 115398 4 115909 4 116420 4 116931 4 117442 5 117953 5 118464 4 118975 4 119486 4 119996 5 120507 5 121017 5 121528 5 122039 5 122550 5 123061 5 123572 5 124083 5 124593 5 125103 6 125614 6 126125 6 126636 5 126775 6 127147 5 127286 13 127657 6 127800 20 128168 6 128317 19 128678 6 128837 16 129189 6 129354 17 129700 5 129873 15 130211 5 130390 14 130721 6 130909 11 131232 6 131424 11 131743 5 131942 10 132254 5 132457 10 132765 5 132973 9 133276 5 133488 11 133787 5 134003 11 134298 5 134517 13 134809 5 135034 11 135320 5 135549 12 135833 2 136065 12 136581 11 137097 9 137613 8 138128 8 138643 8 139157 8 139672 7 140186 8 140701 7 141215 8 141730 7 142244 8 142759 7 143273 7 143787 7 144301 8 144815 10 145329 10 145843 9 146359 7 146873 7 147387 7 147902 6 148416 5 148930 5 149444 5 149958 4 150472 3 183683 4 184195 5 184708 4 185220 4 185733 4 186246 3 186758 4 187271 4 187784 3 188296 4 188809 4 189322 4 189835 4 190348 3 190860 4 191373 4 191632 2 191886 3 192144 4 192398 4 192657 5 192911 4 193170 6 193424 3 193684 5 193936 4 194198 4 194449 4 194711 5 194962 4 195224 6 195474 5 195738 5 195987 5 196252 5 196500 4 196766 5 197012 4 197279 6 197525 4 197793 5 198038 3 198307 5 198550 4 198821 5 199063 3 199334 6 199575 4 199848 6 200087 5 200362 6 200600 4 200875 7 201112 5 201388 8 201625 4 201903 6 202138 4 202418 5 202650 5 202932 5 203162 5 203446 5 203675 5 203960 6 204188 4 204473 7 204700 5 204988 6 205213 4 205502 6 205725 4 206016 6 206238 4 206530 7 206750 4 207044 7 207263 3 207558 7 207775 4 208072 6 208287 4 208586 6 208800 4 209100 5 209312 4 209614 5 209824 4 210127 6 210336 4 210641 6 210848 4 211155 6 211360 5 211669 6 211872 5 212183 6 212384 5 212698 6 212896 5 213212 6 213408 5 213726 6 213920 5 214240 6 214433 4 214754 6 214946 3 215268 6 215458 3 215781 7 215970 4 216295 7 216482 4 216810 6 216994 4 217324 7 217506 4 217838 7 218018 4 218352 7 218530 4 218866 7 219042 3 219380 7 219554 3 219894 7 220066 3 220408 6 220578 3 220922 7 221090 3 221437 6 221602 3 221950 7 222114 3 222464 8 222626 3 222979 8 223138 3 223493 8 223650 3 224008 6 224161 4 224522 6 224673 4 225036 7 225185 4 225550 7 225697 4 226064 7 226208 5 226578 7 226720 5 227092 8 227232 4 227607 7 227744 4 228122 6 228256 4 228638 1 228768 5 229280 5 229792 5 230304 5 230816 5 231328 5 231840 4 232352 4 232863 5 233375 5 233887 5 234399 5 234911 4 235423 4 235935 4 236447 4 236959 4 237470 4 237982 4 238494 4 239006 4 239517 4 240029 4 240541 3 241052 4 241564 4 242076 4 242588 3 243101 2
test_0057_1,0 0
test_0057_2,119644 3 120154 8 120665 10 121176 12 121688 12 122199 12 122712 10 123224 6
test_0057_3,0 0
test_0058_1,0 0
test_0058_2,0 0
test_0058_3,31001 3 31513 5 32026 5 32540 5 33053 5 33566 6 34080 5 34593 6 35107 5 35620 6 36134 5 36647 5 37160 5 37674 5 38187 5 38701 5 39214 5 39727 6 40240 6 40754 5 41267 5 41780 6 42294 5 42807 5 43321 4 43834 4 44347 5 44860 5 45373 6 45887 5 46400 5 46914 5 47427 5 47940 5 48453 5 48966 6 49479 6 49992 6 50505 5 51018 5 51531 5 52044 5 52557 5 53070 4 53583 4 54096 4 54609 4 55122 4 55635 4 56148 4 56661 4 57174 4 57687 4 58200 4 58712 5 59225 5 59738 4 60250 5 60763 5 61276 5 61789 5 62302 5 62815 5 63328 4 63841 4 64354 4 64866 4 65379 4 65891 5 66404 4 66917 4 67430 3 67942 3 68455 3 68967 4 69480 4 69992 4 70505 4 71017 4 71530 4 72042 4 72554 5 73066 5 73578 5 74090 5 74602 5 75114 5 75627 4 76139 4 76652 3 77164 3 77676 3 78188 3 78701 2 93413 5 93924 5 94435 5 94946 5 95457 5 95968 4 96479 5 96990 5 97501 5 98012 5 98523 5 99034 5 99545 4 100056 4 100567 4 101078 4 101589 4 102100 4 102611 4 103122 4 103633 4 104144 5 104656 4 105167 4 105678 4 106189 4 106701 3 107212 4 107723 4 108234 4 108745 4 109256 4 109767 5 110278 4 110789 4 111300 4 111811 4 112322 4 112833 5 113344 4 113855 5 114366 4 114877 4 115388 4 115899 4 116410 4 116921 4 117432 4 117943 5 118454 5 118965 5 119476 5 119987 4 120497 5 121008 5 121518 6 122029 5 122540 4 123051 4 123562 4 124073 4 124583 6 125094 6 125604 6 126115 6 126626 5 127137 5 127648 5 128158 6 128669 5 129179 6 129690 5 130201 5 130711 5 131222 5 131732 6 131921 4 132243 6 132433 9 132754 5 132948 10 133265 5 133463 10 133776 5 133979 9 134287 5 134494 10 134798 5 135009 11 135309 4 135524 12 135820 4 136040 11 136331 4 136554 13 136844 2 137071 11 137586 12 138102 11 138617 10 139134 8 139649 8 140163 8 140678 8 141193 8 141708 6 142222 7 142737 7 143251 7 143766 7 144280 7 144794 7 145308 7 145822 7 146336 7 146850 7 147364 8 147878 7 148393 5 148908 1 185205 1 185716 4 186228 4 186741 3 187254 3 187766 4 188279 3 188792 3 189304 4 189817 4 190330 4 190842 4 191355 4 191868 4 192128 1 192380 4 192639 4 192893 4 193152 5 193406 3 193666 4 193919 3 194179 5 194431 4 194693 4 194944 4 195206 5 195456 4 195720 4 195969 4 196233 5 196482 4 196747 5 196994 5 197260 6 197507 5 197774 5 198020 4 198288 5 198532 5 198801 6 199045 4 199315 6 199557 4 199829 5 200070 4 200343 5 200582 4 200856 6 201095 4 201370 6 201608 4 201883 7 202120 4 202396 8 202632 5 202911 6 203145 4 203425 6 203658 4 203940 5 204170 5 204453 6 204683 4 204968 5 205195 5 205481 6 205708 4 205995 6 206220 4 206509 7 206732 5 207024 6 207245 4 207537 7 207758 4 208051 7 208270 4 208565 7 208782 4 209079 7 209295 3 209593 7 209807 4 210107 6 210320 3 210621 5 210832 4 211134 6 211344 4 211648 6 211856 4 212162 6 212368 4 212676 6 212880 4 213190 6 213392 4 213704 7 213904 4 214218 7 214416 5 214733 6 214928 5 215247 5 215440 5 215761 5 215953 4 216274 6 216465 4 216788 6 216978 3 217302 6 217490 3 217816 7 218002 3 218331 6 218514 3 218845 6 219026 3 219359 6 219537 4 219873 6 220049 4 220387 6 220561 4 220901 7 221074 3 221415 6 221586 3 221929 5 222098 3 222443 6 222609 4 222956 7 223121 4 223470 7 223633 4 223985 7 224145 4 224499 7 224657 4 225013 7 225169 4 225527 7 225681 3 226042 6 226193 3 226556 6 226705 3 227070 6 227216 4 227584 6 227728 3 228098 8 228240 4 228612 8 228752 4 229127 7 229264 3 229642 5 229776 3 230156 2 230287 4 230799 4 231311 4 231823 5 232335 5 232846 6 233358 5 233870 5 234382 5 234894 5 235406 5 235918 4 236430 4 236942 4 237454 4 237966 4 238478 4 238989 5 239501 4 240012 5 240524 4 241036 4 241548 4 242060 3 242571 4 243083 4 243595 3 244106 4 244618 4 245131 2
test_0059_1,0 0
test_0059_2,98111 5 98621 11 99132 14 99644 15 100155 15 100667 15 101180 12 101692 10 102206 6 194749 9 195260 10 195772 10 196284 9 196797 5
test_0059_3,0 0
test_0060_1,146629 4 146641 11 147138 47 147193 14 147648 80 148158 95 148669 105 149179 109 149690 111 150201 113 150712 114 151223 116 151734 117 152246 118 152757 119 153268 121 153779 122 154291 122 154802 124 155314 124 155825 126 156337 126 156849 127 157361 127 157874 126 158386 125 158899 124 159412 123 159926 121 160439 120 160953 118 161466 116 161979 115 162493 112 163006 110 163520 108 164034 105 164549 101 165063 98 165578 94 166093 91 166612 84 167128 79 167645 74 168162 68 168679 63 169195 58 169711 52 170226 48 170743 42 171259 30 171292 1 171776 21
test_0060_2,0 0
test_0060_3,0 0
test_0061_1,0 0
test_0061_2,0 0
test_0061_3,111447 5 111960 8 112473 10 112988 10 113503 10 114018 10 114534 9 115049 10 115564 10 116079 11 116595 10 117110 12 117626 10 118141 11 118657 10 119172 12 119688 12 120202 13 120721 10 121237 9 121753 9 122268 11 122783 12 123298 12 123815 12 124332 9 124850 3
test_0062_1,120139 4 120645 14 121154 23 121662 30 122170 37 122680 41 123188 46 123694 52 124196 63 124705 66 125216 68 125725 71 126235 73 126745 75 127255 77 127766 78 128277 79 128788 79 129299 79 129810 80 130320 81 130831 81 131342 81 131853 81 132364 81 132875 81 133386 81 133898 80 134409 80 134920 80 135431 80 135942 79 136454 78 136965 77 137476 77 137987 77 138498 77 139009 76 139520 76 140032 75 140543 75 141055 74 141566 74 142078 73 142589 73 143100 73 143612 72 144123 72 144634 72 145146 71 145658 70 146169 70 146681 69 147193 68 147705 68 148216 68 148728 67 149240 66 149751 66 150263 66 150775 65 151286 65 151797 66 152309 66 152820 66 153331 67 153842 67 154354 67 154866 67 155378 67 155890 67 156402 66 156914 66 157426 66 157938 66 158450 66 158962 66 159474 66 159986 66 160498 66 161010 66 161522 67 162034 67 162546 67 163058 68 163570 68 164082 68 164594 68 165106 68 165618 69 166130 69 166642 69 167154 70 167666 70 168178 70 168690 71 169202 71 169714 72 170226 73 170739 73 171251 74 171763 75 172275 75 172787 76 173300 75 173812 76 174325 76 174837 77 175350 76 175862 78 176375 79 176888 80 177401 80 177914 80 178426 82 178939 83 179451 84 179964 85 180477 85 180990 85 181502 87 182015 88 182528 88 183041 87 183554 87 184067 87 184580 87 185093 88 185605 90 186118 90 186631 90 187144 90 187657 89 188170 89 188683 89 189196 89 189709 88 190222 88 190735 87 191249 85 191762 84 192276 82 192789 81 193302 80 193816 78 194330 75 194843 74 195356 73 195870 70 196383 69 196896 67 197410 64 197923 63 198436 61 198949 59 199463 56 199978 51 200492 48 201006 44 201521 38 202037 32 202567 1 202574 5
test_0062_2,0 0
test_0062_3,0 0
test_0063_1,79217 5 79698 40 80208 44 80718 47 81227 51 81736 55 82244 60 82754 63 83264 66 83774 69 84286 70 84796 72 85308 72 85819 74 86330 75 86842 75 87353 76 87865 76 88376 77 88888 77 89401 76 89913 76 90425 75 90938 74 91450 73 91962 73 92474 72 92986 71 93500 68 94013 66 94527 61 95041 55 95554 49 96068 44 96581 43 97095 39 97610 35 98128 6 98140 5 98149 7
test_0063_2,0 0
test_0063_3,0 0
test_0064_1,100654 4 101161 14 101668 25 102176 31 102685 35 103196 38 103707 41 104218 44 104730 46 105242 47 105753 49 106264 50 106776 50 107288 50 107799 51 108311 52 108823 52 109335 52 109847 52 110359 52 110872 50 111384 50 111897 48 112409 47 112922 45 113435 43 113948 41 114461 39 114974 36 115487 32 116000 30 116513 28 117027 25 117544 17 118064 1
test_0064_2,0 0
test_0064_3,0 0
test_0065_1,0 0
test_0065_2,0 0
test_0065_3,25150 1 25301 3 25662 3 25811 5 26174 3 26322 4 26687 3 26833 4 27200 4 27344 4 27712 4 27855 4 28225 4 28366 4 28738 4 28876 5 29250 4 29386 5 29763 4 29897 5 30276 4 30407 5 30789 4 30917 6 31302 4 31428 6 31815 4 31938 6 32328 4 32449 6 32840 4 32959 6 33353 4 33470 5 33866 4 33981 5 34378 4 34492 4 34891 4 35002 5 35404 4 35513 5 35917 4 36023 5 36430 4 36534 5 36942 5 37045 5 37455 4 37556 5 37968 4 38067 5 38480 4 38577 5 38993 4 39088 5 39506 4 39598 6 40019 3 40109 6 40531 4 40620 5 41044 4 41131 5 41556 4 41642 4 42069 4 42152 5 42582 3 42662 6 43094 4 43173 5 43607 4 43683 6 44120 3 44194 6 44632 4 44704 6 45145 3 45215 6 45658 3 45726 5 46170 3 46237 5 46683 2 46748 4 47258 5 47768 5 48279 5 48790 4 49300 5 49810 7 50321 6 50831 6 51341 6 51852 5 52363 4 52874 4 53384 5 53894 5 54405 5 54917 3 104156 5 104668 7 105182 6 105696 6 106210 7 106724 7 107238 7 107752 7 108266 7 108780 7 109294 7 109808 7 110322 7 110836 8 111350 9 111865 8 112380 7 112894 7 113409 7 113924 6 114438 7 114952 7 115466 8 115981 7 116495 7 117010 6 117523 8 118038 7 118552 7 119066 7 119580 8 120094 8 120609 7 121124 6 121638 7 122152 7 122667 7 123181 7 123695 8 124210 7 124724 8 125239 8 125753 8 126268 7 126783 6 127297 6 127811 7 128325 7 128840 6 129354 6 129868 7 130382 6 130896 7 131410 6 131924 7 132439 6 132953 6 133467 5 133980 6 134494 7 135009 6 135523 5 136038 3 136852 2 137363 3 137874 4 138385 4 138897 3 139408 3 139919 4 140431 3 140942 4 141453 4 141965 3 142476 4 142987 4 143499 3 144010 4 144521 4 145032 5 145544 4 146055 4 146566 4 147078 4 147589 4 148101 4 148612 4 149123 5 149635 4 150146 4 150658 4 151169 4 151680 4 152192 4 152703 4 153215 4 153726 4 154238 4 154749 4 155261 3 155772 4 156284 3 156795 4 157307 3 157818 4 157914 1 158330 3 158425 2 158841 4 158936 3 159353 3 159448 3 159865 3 159960 3 160376 4 160472 3 160888 3 160984 3 161400 3 161495 4 161912 3 162007 3 162423 3 162518 4 162935 3 163030 4 163446 4 163542 4 163958 4 164054 4 164470 4 164566 3 164982 3 165078 3 165494 3 165590 3 166005 4 166102 3 166517 3 166614 3 167029 3 167126 3 167540 4 167638 3 168052 4 168150 3 168564 3 168662 3 169076 3 169174 3 169588 3 169686 3 170099 3 170198 3 170611 3 170710 3 171123 3 171222 3 171635 3 171734 3 172146 3 172246 3 172658 3 172758 3 173170 3 173270 3 173682 3 173782 3 174194 3 174294 3 174706 2 174806 3 175217 3 175318 3 175729 3 175830 3 176240 4 176342 3 176752 4 176854 4 177264 3 177366 4 177776 3 177878 4 178288 3 178390 4 178800 3 178902 4 179312 3 179414 4 179824 2 179926 4 180335 3 180438 4 180847 3 180950 4 181358 4 181462 5 181870 4 181974 5 182382 3 182486 5 182895 2 182998 5 183510 5 184022 5 184534 5 185046 5 185558 5 186070 5 186582 5 187094 5 187606 5 188118 4 188630 4 189143 3 189655 4 190167 4 190679 4 191191 4 191703 4 192214 5 192726 5 193238 5 193750 4 194262 4 194774 5 195286 5 195798 5 196310 5 196822 5 197334 5 197846 5 198358 4 198870 4 199382 4 199894 4 200406 4 200918 4 201430 4 201942 3 202453 4 202965 4 203477 4 203988 5 204500 4 205012 4 205524 4 206036 4 206549 3 207061 3 207573 2 225446 1 225957 29 226470 34 226991 61 227524 38
test_0066_1,0 0
test_0066_2,105723 5 106234 7 106745 9 107257 9 107770 7 118599 5 118608 2 119110 13 119622 13 120133 13 120646 10 121159 7
test_0066_3,0 0
test_0067_1,0 0
test_0067_2,49952 2 50461 7 50972 8 51483 9 51996 7 52511 1 154455 6 154965 9 155476 10 155987 10 156500 8 157012 6 216787 2 217298 6 217809 7 218321 8 218833 7 219346 5
test_0067_3,0 0
test_0068_1,43905 3 44413 9 44920 16 45431 19 45942 21 46453 23 46947 8 46956 1 46965 23 47457 43 47968 44 48479 45 48990 45 49501 46 50012 47 50524 47 51035 48 51546 49 52057 51 52569 51 53080 52 53591 53 54103 53 54614 54 55126 54 55638 54 56150 54 56661 56 57173 56 57684 57 58196 57 58708 57 59219 58 59731 59 60242 60 60754 61 61266 60 61778 60 62289 62 62801 63 63313 64 63825 64 64337 65 64849 65 65361 66 65873 66 66385 68 66898 61 66960 5 67411 70 67923 58 67982 16 68436 76 68948 78 69460 78 69972 79 70484 79 70997 78 71509 78 72022 77 72535 75 73049 73 73561 72 74074 70 74586 69 75099 67 75612 65 76125 63 76640 57 77153 53 77667 48 78180 42 78693 29 79206 27 79722 22 80235 16 80749 13 81271 2 116005 1 116512 10 116998 6 117021 16 117502 49 118010 55 118515 63 119023 68 119533 71 120043 73 120553 76 121063 78 121574 79 122085 81 122596 82 123106 85 123617 86 124128 87 124639 89 125149 92 125660 93 126170 96 126680 98 127191 99 127701 100 128211 102 128720 105 129230 107 129734 116 130235 127 130746 128 131257 128 131768 128 132280 128 132792 128 133304 128 133816 128 134327 129 134839 129 135351 129 135861 130 136371 132 136882 133 137394 132 137907 128 138421 124 138934 122 139447 120 139959 117 140473 112 140985 106 141498 103 142010 102 142522 101 143034 99 143546 98 144058 96 144570 94 145082 91 145595 88 146107 86 146619 85 147131 84 147642 84 148154 83 148665 84 149177 83 149689 84 150200 85 150711 85 151223 83 151735 77 152247 73 152759 69 153271 68 153782 69 154294 68 154805 69 155316 69 155828 68 156339 69 156850 69 157362 68 157874 68 158386 67 158898 66 159410 65 159922 65 160434 64 160946 62 161458 60 161970 59 162482 58 162994 57 163506 55 164018 44 164064 6 164531 41 165043 40 165556 38 166069 36 166583 33 167097 30 167609 29 168122 26 168641 13 228259 3 228766 14 229266 29 229770 39 230278 45 230787 50 231296 55 231805 59 232314 63 232824 66 233334 68 233844 71 234352 75 234856 83 235364 87 235874 89 236384 92 236895 93 237406 94 237917 95 238429 95 238941 95 239453 95 239965 94 240477 94 240990 92 241502 89 242016 85 242529 83 243042 81 243556 78 244077 4 244084 61 244605 51 245123 43 245638 39 246153 34 246667 2 246673 24 247188 19 247704 8 251784 6 252295 8 252806 11 253318 11 253830 8 254343 4
test_0068_2,0 0
test_0068_3,0 0
test_0069_1,65660 4 66168 12 66679 13 66863 7 67190 14 67374 14 67702 13 67866 5 67886 18 68214 13 68378 5 68398 20 68725 13 68890 1 68892 1 68910 20 69237 14 69402 3 69406 1 69422 22 69749 16 69908 11 69934 22 70261 19 70417 15 70445 24 70773 26 70922 23 70956 26 71286 32 71428 29 71467 27 71798 36 71929 6 71938 32 71978 28 72311 36 72438 45 72491 28 72825 36 72948 49 73002 29 73339 35 73458 85 73853 37 73968 87 74369 35 74478 89 74883 36 74988 91 75399 34 75499 92 75913 33 76010 94 76427 32 76521 95 76940 32 77032 97 77453 32 77543 99 77967 30 78054 101 78480 30 78565 103 78993 30 79077 104 79506 29 79588 106 80018 29 80099 108 80528 31 80610 112 81038 33 81122 113 81550 33 81632 118 82062 26 82091 5 82143 120 82575 24 82603 6 82654 123 83087 24 83116 5 83165 125 83600 22 83628 5 83675 128 84114 19 84140 4 84182 135 84626 19 84652 4 84689 141 85138 19 85164 4 85200 142 85650 19 85676 3 85711 144 86160 21 86188 2 86221 146 86671 22 86699 2 86731 148 87180 33 87242 149 87691 33 87754 149 88202 34 88265 150 88713 35 88768 3 88777 151 89225 35 89279 6 89288 152 89736 35 89790 8 89800 152 90248 30 90302 8 90313 152 90760 27 90814 163 91272 27 91326 162 91784 29 91838 162 92296 32 92350 161 92808 34 92858 165 93320 35 93370 1 93374 16 93391 143 93832 36 93882 1 93886 16 93905 141 94345 35 94386 1 94394 20 94417 140 94857 25 94891 3 94896 3 94905 163 95370 23 95403 167 95571 7 95883 24 95915 165 96085 4 96396 25 96429 162 96909 25 96940 161 97424 22 97452 160 97938 19 97964 36 98001 4 98009 113 98451 16 98477 32 98525 108 98964 10 98991 29 99038 104 99478 5 99504 27 99551 97 100021 18 100065 93 100538 1 100545 2 100579 87 101094 82 101609 72 101685 2 102135 56 102652 17 102671 4 102679 11 102698 3 103195 4
test_0069_2,0 0
test_0069_3,0 0
test_0070_1,0 0
test_0070_2,0 0
test_0070_3,29397 2 29907 4 30418 4 30783 1 30929 4 31295 2 31440 4 31807 3 31951 4 32320 3 32462 4 32832 4 32972 5 33345 4 33483 5 33858 4 33993 5 34371 4 34504 5 34884 4 35015 5 35396 5 35525 5 35909 5 36035 6 36422 4 36546 6 36935 4 37056 6 37448 4 37567 6 37961 4 38078 5 38474 4 38588 5 38987 4 39099 5 39500 4 39610 5 40013 4 40121 5 40525 4 40632 4 41038 4 41143 4 41551 4 41654 4 42063 5 42165 4 42576 5 42675 5 43089 4 43186 5 43602 4 43696 6 44114 4 44207 5 44627 4 44718 5 45140 4 45229 5 45653 3 45740 4 46165 4 46251 4 46678 4 46761 5 47191 4 47272 5 47703 4 47782 6 48216 4 48293 5 48729 4 48804 5 49242 4 49314 5 49754 4 49825 5 50267 4 50335 6 50780 3 50846 6 51293 2 51357 5 51868 4 52379 4 52889 5 53399 5 53910 5 54421 5 54931 6 55441 7 55952 5 56463 5 56974 4 57484 5 57995 5 58505 5 59016 5 59528 3 112375 3 112887 5 113400 7 113914 7 114428 7 114942 8 115457 8 115972 8 116486 8 117001 7 117516 7 118030 8 118545 7 119059 7 119574 7 120088 8 120602 8 121116 8 121631 8 122145 8 122660 8 123174 8 123688 8 124203 8 124718 8 125232 8 125747 7 126261 8 126776 8 127290 8 127805 8 128320 8 128834 8 129349 8 129864 7 130379 6 130893 7 131407 7 131922 7 132436 7 132950 7 133465 6 133979 6 134493 7 135007 7 135522 6 136036 6 136550 6 137064 6 137578 6 138092 6 138606 6 139120 4 140959 3 141470 4 141982 3 142493 4 143004 4 143516 3 144027 4 144539 3 145050 4 145561 4 146073 3 146584 4 147096 3 147607 4 148118 4 148629 5 149141 4 149652 4 150164 4 150675 4 151186 4 151698 4 152209 4 152721 4 153232 4 153744 4 154255 4 154766 4 155278 4 155790 3 156301 4 156812 4 157324 4 157836 3 158347 4 158858 4 159370 4 159882 3 160393 4 160905 3 161416 4 161928 3 162439 4 162951 3 163463 3 163974 4 164486 3 164998 3 165510 3 166021 3 166533 3 167045 3 167556 4 168068 3 168580 3 169092 3 169604 3 170116 3 170212 2 170627 3 170724 2 171139 3 171236 3 171650 4 171748 3 172162 4 172260 3 172674 3 172772 3 173186 3 173284 3 173698 3 173796 3 174210 3 174308 3 174722 3 174820 3 175234 3 175332 3 175746 2 175844 3 176257 3 176356 3 176769 3 176868 3 177281 3 177380 3 177792 4 177892 3 178304 4 178404 3 178816 3 178916 3 179328 3 179428 3 179840 3 179941 2 180352 3 180864 2 181376 2 181887 3 182399 3 182911 3 183423 3 183934 4 184446 4 184958 4 185470 3 185982 3 186494 3 187006 3 187518 2
test_0071_1,68463 10 68973 17 69482 21 69991 27 70501 36 71010 44 71519 49 72029 52 72540 54 73051 55 73562 56 74073 57 74584 58 75096 58 75607 59 76119 59 76631 59 77143 58 77655 58 78167 58 78680 56 79192 55 79704 53 80217 50 80730 46 81243 38 81758 33 82271 30 82785 26 83299 23 83816 2 83820 8
test_0071_2,0 0
test_0071_3,0 0
test_0072_1,146314 11 146823 21 147332 27 147841 35 148350 39 148860 43 149370 47 149880 51 150390 58 150901 61 151412 63 151923 65 152434 66 152946 66 153457 68 153968 70 154480 73 154991 75 155503 76 156015 76 156526 78 157038 78 157549 80 158061 81 158572 82 159084 83 159596 84 160108 84 160619 85 161131 86 161643 86 162155 86 162667 85 163179 85 163691 85 164203 85 164715 85 165227 85 165739 85 166251 84 166763 84 167275 84 167787 83 168299 83 168811 83 169323 83 169834 83 170346 82 170858 82 171370 82 171881 83 172393 82 172905 82 173417 82 173929 81 174440 82 174952 82 175464 82 175976 82 176488 82 177000 81 177512 80 178024 79 178536 77 179047 75 179559 73 180071 73 180582 73 181094 73 181606 72 182117 73 182629 73 183140 73 183652 73 184164 73 184675 73 185187 73 185699 73 186211 73 186722 75 187234 75 187746 74 188258 74 188770 74 189282 74 189794 74 190306 73 190818 73 191331 71 191844 68 192358 64 192871 62 193384 60 193896 58 194409 55 194921 45 195434 39 195948 35 196462 29 196977 23
test_0072_2,0 0
test_0072_3,0 0
test_0073_1,0 0
test_0073_2,43354 2 43861 10 44370 14 44881 15 45393 15 45905 14 46418 11 65924 6 66434 9 66946 10 67458 11 67970 11 68482 10 68995 7 69509 2
test_0073_3,0 0
test_0074_1,129893 8 130404 11 130914 15 131424 21 131934 32 132444 36 132954 40 133465 42 133976 44 134488 45 134999 47 135511 47 136022 49 136534 50 137045 53 137557 54 138068 56 138580 56 139091 58 139603 59 140114 60 140626 60 141137 61 141649 61 142161 61 142673 62 143184 63 143696 63 144208 63 144720 63 145231 64 145743 64 146255 64 146767 64 147279 64 147792 63 148304 62 148816 62 149329 61 149841 60 150354 59 150866 58 151379 57 151892 55 152404 54 152917 52 153430 50 153943 48 154458 43 154971 41 155485 38 155998 35 156511 32 157025 28 157541 21 158056 5 158065 7
test_0074_2,0 0
test_0074_3,0 0
test_0075_1,0 0
test_0075_2,40768 7 41279 10 41790 12 42302 12 42815 10 43328 8 43843 2 147577 4 148088 8 148599 11 149111 11 149623 12 150137 9 150652 4 185290 7 185800 10 186311 12 186823 12 187336 11 187850 7 212239 2 212748 8 213259 10 213771 10 214283 9 214796 7
test_0075_3,0 0
test_0076_1,0 0
test_0076_2,0 0
test_0076_3,27346 3 27707 1 27856 4 28219 2 28366 5 28731 3 28877 5 29244 3 29388 4 29756 4 29899 4 30269 4 30410 4 30782 4 30920 5 31295 4 31431 5 31807 4 31941 5 32320 4 32452 5 32833 4 32962 6 33346 4 33472 6 33859 4 33983 5 34372 4 34493 6 34885 4 35003 7 35398 4 35514 6 35910 4 36025 5 36423 4 36536 5 36936 4 37047 5 37448 4 37558 4 37961 5 38068 5 38474 4 38579 5 38987 4 39089 6 39499 4 39600 6 40012 4 40111 5 40524 5 40622 5 41037 4 41133 5 41550 4 41644 4 42063 4 42154 5 42576 3 42665 5 43088 4 43175 6 43601 3 43686 5 44113 4 44197 5 44626 4 44707 6 45139 4 45217 6 45651 4 45728 6 46164 4 46239 5 46677 3 46750 5 47190 3 47260 6 47702 4 47771 5 48215 3 48281 6 48728 2 48792 5 49303 4 49814 4 50324 5 50834 5 51345 5 51856 5 52365 7 52875 7 53386 6 53897 5 54407 5 54918 5 55429 5 55939 5 56450 5 56962 3 80984 2 81494 5 82005 6 82517 6 83029 6 83541 5 84053 5 84565 5 85077 5 85589 5 86102 4 86614 4 87126 3 87638 3 88149 4 88661 4 89173 4 89685 4 90197 4 90709 4 91221 4 91733 4 92245 3 92757 3 93269 4 93781 4 94293 4 94804 5 95316 5 95828 4 96340 4 96852 4 97364 5 97876 5 98388 5 98900 4 99412 4 99923 4 100435 4 100947 3 101458 4 101970 4 102482 4 102994 4 103506 4 104018 3 104530 3 105042 3 105554 3 106066 3 106202 5 106577 3 106714 6 107089 3 107228 6 107601 3 107742 6 108113 3 108256 7 108626 2 108770 7 109284 7 109798 7 110312 7 110826 7 111340 7 111854 7 112368 8 112883 7 113397 8 113912 7 114426 7 114941 7 115456 6 115970 7 116484 7 116999 7 117513 7 118027 7 118541 8 119056 7 119570 7 120084 8 120598 8 121112 8 121626 9 122141 8 122656 7 123170 8 123684 8 124199 7 124713 8 125228 7 125742 8 126256 8 126771 8 127286 7 127800 7 128315 7 128830 6 129344 7 129858 7 130372 7 130887 6 131401 6 131915 7 132429 7 132943 7 133458 6 133972 6 134486 6 135000 6 135514 6 136028 6 136542 6 137056 7 137570 5 138084 3 138898 3 139409 4 139920 4 140432 3 140943 3 141454 4 141966 3 142477 4 142988 4 143500 3 144011 4 144523 3 145034 4 145545 4 146056 4 146568 4 147079 4 147590 4 148102 4 148613 4 149124 5 149636 4 150147 4 150659 4 151170 4 151681 5 152193 4 152704 4 153216 4 153727 4 154238 5 154750 4 155261 4 155773 4 156284 4 156796 4 157307 4 157819 4 158330 4 158842 4 159353 4 159865 3 159960 2 160376 4 160470 4 160888 4 160982 4 161400 3 161494 4 161912 3 162007 3 162423 3 162519 3 162935 3 163030 4 163446 4 163542 3 163958 4 164054 3 164470 3 164565 4 164982 3 165077 4 165494 3 165589 3 166005 4 166101 3 166517 3 166613 3 167028 4 167125 3 167540 4 167637 3 168052 4 168149 3 168564 3 168661 3 169076 3 169172 4 169588 3 169684 4 170099 3 170196 4 170611 3 170708 4 171122 4 171220 4 171634 4 171732 4 172146 3 172244 4 172658 3 172756 4 173170 3 173268 4 173682 3 173780 4 174194 3 174292 4 174705 3 174805 3 175217 3 175317 3 175729 3 175829 3 176240 4 176341 3 176752 4 176853 3 177264 3 177365 3 177776 3 177877 3 178288 3 178389 4 178800 3 178901 4 179312 2 179413 4 179823 3 179926 3 180335 3 180438 3 180846 4 180950 3 181358 4 181462 3 181870 4 181973 4 182382 4 182485 4 182894 3 182997 4 183406 3 183509 4 183918 3 184021 4 184430 2 184533 5 184942 2 185045 5 185557 5 186069 5 186581 5 187093 5 187606 4 188118 4 188630 4 189142 4 189654 4 190166 4 190678 4 191190 4 191702 4 192214 4 192726 4 193238 4 193750 4 194262 4 194774 4 195286 4 195798 4 196310 3 196822 4 197334 4 197846 4 198358 4 198870 4 199382 4 199894 4 200406 3 200918 3 201430 3 201941 4 202453 4 202965 4 203477 4 203989 4 204501 4 205012 4 205524 4 206036 4 206548 4 207060 4 207572 4 208084 4 208596 4 209108 3 209621 2 224896 18 225408 22 225929 17 226446 20 226964 21 227480 23 227998 38 228518 36 229038 112 229572 89
test_0077_1,0 0
test_0077_2,0 0
test_0077_3,15605 4 16118 8 16631 10 54856 2 55367 3 55879 3 56391 3 56903 4 57415 4 57928 3 58440 4 58952 4 59464 4 59976 4 60488 4 61000 5 61512 5 62024 5 62537 4 63049 4 63562 3 64074 4 64586 4 65098 4 65610 4 66123 3 66635 4 67148 3 67660 3 68172 4 68685 3 69197 4 69709 4 69924 4 70221 5 70434 6 70734 4 70945 6 71246 4 71456 6 71758 5 71967 6 72271 5 72478 6 72783 6 72989 5 73296 5 73499 6 73808 6 74011 5 74321 5 74522 5 74833 5 75032 6 75346 5 75543 7 75858 5 76054 7 76371 5 76565 7 76883 5 77076 7 77396 4 77586 8 77908 5 78097 8 78420 5 78608 7 78933 5 79119 7 79446 4 79630 7 79958 5 80141 7 80471 5 80652 7 80984 4 81163 7 81496 5 81674 7 82009 5 82185 7 82522 4 82697 5 83035 4 83208 5 83548 3 83720 4 84060 4 84231 5 84572 5 84742 4 85085 4 85253 4 85598 4 85764 5 86111 4 86275 5 86624 4 86786 5 87136 4 87297 5 87649 4 87808 5 88161 4 88319 5 88674 2 88830 4 89341 5 89852 4 90362 5 90873 5 90955 6 91385 4 91467 13 91896 4 91981 19 92407 5 92499 19 92918 5 93017 17 93429 5 93534 16 93940 5 94053 14 94451 5 94569 14 94962 5 95087 11 95473 5 95603 11 95984 5 96119 10 96496 3 96634 12 97008 2 97150 13 97664 14 98182 12 98699 11 99215 11 99730 12 100246 12 100762 14 101278 13 101794 12 102311 11 102826 11 103343 10 103858 10 104374 10 104890 8 105405 5 139403 2 139914 3 140426 3 140938 3 141449 3 141961 3 142472 3 142984 3 143496 3 144008 3 144520 3 145032 3 145544 3 146056 3 146568 2 147081 1 147593 1 148105 2 148610 3 148615 4 149123 8 149635 8 150147 8 150660 8 151173 7 151686 6 152199 6 152711 7 153223 7 153734 9 154244 5 154250 6 154753 6 154764 5 155265 5 155276 5 155788 6 156300 6 156813 6 157326 6 157839 5 158352 5 158865 5 159378 4 159891 4 160404 4 160916 4 161428 5 161941 4 162454 4 162967 3 163479 3 163991 4 164504 4 165016 4 165529 4 166041 4 166554 4 167066 5 167579 4 168092 4 168604 4 169117 3 169629 3 170142 3 170655 1 215393 3 215892 16 216393 25 216892 34 217394 32 217899 32 218402 26 218907 26 219410 26 219915 25 220421 21 220927 22 221434 18 221938 20 222449 13 222962 7
test_0078_1,201322 1 201830 9 202339 16 202849 22 203359 27 203870 31 204381 34 204892 37 205402 40 205913 41 206424 43 206935 45 207447 46 207958 48 208470 50 208981 52 209492 54 210004 54 210515 56 211027 56 211538 58 212050 58 212562 59 213073 60 213585 61 214097 61 214608 62 215120 63 215632 63 216144 63 216656 63 217168 63 217680 63 218192 63 218704 63 219216 63 219729 62 220241 62 220754 61 221266 61 221779 59 222292 58 222804 58 223317 56 223831 54 224345 51 224858 50 225371 48 225885 45 226399 42 226913 38 227426 36 227940 26 228455 18
test_0078_2,0 0
test_0078_3,0 0
test_0079_1,0 0
test_0079_2,0 0
test_0079_3,142198 2 142710 3 143223 3 143735 4 144249 3 144762 4 145275 4 145788 4 146302 3 146815 3 147328 4 147841 4 148354 4 148867 5 149380 5 149893 5 150407 4 150920 5 151433 5 151946 5 152460 4 152973 4 153486 4 153999 5 154512 5 155025 5 155539 4 156052 4 156566 4 157079 4 157592 4 158105 4 158618 4 159131 4 159644 5 160157 5 160670 4 161183 4 161696 4 162208 5 162721 5 163234 5 163747 5 164260 5 164774 4 165287 5 165800 5 166314 3
test_0080_1,0 0
test_0080_2,0 0
test_0080_3,37110 4 37622 6 38136 7 38650 7 39164 7 39679 6 40193 6 40707 6 41221 6 41735 6 42248 7 42763 7 43278 6 43791 7 44306 6 44820 6 45334 6 45847 7 46362 6 46876 6 47390 5 47903 6 48418 6 48932 7 49446 6 49960 6 50474 5 50988 5 51501 6 52014 7 52528 8 53043 7 53558 6 54072 6 54586 6 55099 6 55613 6 56126 6 56640 6 57153 7 57667 7 58181 7 58695 7 59210 6 59724 7 60239 6 60752 6 61265 7 61780 6 62294 6 62808 6 63321 7 63835 6 64348 8 64863 6 65377 6 65891 5 66404 6 66918 6 67431 7 67946 5 68459 4
test_0081_1,0 0
test_0081_2,0 0
test_0081_3,56655 6 57163 9 57671 10 58180 10 58688 10 59198 9 59707 8 60216 8 60724 10 61233 10 61742 9 62250 10 62528 2 62760 8 63040 3 63270 7 63552 3 63777 8 64064 4 64285 10 64576 4 64793 14 64815 7 65088 4 65302 18 65323 9 65600 4 65811 27 66113 3 66320 21 66625 3 66828 19 67137 4 67335 19 67649 4 67842 15 68161 4 68349 14 68673 4 68856 12 69185 4 69362 15 69697 4 69869 14 70209 5 70377 14 70722 4 70887 9 71234 4 71398 6 71745 5 72257 5 72769 5 73281 5 73794 4 73906 2 74306 5 74417 3 74818 5 74929 3 75330 5 75441 3 75842 5 75953 4 76355 4 76465 5 76867 4 76977 5 77379 4 77489 5 77892 3 78000 6 78404 4 78512 6 78916 4 79024 5 79428 4 79536 5 79940 4 80048 6 80452 4 80560 6 80964 4 81072 6 81476 4 81585 5 81988 4 82097 6 82500 4 82610 5 83012 4 83122 4 83524 5 83633 5 84036 5 84145 5 84548 5 84657 5 85060 5 85169 6 85572 6 85681 6 86083 7 86193 6 86595 7 86704 6 87106 8 87216 6 87618 8 87728 6 88130 7 88239 6 88642 7 88751 6 89155 6 89263 6 89667 6 89775 6 90180 5 90287 6 90692 5 90799 6 91204 5 91311 6 91716 5 91822 7 92229 5 92334 7 92741 5 92846 7 93253 5 93357 7 93766 4 93869 7 94278 4 94381 6 94790 5 94893 5 95302 5 95405 5 95814 5 95916 5 96326 5 96428 5 96838 5 96940 4 97350 5 97452 4 97862 5 97963 5 98374 5 98475 5 98886 5 98986 5 99399 4 99498 5 99911 4 100010 5 100423 4 100522 5 100935 5 101034 4 101447 5 101546 4 101959 5 102057 5 102471 5 102569 4 102983 5 103081 4 103495 5 103593 4 104008 4 104104 5 104520 4 104615 5 105032 4 105126 6 105544 4 105638 6 106056 5 106150 5 106568 5 106662 5 107080 5 107174 5 107593 4 107685 5 108105 4 108197 5 108617 4 108708 5 109129 4 109219 6 109641 5 109731 7 110153 5 110243 6 110666 4 110754 5 111178 4 111265 5 111690 3 111776 5 112202 3 112287 6 112715 1 112797 7 113308 8 113819 8 114330 8 114841 7 115352 7 115862 8 116373 9 116883 10 117394 10 117905 10 118417 9 118929 8 119440 8 119951 8 120463 7 120974 7 121485 7 121996 6 122507 6 123018 5 123530 4 124042 3 134903 4 135415 9 135929 11 136445 12 136962 11 137476 12 137994 11 138510 12 139027 13 139544 12 140061 10 140577 11 141094 10 141609 13 142126 11 142640 13 143158 11 143674 14 144190 15 144706 16 145225 12 145742 12 146259 11 146774 13 147292 10 147807 11 148324 10 148839 12 149356 15 149872 16 150391 15 150910 13 151427 12 151943 11 152460 12 152976 10 153496 1 159077 1 159587 4 160098 5 160609 5 161120 5 161631 5 162141 5 162652 5 163163 5 163674 5 164185 5 164696 4 165207 4 165718 4 165998 2 166229 5 166510 3 166740 4 167022 4 167251 5 167535 3 167762 4 168047 4 168273 4 168560 4 168784 4 169073 3 169295 4 169585 4 169806 4 170098 3 170317 4 170610 4 170828 5 171123 3 171339 5 171636 3 171850 5 172148 4 172361 5 172661 3 172872 5 173173 4 173383 5 173686 4 173895 4 173908 4 174199 3 174406 4 174418 5 174712 3 174917 4 174928 6 175224 4 175428 4 175439 6 175737 4 175939 4 175950 6 176249 4 176450 4 176461 5 176762 4 176962 3 176971 5 177274 4 177473 4 177482 5 177787 4 177984 4 177992 5 178300 4 178495 5 178502 6 178812 4 179006 13 179325 4 179517 13 179838 3 180028 11 180350 4 180539 11 180863 3 181050 10 181376 3 181561 10 181888 3 182072 9 182401 3 182583 9 182913 4 183094 8 183426 3 183605 8 183938 4 184115 9 184451 3 184626 8 184964 3 185137 7 185477 3 185648 7 185989 3 186159 6 186502 3 186670 6 187014 4 187181 6 187527 3 187691 7 188040 3 188203 6 188552 3 188714 6 189065 3 189225 6 189577 3 189736 6 190090 3 190247 6 190602 4 190758 6 191115 3 191269 5 191628 3 191779 6 192140 4 192290 5 192653 3 192801 5 193165 4 193312 4 193678 3 193823 4 194190 4 194334 4 194703 3 194845 4 195216 3 195355 4 195728 3 195866 4 196240 4 196378 2 196753 3 197265 3 197778 3 198290 4 198803 3 199316 3 199828 3 200340 4 200853 3 201365 3 201878 3 202390 3 202903 3 203415 3 203927 4 204440 3 204952 4 205465 3 205977 3 206490 3 207002 3 207515 3 208027 3 208539 3 209052 3 209564 3 210076 3 210589 3 211101 3 211613 3 212125 4 212638 3 213150 3 213663 2 214175 3 214687 3 215200 3 215712 3 216225 2 216737 2 217250 1
test_0082_1,0 0
test_0082_2,0 0
test_0082_3,65242 3 65754 5 66267 6 66781 6 67295 6 67809 6 68323 5 68836 6 69350 6 69864 5 70377 5 70891 5 71404 5 71917 5 72430 5 72943 6 73456 6 73970 5 74483 5 74996 5 75508 6 76021 6 76534 6 77047 5 77560 5 78073 5 78586 5 79099 4 79612 4 80124 5 80637 5 81150 5 81663 5 82176 5 82688 5 83201 5 83714 4 84227 4 84739 4 85252 4 85764 5 86277 4 86789 5 87302 4 87814 4 88326 5 88839 4 89351 5 89864 4 90376 4 90889 3 91401 4 91913 4 92425 4 92937 4 93449 5 93962 4 94474 4 94986 4 95498 3 96010 3 96522 3 97034 3 97546 3 98057 4 98569 4 99081 3 99593 3 100105 3 100618 1 103033 3 103545 4 104057 5 104570 5 105083 5 105596 5 106108 6 106621 5 107134 5 107646 6 108159 6 108672 6 109184 6 109697 6 110210 5 110723 5 111236 5 111749 5 112262 4 112775 4 113288 3 113800 4 114313 4 114826 4 115339 2 141595 2 142106 7 142619 10 143132 14 143646 16 144160 17 144673 19 145186 8 145199 8 145700 6 145713 9 146213 6 146228 10 146727 6 146743 10 147240 7 147258 9 147754 6 147774 8 148268 6 148288 8 148781 7 148803 7 149294 7 149317 7 149807 7 149832 6 150321 6 150346 5 150834 7 150859 5 151348 7 151373 5 151861 8 151886 5 152375 7 152399 4 152888 6 152912 4 153402 4 153425 4 153914 4 153938 4 154426 4 154450 5 154938 4 154964 5 155450 4 155477 5 155962 4 155991 5 156474 4 156504 7 156986 4 157018 6 157498 4 157532 6 158011 3 158046 6 158523 3 158559 7 159035 3 159073 6 159547 3 159586 7 160060 3 160101 6 160572 3 160614 7 161084 4 161128 6 161597 3 161642 6 162109 3 162155 6 162621 4 162668 6 163134 4 163182 5 163647 4 163695 5 164160 5 164208 6 164672 6 164721 6 165186 6 165234 7 165699 7 165748 6 166213 7 166261 7 166727 7 166774 7 167241 6 167287 9 167755 6 167800 10 168269 5 168316 8 168783 3 168830 8 169344 8 169858 8 170372 13 170886 12 171401 11 171919 5 187027 2 187538 4 188049 4 188561 4 189072 4 189584 4 190095 5 190607 4 191118 5 191630 4 192141 5 192652 5 193163 5 193674 6 194185 6 194697 5 195208 5 195719 5 196230 5 196742 5 197253 5 197764 5 198275 5 198786 6 199297 6 199808 6 200318 7 200829 7 201340 7 201851 7 202362 7 202874 6 203385 6 203896 6 204408 5 204920 4 205431 5 205943 4 206454 5 206965 5 207476 5 207987 5 208498 6 209010 5 209522 4 210033 5 210545 4 211057 4 211568 5 212080 4 212591 5 213102 6 213614 5 214125 6 214637 4 215148 4 215660 4 216172 4 216684 4 217196 4 217708 4 218220 4 218732 4 219244 4 219756 5 220267 7 220779 8 221291 8 221804 6 222317 5 222829 5 223341 5 223851 7 224361 9 224873 10 225386 10 225899 11 226412 10 226926 8 227439 7 227953 6 228466 6 228980 4 229493 3
test_0083_1,0 0
test_0083_2,0 0
test_0083_3,191126 2 191637 4 192147 6 192658 6 193170 5 193681 5 194193 4 194704 4 195215 5 195726 5 196237 6 196749 5 197260 5 197771 5 198282 5 198793 5 199304 5 199815 6 200327 5 200838 5 201348 6 201859 7 202370 7 202880 8 203391 8 203902 8 204414 7 204925 7 205436 7 205948 6 206459 6 206971 5 207482 5 207994 5 208505 5 209016 6 209527 6 210039 5 210550 5 211061 5 211573 5 212085 4 212597 3
test_0084_1,149226 9 149726 26 150234 36 150742 43 151250 49 151759 53 152268 60 152776 68 153284 74 153793 78 154303 80 154812 84 155322 87 155832 90 156342 92 156852 95 157362 97 157873 99 158383 101 158894 102 159404 104 159915 106 160425 108 160936 109 161447 110 161958 111 162469 112 162980 114 163492 114 164003 115 164514 116 165025 117 165537 116 166048 116 166560 116 167071 116 167582 117 168094 116 168605 117 169116 117 169627 118 170138 118 170650 117 171161 117 171672 117 172183 117 172695 116 173206 116 173718 115 174230 113 174742 112 175254 109 175766 108 176279 105 176791 104 177304 101 177818 97 178331 95 178845 91 179358 89 179872 85 180385 83 180898 81 181410 79 181923 77 182436 74 182950 71 183464 68 183978 64 184492 60 185006 57 185520 53 186035 48 186549 39 186590 2 187065 31 187581 24 188101 1
test_0084_2,0 0
test_0084_3,0 0
test_0085_1,0 0
test_0085_2,0 0
test_0085_3,190208 9 190715 12 191222 14 191728 14 192236 14 192742 13 193248 16 193753 17 194261 16 194763 20 195268 24 195774 27 196280 8 196292 19 196791 7 196806 12 197318 10 197827 8 198335 9 198844 8 199353 9 199860 10 200369 11 200877 9 201387 9 201896 8 202405 9 202913 10 203421 11 203930 10 204442 6
test_0086_1,147700 10 148209 17 148719 21 149229 26 149740 29 150250 33 150761 35 151272 39 151783 43 152294 45 152805 47 153317 48 153828 50 154340 50 154851 51 155362 53 155874 53 156385 54 156896 55 157408 56 157920 56 158431 57 158943 56 159455 56 159966 57 160478 57 160990 57 161502 56 162014 56 162526 56 163038 56 163550 55 164062 55 164574 54 165086 54 165598 54 166110 53 166622 53 167135 52 167647 51 168159 51 168672 50 169184 49 169696 49 170208 48 170721 47 171233 46 171745 46 172257 45 172770 44 173282 43 173794 42 174306 42 174819 40 175331 39 175844 37 176356 36 176868 35 177381 33 177894 32 178406 31 178919 29 179432 27 179946 18 180458 16 180972 8
test_0086_2,0 0
test_0086_3,0 0
test_0087_1,0 0
test_0087_2,132896 7 133406 10 133916 13 134426 15 134937 15 135449 13 135961 11 136475 4
test_0087_3,0 0
test_0088_1,114069 6 114579 11 115090 13 115600 17 116111 23 116622 27 117132 30 117642 33 118150 38 118661 40 119172 42 119684 42 120195 44 120706 48 121218 51 121729 53 122241 54 122752 55 123264 55 123776 51 124288 50 124354 1 124800 50 124866 3 125312 51 125377 5 125824 52 125889 5 126337 52 126392 2 126401 5 126849 57 126912 7 127362 58 127424 7 127875 57 127935 8 128387 69 128900 68 129412 68 129925 67 130438 66 130950 66 131462 66 131975 65 132487 65 133000 64 133513 63 134026 62 134538 62 135051 61 135564 60 136077 59 136590 57 137103 56 137616 54 138130 52 138643 51 139156 49 139669 48 140182 45 140695 44 141208 42 141720 41 142233 37 142746 35 143258 34 143770 34 144283 26 144311 4 144796 24 145309 23 145823 21 146336 20 146850 19 147364 16 147878 12
test_0088_2,0 0
test_0088_3,0 0
test_0089_1,0 0
test_0089_2,72059 5 72570 10 73082 10 73593 11 74105 11 74617 12 75130 11 75642 11 76157 5
test_0089_3,0 0
test_0090_1,0 0
test_0090_2,0 0
test_0090_3,81716 3 82228 4 82740 4 83252 3 83764 3 84276 3 84788 3 85300 3 85812 3 86324 3 86836 3 87348 3 87860 3 88372 3 88884 3 89396 3 89908 3 90420 3 90932 3 91444 3 91957 1 102799 2 103309 4 103821 4 104332 4 104844 4 105355 4 105867 3 106378 4 106890 3 107401 4 107913 3 108424 4 108935 5 109447 4 109958 4 110470 4 110982 3 111495 1 127160 3 127672 6 128186 6 128699 8 129214 7 129728 7 130242 7 130757 7 131271 7 131785 8 132300 7 132814 8 133328 8 133843 7 134357 8 134871 8 135386 7 135900 8 136415 8 136929 8 137444 7 137958 8 138473 7 138987 8 139502 7 140016 7 140530 7 141044 8 141559 7 142073 8 142588 7 143102 7 143616 7 144131 7 144645 7 145160 7 145674 8 146188 9 146703 7 147217 4 203147 4 203658 5 204168 7 204679 6 205190 6 205701 5 206211 5 206722 5 207231 7 207742 7 208253 6 208763 6 209274 6 209785 5 210295 6 210806 5 211316 6 211826 6 212337 6 212848 5 213359 5 213870 5 214380 6 214890 6 215401 6 215912 6 216423 5 216933 6 217443 7 217954 6 218465 5 218976 5 219486 6 219998 4 220510 2
test_0091_1,0 0
test_0091_2,0 0
test_0091_3,46212 2 46724 2 47235 4 47748 3 48260 4 48772 4 49284 4 49797 3 50309 4 50821 4 51333 4 51845 4 52357 4 52870 4 53329 1 53382 4 53840 7 53894 4 54352 12 54406 4 54869 11 54918 4 55384 12 55430 4 55901 11 55942 4 56416 12 56455 3 56933 11 56967 3 57449 12 57479 3 57966 11 57991 3 58482 11 58503 3 58999 10 59014 4 59515 15 60031 11 60546 10 61061 10 61574 13 62086 16 62597 4 62608 9 63108 4 63124 9 63620 4 63639 9 64131 4 64155 6 64643 4 64670 1 65154 4 65665 5 66177 4 66688 4 67199 5 67710 6 68222 5 68734 4 69246 4 69758 3 70269 4 70781 4 71293 3 71805 2 159107 3 159619 3 160131 3 160643 3 161155 3 161667 3 162179 3 162692 2 163204 3 163716 3 164228 3 164740 3 165252 3 165764 3 166276 4 166789 3 167301 3 167813 3 168325 3 168838 2 169350 3 169862 3 170374 3 170886 3 171190 7 171398 3 171703 9 171910 4 172218 11 172422 4 172733 11 172934 4 173248 12 173447 3 173765 11 173959 4 174280 12 174472 3 174796 12 174984 3 175312 12 175496 4 175828 10 176008 4 176342 12 176520 4 176859 7 177033 3 177375 2 177545 3 178057 4 178569 4 179082 3 179594 3 180106 3 180618 3 181131 3 181643 3 182155 3 182668 2 183180 3 183692 3 184205 2 184717 3 185229 3 185741 3 186254 2 186766 3 187278 3 187790 3 188302 4 188815 3 189327 3 189839 4 190352 3 190864 3 191376 4 191889 3 192401 3 192914 3 193426 3 193938 4 194451 3 194963 3 195476 3 195988 3 196501 2 197013 3 197526 2 198038 3 198551 2 199063 3 199576 2 200088 2 200600 3 201113 3 201625 3 202137 4 202650 3 203163 3 203675 3 204188 3 204700 3 205213 3 205725 3 206238 3 206750 4 207263 3 207776 2 208288 3
test_0092_1,0 0
test_0092_2,0 0
test_0092_3,52564 3 53075 4 53586 5 54097 5 54608 5 55119 5 55631 4 56142 4 56653 4 57164 5 57675 5 58186 5 58697 5 59208 5 59719 5 60230 5 60741 5 61252 4 61763 4 62274 4 62784 5 63295 5 63806 6 64317 6 64827 7 65338 7 65849 6 66360 6 66871 6 67382 5 67893 5 68403 6 68913 6 69424 6 69935 5 70445 6 70955 7 71466 7 71977 7 72487 8 72998 8 73508 9 74018 9 74529 9 75039 9 75550 7 76059 9 76570 8 77079 9 77590 8 78099 9 78610 7 79119 8 79629 7 80138 7 80648 7 81159 6 81671 4 93910 1 94421 3 94934 3 95446 4 95959 3 96472 3 96984 3 97497 3 98009 3 98522 3 99034 3 99547 3 100059 3 100572 3 101084 3 101597 3 102110 2 102622 3 103134 3 103647 3 104159 3 104672 3 105184 4 105697 3 106209 4 106722 3 107234 4 107747 3 108260 3 108772 3 109284 4 109797 3 110309 4 110822 3 111334 4 111846 4 112359 4 112871 4 113384 4 113896 4 114408 4 114921 3 115433 4 115945 4 116458 4 116970 4 117483 3 117995 3 118507 3 119019 4 119531 4 120044 3 120556 3 121068 3 121580 3 122092 4 122604 4 123116 4 123629 3 124141 3 124653 4 125165 4 125678 3 126190 3 126702 3 127214 3 127726 3 128238 3 128750 3 129262 3 129774 3 130286 3 130798 3 131311 2 131823 2 151836 5 152349 6 152862 7 153376 7 153891 6 154405 7 154919 7 155433 7 155947 7 156461 8 156975 8 157490 7 158004 7 158518 8 159032 8 159546 7 160060 7 160574 7 161088 7 161603 6 162117 5 162631 5 163144 6 163658 6 164172 7 164686 7 165200 7 165715 6 166229 6 166743 6 167257 5 167771 5 168285 5 168799 5 169312 6 169826 6 170340 5 170854 5 171367 5 171881 5 172394 6 172907 7 173421 6 173935 6 174449 5 174962 6 175476 6 175989 6 176502 6 177016 5 177529 5 178042 6 178556 5 179069 5 179583 4 180097 1 186056 5 186569 8 187083 9 187598 9 188114 8 188628 9 189143 9 189658 10 190172 12 190687 13 191202 14 191718 14 192237 10 192753 10 193269 9 193785 9 194300 10 194816 9 195331 10 195847 9 196363 9 196878 9 197393 8 197908 7 198423 7 198937 7 199452 6 199966 7 200480 7 200994 7 201508 6 202022 6 202536 6 203050 5 203564 5 204077 5 204591 5 205104 5 205617 5 206130 5 206644 4 207157 5 207670 5 208183 5 208696 5 209209 5 209722 6 210235 6 210748 5 211261 5 211774 5 212288 4 212801 4 213314 4 213827 4 214340 3 245300 2 245812 4 246326 3 246839 4 247352 5 247866 5 248380 5 248894 5 249409 3 249926 1
test_0093_1,144722 12 145225 22 145731 31 146240 37 146750 40 147259 45 147768 54 148279 56 148789 59 149300 61 149811 63 150322 64 150833 66 151345 66 151856 67 152368 67 152880 67 153391 68 153903 68 154414 68 154926 68 155438 67 155949 67 156461 67 156973 66 157484 67 157996 66 158507 67 159018 67 159529 66 160041 65 160552 66 161064 65 161576 64 162087 64 162599 63 163111 63 163624 61 164136 61 164650 58 165164 56 165678 53 166191 51 166704 48 167217 45 167730 42 168244 39 168759 33 169273 25 169789 19 170314 3
test_0093_2,0 0
test_0093_3,0 0
test_0094_1,226172 11 226662 35 227172 38 227682 40 228193 44 228704 48 229215 51 229726 55 230238 57 230749 59 231261 60 231772 61 232284 62 232796 62 233308 63 233821 63 234334 63 234847 63 235360 63 235873 63 236386 63 236899 63 237412 62 237924 62 238437 61 238950 60 239464 58 239978 56 240492 53 241005 52 241519 48 242033 45 242547 42 243061 39 243576 34 244091 29 244606 5 244622 8
test_0094_2,0 0
test_0094_3,0 0
test_0095_1,175426 8 175936 14 176447 17 176958 22 177469 25 177979 27 178490 28 179001 30 179513 30 180024 31 180535 32 181046 33 181558 32 182069 33 182581 32 183092 33 183604 33 184116 32 184628 32 185140 31 185653 30 186166 27 186678 26 187191 23 187705 20 188219 16 188732 14 189246 6
test_0095_2,0 0
test_0095_3,0 0
test_0096_1,0 0
test_0096_2,22921 7 23432 8 23944 8 24456 7 24970 4
test_0096_3,0 0
test_0097_1,168733 6 169241 13 169750 20 170261 23 170771 27 171281 31 171791 37 172302 40 172813 41 173324 43 173835 44 174346 45 174856 48 175367 49 175878 50 176388 52 176900 52 177411 53 177922 54 178434 54 178945 55 179456 55 179966 57 180478 57 180988 58 181499 58 182010 58 182521 59 183032 59 183544 59 184055 59 184567 59 185078 59 185589 59 186101 58 186612 58 187112 6 187123 58 187594 2 187619 73 188101 19 188129 74 188611 22 188640 74 189122 23 189151 69 189632 26 189663 69 190142 29 190173 70 190653 102 191164 103 191675 103 192186 102 192698 54 192756 44 193209 53 193271 39 193721 52 193786 36 194233 35 194269 1 194271 11 194303 30 194744 34 194785 5 194817 27 195256 33 195330 21 195768 33 195843 16 196280 32 196358 4 196792 32 197304 31 197817 30 198330 28 198843 26 199359 20 199872 18 200386 15 200900 12
test_0097_2,0 0
test_0097_3,0 0
test_0098_1,0 0
test_0098_2,34191 9 34701 14 35213 13 35726 11 36240 8 36755 2 68985 7 69496 9 70007 11 70519 10 71032 8 127840 4 128350 8 128861 10 129372 12 129884 13 130397 12 130911 10 130923 2 131424 7 131434 3 131938 4 223023 5 223534 6 224046 7 224557 9 225070 8 225582 8 226096 2
test_0098_3,0 0
test_0099_1,0 0
test_0099_2,185646 4 186060 4 186156 7 186570 8 186667 9 187080 11 187179 8 187591 12 187691 7 188103 12 188203 6 188614 12 188715 5 189127 10 189228 2 189639 9 190152 5
test_0099_3,0 0
test_0100_1,0 0
test_0100_2,49825 4 50336 7 50848 8 51360 8 51872 7 52385 6 52898 4
test_0100_3,0 0
test_0101_1,80641 13 81150 22 81659 31 82169 35 82679 40 83188 45 83698 49 84209 54 84719 60 85230 62 85740 66 86250 70 86761 73 87272 76 87782 80 88293 82 88804 85 89315 89 89826 92 90338 94 90849 97 91361 100 91872 104 92384 106 92896 108 93408 110 93920 112 94431 114 94943 116 95455 118 95967 120 96480 120 96992 121 97504 122 98016 123 98527 125 99039 127 99551 128 100062 131 100574 132 101087 132 101599 134 102111 135 102623 137 103135 138 103647 138 104159 139 104672 139 105184 140 105697 140 106209 141 106722 140 107235 140 107747 140 108260 139 108773 138 109286 138 109799 137 110312 137 110825 136 111338 136 111852 134 112365 133 112878 132 113391 131 113905 129 114418 128 114932 126 115446 124 115959 123 116472 121 116982 122 117493 6 117501 114 118005 5 118016 111 118517 5 118530 108 119029 4 119044 105 119558 101 120072 97 120586 93 121099 90 121613 86 122126 81 122641 75 123154 72 123667 69 124181 63 124695 57 125209 38 125248 4 125724 7 125736 15
test_0101_2,0 0
test_0101_3,0 0
test_0102_1,0 0
test_0102_2,0 0
test_0102_3,57171 5 57678 9 58187 11 58695 10 59204 10 59713 9 60222 9 60731 9 61240 9 61748 10 62256 11 62532 2 62765 10 63043 3 63275 8 63555 4 63783 8 64067 4 64292 10 64579 4 64800 9 64812 1 65091 4 65308 13 65323 13 65603 4 65816 31 66116 3 66326 24 66628 4 66835 22 67140 4 67343 20 67652 4 67849 16 68164 4 68356 15 68676 4 68863 14 69188 5 69371 13 69700 5 69876 14 70212 5 70383 15 70725 4 70891 13 71237 4 71400 11 71749 4 71912 5 72261 4 72773 4 73285 4 73797 4 74309 5 74821 5 75333 5 75846 4 76358 4 76870 4 77382 4 77894 4 78406 5 78918 5 79431 4 79943 4 80455 4 80967 4 81480 3 81992 3 82504 3 83016 3 83528 3 84040 4 84551 5 85063 5 85575 5 86086 6 86598 6 87110 6 87621 7 88133 7 88646 6 89158 6 89670 6 90182 6 90695 5 91207 5 91719 5 92231 5 92744 5 93256 5 93768 5 94280 5 94793 4 95305 4 95817 4 96329 4 96841 4 97353 4 97865 5 98377 5 98889 5 99401 5 99913 5 100425 5 100938 4 101450 5 101962 5 102474 5 102986 5 103498 5 104010 5 104522 5 105034 5 105546 5 106059 4 106571 4 107083 4 107595 4 108107 4 108619 4 109132 3 109644 4 110156 4 110668 4 110758 2 111180 4 111269 3 111692 4 111779 4 112205 2 112289 6 112717 2 112800 6 113311 6 113822 6 114333 7 114843 8 115354 8 115865 8 116376 9 116886 10 117396 11 117907 11 118419 10 118931 9 119443 8 119954 8 120465 7 120976 7 121487 7 121998 6 122510 4 123022 2 135416 7 135929 9 136444 11 136960 11 137475 11 137992 10 138508 12 139024 12 139540 14 140058 12 140574 12 141092 10 141608 11 142124 11 142638 14 143156 11 143671 12 144188 14 144704 15 145221 14 145738 13 146256 12 146771 13 147289 10 147804 11 148321 10 148836 11 149353 11 149868 13 150385 15 150902 17 151422 14 151938 14 152456 13 152972 13 153490 9 154006 6 159590 2 160100 5 160611 5 161123 5 161634 4 162145 4 162655 5 163166 5 163677 5 164187 6 164698 5 165209 5 165720 5 165999 2 166231 5 166511 3 166742 5 167024 3 167253 5 167536 3 167764 4 168048 4 168275 5 168561 4 168786 5 169074 3 169297 5 169586 4 169808 4 170099 3 170319 5 170612 3 170830 4 171124 3 171341 5 171636 4 171852 5 172149 4 172363 5 172662 3 172874 5 173174 4 173385 5 173687 4 173896 5 174200 4 174408 4 174421 4 174712 4 174919 4 174931 6 175225 4 175430 4 175442 6 175738 4 175941 4 175952 6 176250 4 176452 4 176463 6 176762 5 176964 3 176974 5 177275 4 177475 4 177485 5 177788 4 177986 4 177995 5 178300 4 178497 5 178505 6 178813 4 179008 13 179326 4 179519 13 179838 4 180030 12 180351 4 180541 11 180864 3 181052 10 181376 4 181563 10 181889 3 182074 10 182401 4 182585 9 182914 4 183096 8 183426 4 183607 8 183939 4 184117 9 184452 3 184628 9 184965 3 185139 7 185477 3 185650 7 185990 3 186160 8 186502 4 186671 7 187015 3 187183 6 187528 3 187693 7 188040 3 188204 7 188553 3 188715 7 189065 3 189226 7 189578 3 189737 7 190090 4 190248 6 190603 3 190759 7 191115 4 191270 6 191628 3 191781 5 192140 4 192292 5 192653 4 192803 5 193166 3 193314 4 193678 4 193825 4 194191 3 194335 5 194703 3 194846 4 195216 3 195357 4 195728 3 195867 4 196241 3 196379 3 196753 3 196890 3 197266 3 197778 3 198291 3 198803 3 199316 3 199828 3 200341 3 200853 3 201366 3 201878 3 202390 4 202903 3 203415 4 203928 3 204440 4 204953 3 205465 3 205978 3 206490 3 207002 4 207515 3 208027 3 208540 3 209052 3 209564 3 210077 3 210589 3 211101 3 211614 3 212126 3 212638 3 213150 3 213663 3 214175 3 214687 4 215200 3 215712 3 216224 4 216737 3 217249 3 217762 2
test_0103_1,0 0
test_0103_2,18816 4 19326 8 19837 9 20348 10 20860 9 21373 7 21886 5
test_0103_3,0 0
test_0104_1,23157 13 23667 17 24177 21 24688 22 25198 25 25709 29 26220 32 26731 37 27243 39 27754 41 28266 42 28778 42 29290 43 29802 43 30315 42 30827 41 31340 40 31853 39 32367 36 32882 33 33400 26 33915 22 34429 18 34944 14 35459 10 35974 6 49461 6 49972 10 50483 12 50994 15 51505 17 52016 21 52527 24 53039 26 53550 31 53582 1 54062 40 54109 1 54573 42 54620 3 55084 54 55596 56 56107 58 56619 60 57130 62 57641 65 58153 66 58664 69 59176 70 59687 72 60199 72 60710 74 61222 75 61733 78 62245 81 62756 83 63268 84 63779 85 64291 85 64803 86 65315 86 65827 86 66339 86 66852 85 67352 4 67365 84 67864 5 67878 82 68375 6 68392 80 68887 6 68910 73 69398 7 69423 71 69910 6 69935 70 70422 6 70447 69 70934 6 70959 65 71446 6 71472 62 71958 7 71983 60 72469 9 72497 44 72544 4 72981 9 72994 2 72997 1 73011 33 73493 20 73524 30 74005 21 74034 27 74517 23 74543 24 75029 36 75066 11 75540 35 75578 7 76052 36 76090 6 76564 37 76602 5 77076 37 77115 2 77588 37 78106 30 78619 2 78623 14 78642 2 79135 9 79649 5 80161 4 106108 2 106620 2 106655 5 107130 5 107166 8 107640 7 107677 12 108151 9 108188 17 108662 12 108699 21 109173 14 109210 24 109685 14 109720 29 110197 15 110232 35 110708 16 110742 41 111220 17 111243 3 111254 47 111732 18 111755 4 111765 54 112243 20 112267 5 112277 55 112754 21 112779 5 112789 56 113265 23 113291 6 113300 59 113361 3 113777 23 113802 82 114289 120 114800 126 115311 137 115452 9 115822 155 116333 159 116844 160 117355 161 117865 162 118376 2 118379 160 118887 3 118893 158 119398 5 119407 157 119910 5 119920 156 120422 8 120432 156 120934 167 121107 3 121445 169 121616 7 121957 179 122469 180 122981 181 123493 186 124005 188 124517 189 125027 192 125537 201 126048 204 126254 2 126559 214 127070 217 127582 221 128094 223 128606 224 129118 161 129280 63 129631 158 129794 62 130144 157 130308 60 130656 157 130820 61 131170 155 131333 61 131682 224 132195 223 132708 4 132715 215 133227 215 133739 214 134251 214 134763 213 135276 212 135788 179 135973 26 136300 178 136486 24 136812 177 137001 19 137325 175 137517 14 137837 174 138034 7 138349 172 138861 170 139374 168 139887 159 140049 2 140399 150 140912 148 141425 146 141938 144 142451 139 142964 136 143477 134 143990 131 144503 129 145016 125 145529 121 146042 117 146554 115 147067 112 147578 110 148089 102 148194 1 148601 99 149113 98 149625 97 150136 97 150648 97 151160 97 151672 97 152192 89 152706 86 153215 4 153221 82 153719 12 153733 82 154230 97 154741 98 155253 97 155765 97 156278 95 156790 93 157303 91 157815 90 158326 91 158838 91 159350 90 159862 88 160374 87 160886 1 160889 82 161401 81 161912 80 162423 80 162934 80 163446 79 163957 77 164468 76 164979 75 165491 73 166002 70 166513 70 167024 66 167536 65 168047 65 168558 66 169069 65 169581 64 170092 65 170604 64 171115 64 171626 64 172138 65 172650 65 173162 65 173674 64 174186 64 174699 62 175211 60 175723 59 176236 57 176748 55 177261 54 177774 53 178287 51 178800 50 179312 50 179825 49 180337 49 180850 48 181362 48 181874 48 182387 47 182900 46 183412 46 183924 46 184436 47 184948 47 185461 48 185973 49 186486 49 186998 49 187511 48 188023 48 188535 49 189048 48 189560 48 190072 48 190584 48 191097 47 191609 47 192122 46 192635 44 193148 43 193662 41 194183 31 194696 28 195209 26 195723 23 196237 21 196750 19 197263 18 197776 15 198291 11 198807 5
test_0104_2,0 0
test_0104_3,0 0
test_0105_1,0 0
test_0105_2,22178 5 22688 8 23199 10 23710 12 24222 12 24420 5 24734 13 24930 8 25247 12 25441 10 25760 11 25953 10 26275 8 26465 9 26978 7 36788 7 37297 11 37808 12 38320 12 38831 13 39343 13 39855 12 40367 11 40880 8 41392 6 41906 2
test_0105_3,0 0
test_0106_1,65750 29 66260 32 66772 32 67284 32 67796 32 68309 30 68822 28 69335 27 69847 27 69880 10 70359 44 70871 47 71383 51 71895 12 71912 35 72414 3 72425 35 72938 35 73450 36 73962 36 74473 37 74985 37 75497 37 76009 37 76520 6 76529 29 77027 11 77042 27 77538 13 77553 27 78050 40 78562 37 79075 23 79588 22 80101 21 80613 21 81125 23 81152 3 81637 36 82150 41 82662 43 83176 42 83688 42 84201 40 84712 40 85224 38 85735 39 86247 2 86252 35 86759 2 86765 52 86820 20 87272 1 87276 80 87782 101 88292 108 88401 1 88803 115 89314 119 89824 124 90336 125 90848 130 91359 133 91871 134 92383 136 92895 136 93407 137 93920 137 94432 137 94944 137 95457 136 95969 136 96482 135 96995 134 97508 132 98021 131 98535 128 99048 127 99561 125 100075 122 100589 119 101105 113 101621 108 102138 101 102658 90 103176 77 103703 51 104222 1 104228 34 104757 11
test_0106_2,0 0
test_0106_3,0 0
test_0107_1,110869 19 111377 25 111886 30 112394 36 112899 44 113366 91 113873 97 114368 114 114876 119 115385 122 115895 125 116405 127 116914 131 117424 134 117933 137 118443 139 118953 141 119464 142 119975 143 120486 144 120998 144 121510 145 122021 146 122533 146 123045 146 123557 146 124070 145 124582 146 125095 145 125608 144 126121 143 126636 140 127151 138 127665 136 128182 131 128706 119 129245 92 129764 85 130284 77 130802 72 131319 67 131837 61 132353 57 132868 54 133385 49 133901 45 134416 42 134931 39 135445 38 135959 36 136473 35 136987 33 137501 32 138015 30 138528 30 139041 29 139554 29 140068 27 140581 27 141094 26 141607 26 142120 26 142633 26 143146 25 143659 25 144172 25 144684 25 145197 25 145709 26 146222 25 146734 26 147246 27 147759 26 148271 27 148783 27 149296 27 149808 28 150320 28 150833 28 151345 29 151858 28 152370 28 152882 29 153395 28 153907 28 154420 27 154932 27 155444 27 155957 26 156469 26 156982 25 157494 25 158007 24 158519 23 159032 22 159546 19 160059 17 160574 4
test_0107_2,0 0
test_0107_3,0 0
test_0108_1,119041 14 119545 23 120051 31 120559 37 121068 41 121575 49 122085 55 122594 59 123103 63 123613 66 124122 69 124631 73 125141 76 125651 79 126163 79 126674 80 127186 80 127697 81 128210 79 128722 78 129234 77 129746 75 130259 72 130771 70 131284 66 131796 64 132308 61 132820 58 133332 56 133845 53 134357 51 134870 48 135382 47 135894 45 136406 44 136917 44 137428 44 137939 43 138450 43 138961 43 139471 43 139981 44 140491 44 141000 46 141510 48 142020 49 142530 50 143040 51 143549 54 144060 54 144571 55 144796 14 145082 55 145300 24 145593 56 145810 28 146104 56 146319 35 146615 57 146828 39 147126 57 147338 43 147638 57 147849 46 148149 57 148360 49 148662 56 148871 59 149174 55 149382 61 149687 54 149894 61 150200 52 150406 61 150713 50 150918 60 151226 47 151431 59 151741 42 151944 57 152256 35 152457 55 152779 21 152971 53 153484 50 153997 48 154511 45 155026 39 155541 31 156059 14
test_0108_2,0 0
test_0108_3,0 0
test_0109_1,161584 9 161607 6 162089 38 162599 41 163106 46 163616 50 164126 55 164636 59 165146 62 165656 65 166166 68 166676 71 167187 72 167698 73 168209 74 168720 75 169231 76 169743 76 170254 76 170766 76 171278 76 171790 76 172302 76 172815 75 173328 73 173841 71 174354 69 174868 65 175381 63 175895 59 176409 55 176923 51 177437 33 177477 5 177953 12 205744 1 206247 17 206756 24 206783 3 207266 35 207774 44 208284 48 208795 49 209306 50 209817 52 210329 53 210840 56 211352 57 211863 59 212375 59 212887 58 213399 58 213912 57 214425 55 214938 54 215450 54 215963 52 216476 50 216989 48 217501 46 218014 43 218528 39 219042 35 219558 29 220073 8
test_0109_2,0 0
test_0109_3,0 0
test_0110_1,0 0
test_0110_2,0 0
test_0110_3,44850 1 45362 3 45874 4 46387 4 46900 5 47413 5 47926 6 48440 5 48952 6 49466 4 49979 4 50492 4 51004 5 51517 5 52030 5 52543 5 53056 5 53569 5 54082 5 54595 5 55108 5 55621 4 56134 4 56647 4 57160 4 57673 4 58186 4 58699 4 59211 4 59724 4 60237 3 60750 2 92375 4 92886 5 93397 5 93908 5 94419 5 94930 4 95441 4 95952 4 96463 5 96974 5 97485 5 97996 4 98507 4 99018 4 99529 4 100040 4 100551 4 101062 4 101573 4 102084 5 102595 5 103106 5 103618 4 104129 4 104640 4 105152 3 105663 4 106174 4 106685 4 107196 4 107707 4 108218 4 108729 5 109240 4 109751 5 110262 4 110773 5 111284 5 111795 5 112306 5 112817 5 113329 4 113839 5 114350 5 114862 4 115373 4 115884 4 116395 4 116906 4 117417 4 117927 5 118438 5 118949 5 119460 5 119971 5 120482 5 120993 5 121503 5 122014 5 122525 5 123035 5 123546 5 124057 5 124568 5 125079 5 125590 5 126100 5 126611 5 127121 6 127632 6 128143 5 128653 6 129164 6 129674 6 130185 6 130696 5 131206 6 131717 6 132228 6 132740 4 133251 4 133762 4 134273 4 134784 4 135295 4 135806 4 184168 2 184680 4 185192 4 185705 4 186218 3 186730 4 187243 4 187756 4 188268 4 188781 4 189294 4 189807 4 190320 3 190832 4 191345 4 191604 1 191858 3 192116 4 192370 4 192629 4 192883 4 193142 5 193396 3 193656 5 193908 4 194169 5 194421 4 194683 5 194934 4 195196 5 195446 4 195710 5 195959 4 196223 6 196472 4 196737 5 196984 5 197251 5 197497 4 197764 6 198009 4 198278 6 198522 4 198792 5 199035 3 199306 5 199547 4 199819 6 200060 4 200333 6 200572 4 200846 7 201084 5 201360 8 201597 4 201874 7 202110 4 202389 5 202622 5 202903 5 203135 4 203417 5 203648 4 203930 7 204160 4 204444 7 204672 4 204958 7 205184 5 205473 6 205697 4 205987 5 206210 4 206500 7 206722 4 207014 7 207235 4 207528 8 207747 4 208042 7 208260 3 208557 6 208772 3 209071 5 209284 4 209584 6 209796 4 210098 6 210308 4 210612 6 210820 4 211126 6 211332 5 211640 5 211844 5 212154 6 212356 5 212667 7 212868 5 213182 6 213380 6 213696 6 213892 6 214210 6 214405 5 214724 6 214917 5 215238 6 215429 5 215752 6 215942 4 216265 7 216454 4 216780 7 216966 5 217294 6 217478 5 217809 6 217990 5 218323 6 218502 4 218836 7 219014 4 219350 7 219526 4 219865 7 220038 4 220379 6 220550 4 220893 6 221062 3 221407 6 221574 3 221921 6 222086 3 222435 6 222598 3 222949 7 223110 3 223463 7 223622 3 223977 8 224134 3 224491 7 224646 3 225006 7 225158 3 225520 7 225670 3 226034 7 226181 4 226548 7 226693 4 227063 6 227205 4 227577 7 227716 5 228091 8 228228 5 228606 6 228740 5 229120 4 229252 5 229764 5 230276 5 230788 5 231300 5 231812 5 232324 5 232836 5 233348 4 233860 4 234372 4 234883 5 235395 5 235907 4 236419 4 236931 4 237443 4 237955 4 238466 5 238978 4 239490 4 240002 4 240513 4 241025 4 241536 4 242048 4 242560 4 243072 4 243584 3 244097 2
test_0111_1,0 0
test_0111_2,47796 4 48306 7 48817 9 49329 8 49842 6 50355 4 203630 7 204140 10 204651 11 205163 11 205676 9 206189 7 206702 5 242421 5 242931 9 243443 9 243954 10 244467 9 244979 8 245492 5
test_0111_3,0 0
test_0112_1,0 0
test_0112_2,40323 5 40831 11 41341 15 41852 16 42364 16 42877 14 43390 10 43904 5 45964 4 46474 8 46985 10 47496 11 48008 11 48521 9 49034 6 188628 5 189138 8 189650 8 190162 8 190674 7 191188 4 191706 6 192216 8 192728 8 193240 7 193753 4 204159 6 204669 9 205180 10 205692 10 206204 10 206718 6
test_0112_3,0 0
test_0113_1,0 0
test_0113_2,33676 8 34187 12 34699 12 35212 11 35726 8 36241 2 68472 7 68983 9 69494 10 70006 10 70518 9 71034 3 223028 5 223539 7 224051 9 224563 12 225075 11 225588 7 226102 1
test_0113_3,0 0
test_0114_1,0 0
test_0114_2,0 0
test_0114_3,63201 3 63713 5 64226 7 64740 6 65254 6 65768 6 66282 6 66796 6 67309 6 67823 5 68337 5 68850 5 69363 5 69876 5 70390 4 70903 5 71416 5 71929 5 72442 5 72955 5 73468 5 73980 6 74494 5 75006 6 75519 5 76032 5 76545 5 77058 5 77571 5 78084 4 78596 5 79109 5 79622 5 80135 5 80648 4 81160 5 81673 4 82186 4 82698 4 83211 4 83724 3 84236 4 84748 5 85261 4 85773 4 86286 4 86798 4 87310 4 87823 4 88335 4 88848 4 89360 4 89872 4 90384 4 90896 4 91408 4 91920 4 92432 4 92944 4 93457 3 93969 3 94480 4 94992 4 95504 4 96016 3 96528 3 97040 3 97552 3 98064 2 139553 2 140064 8 140577 10 141091 13 141605 15 142119 17 142632 18 143145 8 143157 9 143658 7 143672 9 144172 6 144187 10 144685 7 144701 10 145199 6 145216 10 145712 7 145732 8 146226 7 146247 8 146739 7 146762 7 147252 8 147276 7 147766 7 147790 6 148280 6 148305 4 148793 6 148818 5 149306 8 149332 4 149820 7 149845 4 150334 6 150358 4 150847 5 150870 4 151360 4 151383 4 151872 4 151896 4 152385 3 152409 5 152897 3 152922 5 153409 3 153436 5 153921 3 153950 5 154433 3 154463 6 154945 3 154977 6 155457 3 155491 5 155970 2 156005 5 156482 2 156518 6 156994 3 157032 6 157506 3 157545 7 158018 4 158059 6 158530 4 158573 6 159043 3 159086 6 159555 4 159600 6 160067 4 160113 6 160580 4 160627 5 161092 5 161140 6 161605 5 161653 6 162118 5 162166 6 162631 6 162679 7 163144 6 163192 8 163658 6 163706 7 164171 7 164219 7 164685 7 164732 8 165199 7 165245 9 165713 6 165759 9 166227 5 166274 8 166741 3 166789 7 167303 7 167816 8 168330 13 168845 12 169359 10 169878 3 184985 2 185496 4 186008 3 186519 4 187030 5 187542 4 188053 5 188565 4 189076 5 189587 5 190099 5 190610 5 191121 5 191632 6 192144 5 192655 5 193166 5 193677 5 194188 5 194699 6 195211 5 195722 5 196233 5 196744 5 197255 5 197766 5 198276 6 198787 7 199298 7 199809 7 200320 7 200832 6 201343 6 201855 5 202366 5 202877 5 203389 4 203900 5 204412 4 204923 5 205434 5 205945 5 206457 4 206968 5 207480 4 207991 4 208503 4 209015 4 209526 5 210038 4 210549 5 211060 6 211572 6 212083 6 212595 4 213106 4 213618 4 214130 4 214642 4 215153 5 215665 5 216178 4 216690 4 217202 4 217714 5 218225 7 218737 7 219249 7 219762 6 220275 5 220787 5 221299 5 221811 5 222319 9 222831 10 223344 11 223857 11 224370 10 224884 8 225398 6 225911 6 226424 6 226938 4 227452 1
test_0115_1,0 0
test_0115_2,0 0
test_0115_3,37741 5 37764 2 38248 42 38752 50 39256 56 39761 23 40267 19 40769 21 41276 20 41784 17 42293 12 42804 8 59961 4 60473 4 60986 3 61498 4 62011 3 62523 4 63036 3 63548 4 64061 3 64573 3 65086 3 65598 3 66110 4 66623 3 67135 4 67648 4 68160 4 68672 4 69185 4 69698 3 70210 4 70723 3 71235 4 71748 4 72261 3 72773 4 73286 3 73798 4 74311 4 74823 4 75336 4 75848 5 76361 4 76874 4 77386 5 77899 5 78412 5 78925 4 79437 5 79950 5 80462 5 80975 5 81487 5 82000 5 82512 5 83025 5 83538 5 84050 6 84563 5 85076 4 85588 4 86101 4 86614 3 87126 4 87638 4 88151 3 88663 4 89175 5 89688 4 89900 6 90200 4 90413 10 90713 4 90928 13 91225 4 91442 18 91737 4 91961 15 92250 4 92477 15 92762 4 92998 12 93274 4 93513 13 93786 4 94029 13 94299 3 94545 13 94811 4 95062 11 95100 1 95323 4 95577 17 95836 3 96094 16 96348 4 96609 19 96861 3 97130 15 97373 3 97646 14 97885 4 98163 12 98397 4 98677 15 98911 1 99190 18 99702 3 99709 15 100212 4 100228 11 100723 4 100743 11 101235 4 101259 11 101746 5 101774 12 102258 4 102291 9 102607 2 102769 4 102806 9 103119 2 103281 3 103322 10 103630 3 103793 5 103838 7 104142 3 104305 6 104654 3 104818 5 105166 3 105331 3 105678 3 105843 3 106190 4 106355 3 106702 4 106866 4 107214 4 107377 4 107726 4 107890 3 108238 4 108750 4 109262 5 109773 6 110285 5 110798 4 111310 5 111822 5 112334 5 112846 4 113358 5 113870 5 114382 5 114894 5 115406 5 115918 4 116430 4 116942 4 117454 4 117966 4 118478 4 118990 4 119502 4 120014 4 120526 3 121038 3 121550 3 122061 4 122574 3 123086 3 123598 3 124110 3 124621 4 125133 4 125645 3 126157 3 126669 3 127181 3 127692 4 128204 4 128716 4 129228 3 129740 3 130252 3 130764 3 131276 3 131788 3 132300 3 132812 3 133324 3 133836 3 134348 3 134860 3 135371 4 135883 4 136395 4 136907 4 137419 3 137931 3 138443 3 138955 3 139467 3 139979 4 140491 4 141003 4 141515 3 142027 3 142538 4 143050 4 143562 4 144074 3 144586 3 145098 3 145610 3 146121 4 146633 4 147145 4 147656 5 148168 5 148680 5 149192 5 149704 5 150216 5 150728 5 151240 4 151752 4 152264 3 152776 3 153288 3 153800 2 187277 17 187762 45 188241 75 188745 66 189248 47 189755 19 190261 21 190767 19 191271 22 191779 19 192286 18 192796 12 193310 3
test_0116_1,0 0
test_0116_2,0 0
test_0116_3,43336 2 43848 3 44360 3 44872 3 45385 3 45897 3 46409 3 46922 3 47434 3 47947 2 48459 3 48971 3 49484 2 49996 3 50508 3 51021 2 51533 3 52045 3 52557 3 53069 4 53582 3 54094 3 54607 3 55119 3 55631 3 56144 3 56656 3 57169 3 57681 3 58194 3 58706 3 59219 3 59731 3 60244 2 60756 3 61268 3 61781 3 62293 3 62806 3 63318 3 63831 3 64343 3 64856 3 65368 3 65881 3 66394 2 66906 3 67418 3 67931 3 68443 3 68956 3 69468 3 69981 3 70494 2 71006 3 71519 3 72031 3 72544 3 73056 3 73569 3 74081 3 74594 3 75106 4 75619 3 76132 3 76644 4 77157 3 77670 3 78182 4 78695 3 79207 4 79720 3 80232 4 80745 3 81258 3 81770 4 82283 4 82795 4 83308 4 83820 4 84333 4 84846 3 85358 4 85871 4 86384 3 86896 4 87409 3 87921 4 88434 4 88947 4 89460 3 89972 4 90485 3 90997 4 91510 3 92022 4 92535 3 93048 3 93560 4 94073 3 94586 3 95099 2 111220 7 111732 12 112249 10 112765 11 113280 12 113795 13 114312 13 114828 13 115344 13 115860 14 116378 14 116893 16 117411 14 117928 13 118445 12 118960 13 119477 12 119993 11 120510 11 121026 11 121542 12 122058 12 122576 10 123092 7 190203 9 190710 12 191216 15 191723 13 192231 14 192736 14 193242 16 193748 16 194252 19 194757 20 195261 25 195766 30 196275 7 196286 19 196786 6 196800 12 197312 10 197821 9 198330 9 198838 9 199347 9 199854 10 200363 10 200871 10 201381 9 201890 9 202398 10 202907 10 203415 11 203925 9 204436 6
test_0117_1,0 0
test_0117_2,0 0
test_0117_3,185479 3 185992 4 186504 6 187018 5 187532 5 188045 6 188558 6 189072 6 189585 6 190100 5 190614 5 191127 6 191641 5 192154 6 192668 6 193182 6 193696 5 194209 7 194723 6 195237 6 195751 5 195975 3 196265 5 196486 5 196779 5 196999 4 197293 6 197511 4 197806 7 198023 5 198320 7 198536 4 198835 6 199048 4 199349 6 199561 4 199862 8 200073 4 200376 8 200586 4 200891 7 201098 4 201405 6 201610 4 201918 7 202123 4 202432 6 202635 4 202946 6 203147 4 203460 6 203659 5 203974 6 204171 5 204487 7 204684 4 205002 6 205196 4 205515 8 205708 4 206030 7 206220 5 206545 5 206732 5 207059 5 207245 4 207572 6 207757 4 208086 6 208269 4 208600 6 208781 4 209114 6 209293 4 209628 7 209805 4 210143 6 210317 4 210657 6 210829 4 211170 7 211341 4 211684 7 211853 4 212198 7 212365 3 212712 7 212877 3 213226 6 213389 3 213740 6 213901 3 214254 7 214413 3 214768 7 214925 3 215282 7 215437 3 215796 9 215948 4 216311 8 216460 4 216825 7 216972 4 217340 6 217484 4 217853 7 217996 3 218367 7 218508 3 218882 7 219020 3 219396 7 219531 4 219910 8 220043 4 220424 8 220555 4 220940 4 221067 4 221579 4 222091 4 222603 4 223115 4 223626 5 224138 5 224650 5 225162 5 225674 5 226186 4 226698 4 227210 4 227722 4 228234 4 228746 4 229258 4 229770 3 230283 2
test_0118_1,0 0
test_0118_2,88292 6 88802 10 89314 11 89826 11 90339 10 90852 9 91367 5
test_0118_3,0 0
test_0119_1,0 0
test_0119_2,0 0
test_0119_3,48260 2 48772 2 49284 3 49796 3 50308 4 50820 4 51332 4 51844 4 52356 5 52869 4 53381 4 53893 4 54405 4 54918 4 55430 4 55887 7 55942 4 56400 11 56454 4 56916 11 56966 4 57431 12 57478 4 57947 11 57990 4 58463 11 58502 4 58979 11 59014 4 59495 12 59527 3 60012 11 60039 3 60527 12 60551 3 61044 11 61063 3 61560 18 62077 13 62592 11 63109 8 63622 11 64134 14 64645 4 64654 9 65157 3 65169 9 65668 4 65684 9 66179 4 66200 9 66690 4 66715 6 67202 4 67713 5 68225 4 68736 4 69247 5 69758 5 70270 5 70782 4 71293 5 71805 4 72317 4 72829 3 73341 3 162176 3 162688 3 163200 3 163712 3 164224 3 164737 2 165249 2 165761 3 166273 3 166785 3 167297 3 167809 3 168321 3 168834 2 169346 2 169858 3 170370 3 170882 3 171394 3 171906 3 172418 4 172931 3 173443 3 173748 7 173955 3 174261 10 174467 3 174776 10 174979 4 175291 11 175491 4 175807 10 176004 3 176322 11 176516 3 176838 11 177028 4 177353 12 177540 4 177869 11 178052 4 178385 10 178564 4 178900 9 179077 3 179416 8 179589 4 179931 8 180101 4 180446 9 180614 3 180962 8 181126 4 181477 8 181638 4 181992 8 182150 4 182507 8 182662 4 183022 8 183175 3 183537 7 183687 3 184053 3 184199 3 184712 3 185224 3 185736 3 186248 4 186761 3 187273 3 187785 3 188298 3 188810 3 189322 3 189834 4 190347 3 190859 3 191371 3 191883 3 192395 4 192908 3 193420 3 193933 3 194445 3 194957 3 195470 3 195982 3 196495 3 197007 3 197519 3 198032 3 198544 3 199056 4 199569 3 200081 3 200594 3 201106 3 201619 3 202131 3 202644 2 203156 3 203668 3 204181 3 204693 3 205206 3 205718 4 206231 3 206743 3 207256 3 207768 4 208281 3 208793 3 209306 3 209818 4 210331 3 210844 2 211356 2
test_0120_1,0 0
test_0120_2,0 0
test_0120_3,45729 1 46240 10 46753 18 47268 22 47789 20 48307 20 48828 20 49344 21 49862 18 50382 15 50900 12 51416 12 51934 11 52450 11 52966 12 53484 9 53999 10 54513 13 55027 14 55542 13 56058 13 56231 3 56576 12 56743 3 57092 13 57255 2 57608 14 57766 4 58126 12 58278 4 58642 14 58790 4 59158 16 59301 5 59676 15 59813 4 60194 14 60325 4 60712 13 60836 5 61230 8 61348 5 61860 5 62372 4 62884 4 63395 5 63907 5 64419 4 64931 4 65442 5 65954 5 66466 5 66978 4 67490 4 68002 4 68514 4 69025 5 69537 5 70049 4 70560 5 71072 5 71584 5 72096 4 72607 5 73119 5 73631 5 74143 4 74655 4 75166 5 75678 5 76190 5 76702 5 77214 5 77725 5 78237 5 78749 5 79260 6 79772 6 80284 5 80796 5 81308 5 81820 5 82332 4 82844 4 83355 5 83867 5 84272 6 84379 5 84779 11 84891 5 85285 14 85402 6 85794 14 85915 5 86302 14 86427 5 86811 13 86939 5 87320 12 87451 5 87829 10 87963 5 88338 10 88476 4 88847 10 88988 4 89354 12 89500 4 89861 14 90012 4 90368 15 90524 4 90876 14 91036 4 91382 15 91548 4 91888 17 92059 5 92393 19 92571 5 92896 22 93083 5 93398 28 93595 5 93905 26 94108 4 94413 17 94620 4 94922 11 95131 5 95429 12 95643 5 95939 10 96155 5 96447 11 96668 4 96956 10 97180 4 97466 8 97692 4 97976 7 98204 4 98485 7 98716 5 98994 8 99227 6 99502 9 99740 5 100012 9 100252 4 100521 9 101031 8 101540 9 102050 8 102560 7 103070 7 103580 7 104091 6 104600 7 105110 7 105620 6 106130 7 106640 7 107150 6 107660 6 108171 5 123561 4 124074 6 124588 7 125102 7 125617 7 126131 7 126645 8 127160 7 127674 7 128189 7 128703 7 129218 6 129732 6 130246 7 130760 9 131275 8 131790 6 132304 6 132818 7 133332 7 133847 6 134361 6 134875 6 135389 7 135903 8 136418 7 136932 7 137447 6 137961 7 138475 6 138989 6 139503 6 140017 7 140531 7 141045 8 141559 7 142074 6 142588 6 143102 6 143616 6 144130 6 144644 6 145157 6 145671 6 146185 7 146699 6 147213 6 147727 6 148241 7 148755 7 149269 7 149783 6 150297 7 150811 7 151325 6 151839 4 152352 2 187684 4 188196 18 188708 40 189230 41 189752 47 190282 39 190806 40 191332 33 191857 34 192378 37 192900 50 193421 46 193669 4 193952 34 194182 4 194480 20 194695 4 195008 3 195208 5 195722 5 196235 6 196749 6 197262 7 197776 7 198290 8 198804 8 199317 8 199831 8 200346 7 200860 7 201374 7 201888 6 202402 6 202915 7 203429 6 203943 6 204457 6 204971 5 205484 6 205998 6 206512 6 207026 6 207539 6 208053 6 208567 6 209080 6 209594 6 210108 5 210621 5 211134 5 211648 5 212161 5 212675 5 213188 6 213702 5 214216 3 237839 8 238348 15 238858 19 239368 9 239382 8 239879 5 239897 6 240391 3 240411 4 240902 4 240924 4 241414 3 241436 4 241926 3 241948 4 242439 3 242459 5 242951 4 242970 5 243464 4 243480 6 243978 2 243990 6 244500 6
test_0121_1,0 0
test_0121_2,0 0
test_0121_3,13598 5 14109 9 14626 6 15140 5 15653 5 16167 3 16679 4 17192 3 17703 4 18215 3 18725 4 19235 5 19745 6 20254 6 158344 2 158855 3 159367 4 159879 4 160391 3 160903 3 161415 4 161927 4 162438 5 162950 5 163462 5 163974 5 164486 5 164998 5 165510 4 166022 4 166534 4 167046 4 167558 4 168070 4 168582 4 169094 4 169606 4 170118 4 170630 4 171142 4 171654 4 172166 4 172678 4 173190 4 173702 4 174214 4 174726 4 175239 2 175751 2 176263 2 176775 1 197358 4 197870 8 198383 13 198899 14 199418 13 199934 15 200452 14 200968 13 201487 7 202002 4
test_0122_1,0 0
test_0122_2,29021 5 29531 9 30043 9 30554 10 31067 9 31579 8 32092 6 32606 3 77131 4 77640 9 78152 10 78664 10 79176 10 79689 8
test_0122_3,0 0
test_0123_1,91878 12 91896 4 92388 28 92898 33 93406 39 93916 43 94427 46 94938 48 95450 49 95962 50 96473 52 96985 53 97497 54 98009 55 98520 57 99032 57 99544 57 100056 58 100569 57 101081 58 101593 58 102105 59 102617 59 103130 58 103642 58 104155 57 104667 58 105180 57 105693 56 106206 55 106719 54 107232 53 107745 52 108258 50 108772 48 109286 45 109799 44 110312 42 110825 39 111339 36 111853 33 112367 29 112883 22 113411 4 174973 6 175482 13 175989 21 176500 30 177010 36 177521 40 178032 43 178543 44 179055 45 179566 47 180078 48 180590 50 181102 51 181613 53 182126 52 182638 52 183151 51 183664 50 184177 49 184690 48 185203 47 185716 46 186228 45 186741 44 187255 42 187768 40 188281 39 188794 37 189307 35 189821 32 190335 28 190849 25 191364 18 191879 2
test_0123_2,0 0
test_0123_3,0 0
test_0124_1,68337 5 68833 4 68847 8 69344 12 69358 10 69857 12 69871 8 70369 22 70881 22 71392 22 71904 25 72415 28 72496 3 72926 30 73007 5 73437 32 73518 7 73948 35 74029 8 74460 36 74538 12 74972 38 75049 14 75484 38 75559 16 75996 39 76070 17 76507 40 76581 19 77018 41 77092 21 77530 41 77602 24 78042 41 78112 27 78554 41 78623 29 79067 40 79134 32 79579 40 79646 33 80092 39 80158 34 80604 39 80669 36 81116 40 81181 37 81628 40 81692 39 82140 40 82203 40 82653 39 82716 40 83165 38 83229 40 83677 34 83741 41 84190 32 84254 41 84707 25 84766 41 85222 21 85279 40 85741 5 85747 5 85792 40 86305 40 86817 42 87330 42 87843 44 88355 44 88869 43 89382 43 89896 42 90409 42 90922 45 91436 48 91950 48 92464 48 92977 47 93490 46 94002 46 94515 45 95028 44 95542 43 96056 42 96568 41 97081 40 97593 40 98106 39 98618 39 99130 39 99642 39 100155 37 100667 37 101179 37 101692 36 102204 36 102717 35 103229 36 103742 35 104254 35 104767 35 105279 36 105791 38 106304 38 106816 39 107328 39 107840 39 108352 40 108865 40 109377 41 109890 40 110402 40 110915 39 111427 39 111939 37 112452 36 112964 35 113476 35 113988 35 114500 35 115012 34 115524 33 116036 33 116549 31 117062 30 117576 27 118089 26 118603 23 119117 21 119635 14 120149 11 120666 4
test_0124_2,0 0
test_0124_3,0 0
test_0125_1,151230 15 151740 21 152250 31 152760 34 153271 36 153782 42 154292 46 154802 48 155313 50 155824 51 156335 53 156846 54 157358 54 157869 56 158381 56 158893 56 159404 58 159916 58 160428 58 160940 58 161452 58 161964 58 162477 58 162989 58 163501 58 164014 57 164526 57 165038 57 165550 57 166063 57 166575 57 167087 57 167600 56 168112 57 168624 57 169137 57 169650 56 170162 56 170675 55 171187 56 171700 55 172213 55 172726 54 173238 55 173751 54 174264 54 174777 53 175290 53 175803 52 176316 51 176829 51 177342 50 177855 50 178368 49 178881 49 179393 50 179906 49 180419 49 180932 48 181446 47 181959 46 182472 46 182985 45 183498 44 184011 44 184524 43 185037 43 185550 43 186063 43 186576 43 187089 42 187602 42 188115 43 188629 42 189142 43 189655 43 190168 43 190682 42 191195 43 191708 44 192222 43 192735 44 193249 44 193762 44 194276 44 194789 44 195302 46 195815 46 196328 46 196841 45 197355 43 197869 43 198382 46 198894 48 199407 48 199919 55 200432 56 200945 55 201458 55 201970 56 202482 59 202995 59 203507 60 204020 59 204533 58 205046 56 205559 55 206072 54 206585 52 207098 50 207611 48 208124 46 208637 43 209150 41 209664 36 210177 32 210691 23 211205 20 211719 15 212235 10
test_0125_2,0 0
test_0125_3,0 0
test_0126_1,0 0
test_0126_2,186604 6 187113 11 187624 12 188136 12 188648 12 189161 10
test_0126_3,0 0
test_0127_1,102691 12 103199 22 103708 36 104218 41 104728 45 105238 48 105748 51 106258 57 106768 61 107278 65 107789 67 108300 68 108811 70 109321 72 109832 73 110343 75 110854 76 111364 79 111875 80 112386 81 112897 82 113408 82 113919 83 114430 83 114941 84 115452 86 115963 87 116475 87 116986 89 117497 90 118008 91 118519 92 119031 92 119542 92 120053 93 120565 92 121076 93 121588 92 122099 93 122610 93 123122 92 123633 93 124145 92 124656 92 125168 92 125680 91 126192 91 126704 91 127215 91 127727 90 128239 90 128750 90 129262 90 129774 89 130286 89 130798 88 131310 88 131823 87 132335 87 132848 85 133360 85 133873 85 134386 84 134899 83 135412 82 135925 82 136438 81 136951 81 137463 81 137976 80 138489 80 139002 79 139515 78 140027 79 140540 78 141053 77 141566 76 142080 75 142593 73 143106 72 143619 71 144132 70 144645 69 145158 69 145671 69 146184 69 146697 67 147210 66 147723 64 148236 62 148749 61 149262 59 149776 56 150290 54 150804 51 151318 48 151831 47 152345 43 152859 40 153373 37 153888 33 154403 20 154918 15
test_0127_2,0 0
test_0127_3,0 0
test_0128_1,0 0
test_0128_2,58295 5 58805 9 59316 10 59827 11 60339 10 60852 8 61365 5 228927 8 229437 12 229948 14 230460 14 230972 14 231484 13 231997 11 232511 6
test_0128_3,0 0
test_0129_1,103583 25 104093 37 104603 40 105114 42 105624 45 106135 47 106646 50 107157 52 107668 54 108179 56 108689 58 109200 60 109712 60 110223 62 110734 63 111246 63 111758 64 112269 65 112781 65 113293 66 113805 66 114317 66 114828 68 115340 68 115852 67 116365 66 116877 66 117390 65 117902 64 118415 63 118928 61 119442 58 119955 56 120468 54 120982 50 121495 48 122008 46 122522 42 123036 39 123551 34 124066 30 124587 20 125113 3
test_0129_2,0 0
test_0129_3,0 0
test_0130_1,0 0
test_0130_2,140610 5 141121 7 141633 8 142145 9 142657 9 143170 8 143686 2 161593 3 162103 7 162614 8 163126 8 163637 9 164149 9 164662 7 165174 6 165688 2
test_0130_3,0 0
test_0131_1,0 0
test_0131_2,0 0
test_0131_3,53824 3 54336 8 54849 11 55364 13 55881 12 56396 13 56914 11 57430 9 57947 6 158583 2 159094 4 159606 4 160119 3 160631 3 161143 3 161655 3 162167 3 162680 3 163192 3 163704 3 164216 3 164728 3 165240 3 165752 4 166265 3 166777 3 167289 3 167801 3 168314 2 168826 3 169338 3 169850 3 170362 3 170874 4 171386 4 171898 4 172411 4 172923 4 173436 3 173948 4 174460 4 174972 4 175484 4 175996 4 176509 3 177021 4 177533 4 178046 3 178558 3 179070 4 179582 4 180095 3 180607 3 181119 3 181632 3 182144 3 182656 3 183169 2 183681 3 184193 3 184706 3 185218 3 185730 3 186243 3 186755 3 187267 3 187779 3 188292 3 188804 3 189316 3 189829 3 190341 3 190853 3 191366 3 191878 3 192391 3 192903 3 193415 4 193928 3 194440 3 194953 3 195465 3 195977 3 196490 3 197002 4 197515 3 198028 2 198540 3 199052 3 199565 3 200077 3 200589 4 201102 4 201615 3 202127 4 202640 3 203152 4 203665 3 204177 4 204690 3 205203 3 205715 3 206228 3 206740 3 207253 3 207766 2 208279 1
test_0132_1,0 0
test_0132_2,159643 8 160152 12 160663 14 161174 14 161686 14 162199 11 162712 8 185431 10 185942 13 186453 15 186966 14 187478 14 187992 11 188511 1 192872 5 193380 11 193890 14 194402 15 194913 16 195425 16 195938 15 196451 13 196965 9
test_0132_3,0 0
test_0133_1,0 0
test_0133_2,0 0
test_0133_3,32552 4 33064 5 33578 5 34091 5 34604 6 35118 5 35631 6 36145 5 36658 6 37172 5 37685 5 38198 6 38712 5 39226 4 39739 5 40252 5 40766 5 41279 5 41792 5 42305 5 42819 5 43332 5 43845 5 44358 5 44872 5 45385 5 45898 5 46411 6 46925 6 47438 6 47952 5 48465 5 48978 5 49491 5 50004 5 50517 6 51030 6 51543 6 52056 5 52569 5 53082 5 53595 5 54108 5 54622 4 55134 5 55647 4 56160 4 56673 5 57186 5 57699 4 58212 4 58725 4 59238 4 59751 4 60263 5 60776 5 61289 5 61802 4 62314 6 62827 6 63340 5 63853 5 64366 5 64879 4 65392 4 65905 4 66417 4 66930 4 67443 4 67955 4 68468 4 68980 4 69493 4 70005 5 70518 4 71030 5 71543 5 72055 5 72568 5 73080 5 73592 5 74104 5 74617 4 75129 4 75641 4 76154 3 76666 3 77178 4 77690 4 78202 4 78715 3 79227 3 79740 2 94453 3 94964 4 95475 5 95986 5 96497 4 97008 4 97519 4 98029 5 98540 5 99051 5 99562 5 100073 5 100584 5 101095 5 101606 4 102117 5 102628 5 103140 4 103651 4 104162 4 104673 4 105184 4 105695 4 106206 4 106717 5 107228 5 107739 5 108250 5 108761 5 109272 5 109783 5 110294 5 110806 4 111317 4 111828 4 112339 4 112850 4 113362 4 113873 4 114384 4 114895 4 115406 4 115917 4 116428 4 116939 4 117450 4 117961 4 118472 4 118983 4 119494 4 120005 4 120516 4 121026 5 121537 5 122048 5 122558 6 123069 5 123580 4 124091 4 124602 4 125112 5 125623 5 126133 6 126644 5 127155 5 127666 5 128176 6 128687 5 129197 6 129708 6 130219 5 130729 6 130888 6 131240 6 131400 11 131751 5 131913 16 132261 6 132430 16 132772 6 132949 13 133283 5 133464 14 133794 5 133983 11 134305 5 134499 11 134816 4 135016 10 135327 4 135531 10 135838 4 136047 9 136349 4 136562 11 136860 4 137076 11 137371 4 137591 12 137883 3 138108 11 138623 11 139139 10 139654 11 140170 9 140686 8 141200 9 141715 9 142230 8 142745 7 143259 7 143774 6 144288 7 144802 7 145317 7 145832 6 146346 6 146860 6 147374 7 147888 8 148402 9 148916 9 149431 8 149946 6 150460 6 150974 6 151488 5 152002 5 152516 5 153030 5 153544 4 154058 1 186754 4 187266 5 187779 4 188292 3 188804 4 189317 3 189830 3 190342 4 190855 4 191368 4 191881 3 192393 4 192906 4 193419 4 193679 1 193931 4 194191 4 194444 4 194704 4 194957 3 195218 4 195470 3 195731 4 195982 4 196244 5 196495 3 196758 4 197007 4 197271 5 197520 4 197785 5 198032 5 198298 5 198545 5 198812 5 199058 4 199325 6 199570 5 199839 5 200083 4 200353 5 200596 4 200867 5 201108 4 201380 6 201621 3 201894 6 202134 3 202408 5 202646 4 202921 6 203158 4 203434 7 203671 4 203949 6 204183 4 204463 6 204696 4 204977 5 205208 5 205491 5 205721 4 206005 6 206234 4 206519 6 206746 4 207033 6 207258 4 207547 6 207771 4 208061 6 208283 4 208575 6 208796 4 209088 8 209308 4 209602 8 209821 3 210117 6 210333 4 210631 6 210846 3 211145 6 211358 4 211658 6 211870 4 212172 6 212382 4 212686 6 212894 5 213200 6 213406 5 213714 6 213918 5 214228 6 214430 5 214741 7 214942 5 215256 6 215454 5 215770 6 215966 5 216285 5 216478 6 216798 6 216990 6 217312 6 217503 5 217825 7 218016 4 218339 7 218528 4 218853 7 219040 4 219368 6 219552 4 219882 6 220064 4 220396 6 220576 4 220910 7 221088 4 221424 6 221600 4 221938 7 222112 3 222453 6 222624 3 222966 6 223136 3 223480 6 223648 3 223994 7 224160 3 224508 7 224672 3 225022 7 225184 3 225536 7 225696 3 226051 7 226207 4 226565 6 226719 4 227079 6 227231 4 227594 5 227743 4 228107 7 228255 3 228621 7 228767 3 229135 7 229278 4 229650 6 229790 4 230163 8 230302 4 230678 7 230814 4 231193 4 231326 4 231838 4 232350 4 232862 4 233374 4 233885 5 234397 5 234909 5 235421 5 235932 6 236444 5 236956 5 237468 5 237980 5 238492 5 239004 4 239516 4 240028 4 240540 4 241051 5 241563 4 242074 5 242586 4 243098 4 243610 4 244122 3 244633 4 245145 4 245657 3 246170 2
test_0134_1,134908 9 135417 17 135926 24 136437 27 136947 31 137457 34 137967 41 138478 44 138988 48 139498 50 140008 53 140519 55 141029 57 141540 59 142050 62 142560 65 143070 68 143580 70 144090 72 144600 74 145111 76 145621 79 146131 81 146641 83 147151 85 147661 88 148171 90 148681 91 149190 94 149699 97 150208 99 150718 101 151227 103 151736 106 152246 107 152755 109 153265 103 153373 1 153774 105 154284 106 154794 107 155304 109 155814 110 156325 110 156836 111 157347 111 157858 111 158369 111 158880 112 159391 112 159902 113 160414 112 160925 113 161436 113 161947 114 162458 115 162969 116 163479 120 163990 122 164502 122 165013 122 165524 123 166035 123 166547 123 167059 123 167571 122 168083 121 168596 119 169109 117 169622 115 170135 113 170648 110 171161 97 171262 4 171675 92 172188 90 172703 84 173218 78 173734 71 174254 44 174774 16
test_0134_2,0 0
test_0134_3,0 0
test_0135_1,0 0
test_0135_2,0 0
test_0135_3,17526 3 18038 3 18550 3 19061 4 19573 3 20085 3 20596 4 21108 4 21620 4 22131 4 22643 4 23154 5 23666 4 24178 4 24690 4 25202 4 25714 4 26226 4 26738 4 27249 5 27761 5 28273 4 28785 4 29297 4 29809 5 30321 4 30833 4 31345 4 31478 1 31857 4 31990 4 32370 3 32502 6 32882 3 33016 7 33393 4 33530 7 33905 4 34045 6 34417 3 34559 7 34929 3 35074 6 35440 4 35588 6 35952 4 36102 6 36464 4 36616 7 36976 4 37130 7 37488 4 37644 7 38000 4 38159 7 38512 4 38673 7 39024 4 39188 6 39536 4 39702 6 40048 3 40216 6 40560 3 40730 6 41072 3 41244 6 41584 3 41758 6 42096 3 42272 6 42608 3 42786 7 43119 4 43300 7 43632 3 43814 8 44144 3 44329 7 44656 3 44843 6 45168 3 45357 6 45680 3 45871 6 46192 3 46384 7 46704 4 46898 7 47216 4 47412 7 47728 5 47927 7 48240 6 48442 6 48753 5 48956 6 49265 5 49470 6 49777 5 49983 7 50289 5 50498 6 50801 5 51012 6 51314 4 51526 6 51826 4 52039 7 52338 4 52553 7 52851 4 53066 8 53363 4 53580 8 53876 4 54095 7 54388 4 54610 6 54900 4 55124 7 55413 4 55638 6 55925 4 56152 6 56437 5 56666 6 56950 4 57180 6 57462 4 57695 5 57974 5 58208 6 58487 5 58722 7 59000 4 59235 7 59513 4 59750 6 60026 4 60264 6 60538 4 60778 6 61051 4 61292 5 61563 4 61806 5 62076 4 62319 6 62588 4 62833 5 63101 3 63347 5 63613 5 63861 5 64126 4 64374 6 64639 4 64888 6 65152 3 65402 5 65664 4 65915 5 66177 4 66428 6 66690 4 66942 6 67202 4 67456 6 67715 4 67970 5 68228 4 68485 3 68741 3 69253 4 69766 4 70278 4 70791 4 71304 4 71817 4 72330 4 72842 4 73355 4 73867 5 74380 4 74893 5 75406 5 75919 5 76432 3 76945 1 145228 3 145739 4 146250 4 146761 4 147272 5 147783 5 148294 5 148805 5 149316 5 149828 4 150339 4 150850 4 151362 4 151873 4 152384 4 152895 5 153406 4 153917 4 154428 4 154939 4 155450 4 155961 4 156473 4 156984 4 157495 4 158006 4 158517 4 159028 4 159539 4 160050 4 160562 3 161073 3 161584 4 162096 2 162608 1
test_0136_1,0 0
test_0136_2,0 0
test_0136_3,55880 4 56392 4 56905 3 57417 3 57930 3 58442 3 58954 4 59467 3 59979 4 60492 3 61004 4 61517 3 62029 4 62541 5 63054 4 63566 4 64079 4 64591 4 65103 4 65616 4 66128 4 66640 4 67153 4 67665 4 68178 2
test_0137_1,0 0
test_0137_2,30311 8 30821 11 31330 14 31841 15 32352 15 32864 14 33376 13 33888 13 34401 10 34914 3 40728 6 41238 8 41750 7 42263 6 42775 5 43294 2 43805 4 44318 2
test_0137_3,0 0
test_0138_1,0 0
test_0138_2,0 0
test_0138_3,29963 4 30476 4 30989 5 31502 5 32016 5 32529 5 33043 5 33556 6 33901 4 34070 6 34412 5 34583 6 34923 5 35096 6 35434 5 35610 5 35946 4 36123 5 36457 4 36637 5 36968 4 37150 6 37479 4 37664 5 37990 5 38178 4 38500 6 38691 5 39009 8 39204 5 39520 9 39717 5 40032 8 40230 5 40544 6 40744 5 41055 6 41257 5 41567 5 41770 5 42078 5 42284 4 42590 4 42796 6 43101 5 43310 5 43613 4 43823 6 44124 5 44337 5 44636 4 44850 5 45148 4 45364 5 45660 4 45877 5 46171 5 46390 5 46683 4 46903 5 47195 4 47416 6 47707 4 47930 5 48219 4 48443 5 48502 3 48731 4 48956 5 49014 4 49242 4 49469 4 49527 4 49754 4 49982 4 50039 4 50266 4 50495 4 50552 4 50777 4 51008 4 51065 4 51289 4 51521 4 51577 5 51800 4 52034 4 52090 4 52312 4 52547 4 52603 4 52824 4 53060 4 53115 5 53335 4 53573 4 53628 4 53847 4 54086 4 54140 5 54359 4 54599 4 54653 5 54871 4 55112 4 55166 4 55382 4 55624 5 55679 4 55894 4 56138 4 56191 4 56406 4 56650 5 56704 4 56917 4 57163 5 57216 4 57429 4 57676 5 57729 4 57940 4 58189 5 58242 3 58452 4 58702 4 58754 4 58963 4 59214 5 59267 3 59475 4 59727 5 59779 4 59986 4 60240 5 60292 4 60498 3 60753 5 60805 4 61009 4 61266 5 61318 3 61521 3 61779 5 61830 4 62032 4 62292 4 62343 3 62544 3 62805 4 62855 4 63317 5 63368 4 63830 4 63880 4 64343 4 64393 4 64856 4 64906 4 65368 4 65418 4 65881 4 65931 4 66394 3 66444 4 66906 4 66956 5 67418 4 67469 5 67931 4 67982 5 68444 4 68496 4 68956 5 69008 4 69469 4 69521 4 69981 4 70033 5 70494 4 70546 5 71006 4 71059 5 71518 4 71572 5 72030 4 72086 3 72542 4 72599 3 73054 4 73112 1 73566 4 74078 4 74591 4 75103 4 75616 3 76128 3 76641 2 91867 3 92377 5 92888 5 93399 5 93910 5 94421 5 94932 5 95443 5 95954 5 96465 5 96976 5 97487 5 97998 5 98509 5 99020 5 99532 4 100043 4 100554 4 101065 4 101577 4 102088 4 102599 4 103110 4 103621 4 104132 5 104643 5 105154 5 105665 5 106176 5 106687 5 107198 5 107709 5 108221 4 108732 4 109243 4 109754 4 110265 4 110777 4 111288 4 111799 4 112310 4 112821 5 113332 5 113843 5 114354 4 114865 5 115376 4 115887 4 116398 4 116909 4 117420 4 117931 5 118442 4 118953 4 119463 5 119974 5 120485 5 120995 5 121506 5 122017 5 122528 5 123039 5 123550 4 124060 5 124571 5 125081 6 125592 6 126103 5 126614 5 126752 3 127125 5 127263 11 127635 6 127776 18 128145 7 128292 21 128656 6 128813 17 129167 6 129330 16 129678 5 129849 15 130188 6 130366 14 130699 6 130884 12 131210 6 131400 12 131721 5 131918 10 132231 6 132434 10 132742 6 132950 8 133253 5 133464 11 133765 4 133980 10 134275 5 134494 12 134787 4 135011 10 135298 4 135526 11 135810 3 136042 11 136557 11 137074 8 137590 7 138104 9 138619 8 139134 8 139649 7 140163 7 140678 6 141192 7 141706 7 142221 7 142736 7 143249 7 143763 8 144278 8 144792 9 145306 9 145820 9 146335 8 146850 7 147364 7 147879 5 148393 5 148907 5 149421 5 149935 4 150448 4 150963 2 183661 2 184172 4 184685 4 185197 4 185710 4 186223 3 186736 3 187248 4 187761 4 188274 4 188786 4 189299 4 189812 4 190325 4 190837 4 191350 4 191608 3 191863 3 192121 4 192376 3 192634 5 192888 4 193148 4 193401 3 193661 5 193913 4 194175 4 194426 4 194688 5 194939 4 195202 5 195452 4 195715 5 195964 5 196229 5 196477 4 196743 5 196990 4 197256 6 197502 4 197770 6 198015 3 198284 6 198528 3 198798 5 199040 4 199312 5 199552 5 199825 6 200065 4 200339 6 200577 4 200852 7 201090 4 201366 7 201602 4 201880 6 202115 4 202394 6 202628 4 202908 6 203140 4 203422 6 203652 5 203936 6 204165 4 204450 6 204677 5 204964 6 205190 4 205479 6 205702 4 205993 6 206215 4 206506 7 206727 4 207020 8 207240 3 207534 8 207752 4 208049 6 208264 4 208563 6 208776 4 209077 5 209289 4 209590 6 209801 4 210104 6 210313 4 210618 6 210825 5 211132 6 211337 5 211646 6 211849 5 212160 6 212361 5 212674 7 212874 4 213189 6 213386 4 213703 6 213898 5 214217 6 214411 4 214731 6 214923 4 215244 6 215436 3 215758 7 215948 3 216272 7 216459 4 216787 6 216971 4 217302 5 217483 4 217815 6 217995 4 218329 6 218507 4 218843 6 219019 4 219357 6 219531 3 219871 6 220043 3 220385 6 220555 3 220899 6 221067 3 221414 6 221579 3 221927 7 222091 3 222441 7 222603 3 222955 9 223115 3 223470 8 223626 4 223985 6 224138 4 224499 6 224650 4 225012 7 225162 4 225527 7 225674 4 226041 7 226186 4 226556 6 226698 4 227069 8 227209 5 227584 7 227721 4 228099 6 228233 4 228614 3 228745 4 229257 5 229769 5 230281 5 230793 5 231305 5 231817 4 232329 4 232841 4 233352 5 233864 5 234376 5 234888 5 235400 5 235912 4 236424 4 236936 4 237448 4 237959 4 238471 4 238982 5 239494 4 240006 4 240518 4 241030 4 241542 3 242054 3 242566 2
test_0139_1,0 0
test_0139_2,86226 5 86736 10 87248 11 87760 11 88272 11 88785 9 89302 2 178970 5 179479 10 179990 12 180501 14 181013 14 181526 13 182039 12 182553 9 183068 4 216688 3 217198 9 217709 11 218221 12 218734 11 219247 9 219761 6
test_0139_3,0 0
test_0140_1,0 0
test_0140_2,0 0
test_0140_3,102650 3 103162 5 103675 4 104188 4 104701 4 105214 4 105727 4 106240 4 106752 5 107265 4 107778 4 108290 5 108803 5 109316 4 109828 5 110342 4 110854 5 111367 5 111880 5 112392 5 112905 5 113418 5 113931 4 114444 4 114956 5 115469 5 115982 5 116495 5 117008 5 117521 5 118034 4 118546 5 119059 5 119571 5 120084 5 120597 5 121110 5 121622 5 122135 5 122648 5 123160 5 123673 5 124186 4 124698 5 125211 5 125724 4 126236 5 126749 5 127262 4 127774 5 128287 5 128799 5 129312 4 129824 5 130337 4 130849 5 131362 4 131874 4 132386 5 132899 3 184595 9 185098 18 185600 26 186109 23 186621 13
test_0141_1,97432 2 97438 8 97937 31 98447 47 98957 58 99466 69 99975 82 100486 101 100996 106 101506 111 102017 114 102527 117 103038 119 103548 122 104058 126 104569 128 105080 130 105590 133 106101 134 106612 136 107123 138 107633 140 108144 141 108655 143 109166 144 109677 145 110188 146 110699 147 111210 147 111721 148 112232 148 112743 149 113255 148 113766 148 114277 148 114788 148 115300 146 115811 145 116322 145 116833 144 117344 84 117443 44 117852 79 117983 3 117990 5 118364 73 118878 65 119392 60 119905 57 120418 54 120931 50 121444 45 121958 40 122472 34 122987 18 123502 10 124015 6
test_0141_2,0 0
test_0141_3,0 0
test_0142_1,96924 10 97432 16 97940 22 98447 28 98953 40 99462 46 99969 53 100478 57 100986 61 101495 65 102002 70 102505 80 103013 84 103523 86 104033 88 104543 90 105053 93 105563 95 106074 96 106585 97 107096 98 107607 99 108117 101 108628 102 109140 102 109651 103 110163 103 110674 103 111186 103 111698 103 112209 103 112721 103 113233 103 113745 102 114257 102 114770 100 115282 99 115795 98 116307 97 116820 95 117333 93 117846 92 118360 89 118873 87 119386 85 119900 81 120415 77 120937 66 121453 58 121997 6 122011 10 122527 1 123039 1 123551 1 124062 3 126568 1 127078 4 127590 4 128103 3 146290 18 146797 25 147305 32 147813 47 148323 51 148834 53 149343 57 149853 59 150363 63 150874 65 151385 67 151896 69 152407 71 152919 71 153430 73 153942 73 154454 73 154965 74 155477 75 155989 75 156501 75 157013 75 157525 74 158038 73 158551 71 159064 70 159577 68 160089 68 160602 66 161115 64 161629 61 162143 59 162656 57 163169 54 163683 51 164199 45 164714 40 165233 7 165244 21 165769 5 197820 9 198329 14 198840 18 199351 22 199862 27 200373 30 200885 31 201396 33 201908 34 202420 35 202932 35 203444 35 203956 35 204469 34 204982 33 205494 33 206007 31 206520 29 207033 27 207547 24 208060 22 208575 7
test_0142_2,0 0
test_0142_3,0 0
test_0143_1,79989 7 80501 9 81012 14 81523 17 82035 17 82547 17 83059 17 83572 15 84085 10 84598 9 85113 4 191316 9 191826 13 192337 16 192848 23 193359 25 193870 26 194381 27 194892 28 195404 27 195916 27 196429 24 196942 21 197455 19 197967 17 198480 14 198994 7
test_0143_2,0 0
test_0143_3,0 0
test_0144_1,0 0
test_0144_2,55483 7 55994 9 56506 9 57018 9 57531 8 58044 5 129940 6 130451 9 130963 9 131475 8 131989 3 172896 4 173405 9 173915 12 174427 11 174939 10 175451 8 212612 8 213122 12 213633 14 214145 14 214657 14 215170 12 215684 8
test_0144_3,0 0
test_0145_1,144146 13 144652 23 145162 27 145671 32 146180 38 146690 42 147200 45 147710 49 148220 57 148731 60 149241 64 149752 66 150263 68 150774 70 151285 73 151796 76 152306 79 152816 82 153326 85 153836 88 154346 90 154855 94 155366 96 155877 97 156387 100 156898 101 157409 102 157920 103 158432 103 158943 104 159455 104 159966 105 160477 106 160988 107 161499 108 162011 107 162522 108 163034 108 163545 108 164057 108 164569 107 165081 106 165593 106 166106 104 166618 103 167130 102 167643 100 168155 99 168668 96 169180 94 169693 91 170206 86 170719 83 171233 78 171747 74 172259 71 172773 67 173287 64 173800 61 174313 57 174827 51 175341 43 175859 25 175886 6
test_0145_2,0 0
test_0145_3,0 0
test_0146_1,64176 12 64664 46 65153 12 65170 58 65663 80 65745 5 66173 93 66684 95 67195 96 67707 97 68218 98 68730 98 69241 99 69752 99 70264 99 70775 99 71287 99 71799 98 72311 97 72824 95 73336 93 73848 90 74361 87 74874 82 75386 80 75899 74 76412 71 76925 67 77438 64 77951 60 78464 57 78977 53 79490 50 80003 48 80516 45 81029 42 81542 40 82054 39 82567 37 83079 36 83592 34 84105 33 84618 31 85130 31 85643 29 86155 29 86668 28 87180 27 87692 27 88204 27 88717 26 89229 26 89741 25 90254 24 90767 6 90775 14 91281 2 91289 11
test_0146_2,0 0
test_0146_3,0 0
test_0147_1,0 0
test_0147_2,0 0
test_0147_3,45733 7 46245 17 46762 19 47278 22 47800 16 48318 20 48837 17 49352 20 49874 13 50390 13 50908 11 51424 11 51941 12 52456 12 52974 11 53491 9 54005 12 54519 13 55033 13 55548 13 55724 1 56066 12 56235 3 56582 12 56747 3 57099 12 57258 4 57615 13 57770 4 58132 12 58282 4 58647 15 58794 4 59166 14 59305 4 59682 14 59817 4 60202 14 60328 5 60717 13 60840 4 61237 5 61352 4 61864 4 62375 5 62887 5 63399 5 63911 4 64422 5 64934 5 65446 5 65958 4 66469 5 66981 5 67493 5 68005 5 68517 4 69029 4 69540 5 70052 5 70564 5 71076 4 71587 5 72099 5 72611 5 73122 5 73634 5 74146 5 74658 5 75170 5 75682 4 76194 4 76705 5 77217 5 77729 5 78240 6 78752 6 79264 5 79776 5 80287 6 80799 5 81310 6 81822 6 82334 5 82846 5 83358 5 83765 4 83870 5 84273 8 84382 5 84779 13 84894 5 85288 13 85406 5 85795 14 85918 5 86303 13 86430 5 86813 12 86942 5 87322 10 87454 5 87831 10 87966 5 88340 9 88478 5 88847 11 88990 5 89354 13 89502 5 89860 16 90014 5 90369 13 90526 5 90875 15 91038 5 91382 15 91550 5 91888 17 92062 5 92387 25 92574 5 92890 30 93086 5 93396 28 93598 5 93905 20 94110 5 94413 13 94622 6 94921 12 95134 6 95430 11 95646 5 95940 10 96158 5 96447 10 96670 5 96957 9 97182 5 97467 8 97695 4 97977 7 98207 4 98485 8 98719 5 98994 9 99231 5 99503 9 99743 5 100013 8 100255 4 100522 8 100769 1 101032 8 101541 8 102051 7 102561 7 103071 7 103581 7 104092 6 104601 7 105111 7 105621 7 106131 6 106640 7 107150 7 107662 4 108174 2 122539 2 123051 5 123564 7 124079 6 124593 6 125107 7 125621 8 126136 7 126650 7 127164 7 127679 6 128194 6 128707 7 129222 6 129736 7 130251 7 130765 8 131280 6 131794 6 132308 6 132822 7 133336 7 133851 5 134365 5 134879 6 135393 7 135907 8 136422 7 136936 7 137451 6 137965 6 138479 6 138992 7 139507 6 140021 7 140536 7 141050 6 141564 5 142078 5 142592 5 143105 6 143619 6 144133 6 144647 6 145161 6 145675 6 146189 6 146702 7 147216 7 147730 7 148244 7 148758 7 149272 7 149786 7 150300 8 150814 7 151328 6 151842 3 187174 2 187685 10 188198 24 188714 36 189235 40 189760 41 190286 39 190814 35 191339 28 191861 30 192382 36 192902 49 193159 3 193427 44 193671 4 193956 32 194184 5 194485 16 194697 5 195211 5 195724 6 196238 6 196752 6 197265 7 197779 7 198292 8 198806 8 199320 8 199834 8 200349 7 200863 7 201376 8 201890 8 202404 7 202919 3 237329 3 237836 14 238346 18 238857 8 238869 9 239368 6 239385 6 239879 5 239898 5 240391 3 240412 4 240902 4 240924 4 241414 4 241436 4 241927 3 241948 4 242439 4 242459 5 242952 4 242969 6 243465 5 243480 6 243979 6 243987 9 244495 9
test_0148_1,0 0
test_0148_2,0 0
test_0148_3,68734 2 69246 3 72318 13 72814 29 73303 50 73814 42 74328 13 108330 2 108841 3 109352 4 109864 4 110376 4 110888 4 111399 5 111911 5 112423 5 112936 3 113448 3 113960 3 114471 4 114983 4 115495 4 116007 4 116519 4 117031 4 117542 4 118054 4 118566 4 119078 4 119590 3 120102 3 120614 3 121126 3 121638 3 122150 3 122662 3 123174 3 123686 3 124198 4 124709 5 125221 4 125733 4 126245 4 126757 4 127269 4 127781 4 128294 3 128806 3 129318 3 129830 3 130342 3 130853 4 131365 4 131877 4 132389 4 132900 5 133412 4 133924 4 134436 4 134948 4 135460 4 135972 4 136484 4 136996 4 137508 4 138020 4 138532 4 139044 3 139556 3 140067 4 140579 4 141091 4 141603 4 142115 4 142627 4 143138 4 143650 4 144162 4 144674 5 145186 5 145698 5 146210 5 146722 5 147234 5 147746 5 148258 5 148770 5 149282 5 149794 5 150306 5 150818 5 151330 5 151842 5 152355 4 152867 4 153379 4 153891 4 154403 4 154916 3 155428 3 155940 3 156452 3 156964 3 157265 3 157476 3 157777 7 157988 3 158290 11 158500 2 158806 11 159012 2 159322 10 159525 1 159838 11 160354 10 160869 11 161384 12 161899 14 162197 2 162416 12 162708 4 162932 12 163220 4 163448 13 163732 4 163964 12 164245 4 164480 19 164757 4 164996 19 165270 3 165515 15 165782 4 166034 12 166294 4 166551 11 166807 4 167066 13 167319 4 167584 11 167832 4 168099 12 168344 4 168617 12 168856 4 169132 15 169368 4 169649 16 169881 4 170165 15 170393 4 170685 12 170905 4 171202 8 171417 4 171930 4 172443 3 172955 4 173468 3 173980 4 174492 4 175005 3 175517 4 176030 4 176542 5 177054 5 177567 5 178080 4 178592 5 179105 5 179618 4 180130 5 180643 4 181156 4 181668 4 182181 4 182693 5 183206 4 183719 4 184232 4 184744 4 185257 4 185770 4 186282 4 186795 4 187308 4 187821 3 188333 4 188846 3 189358 4 189871 3 190383 4 190896 3 191408 4 191921 3 192433 4 192946 4 193459 3 193971 4 194484 3 194996 4 195508 4 196021 3 196533 4 197046 4 197558 4 198071 3 198583 4 199096 3 199608 4 200121 3 200634 3 201146 3 201659 2 218301 5 218807 12 219314 16 219819 18 220324 18 220828 21 221332 20 221800 1 221831 28 222310 10 222328 36 222821 46 223334 37
test_0149_1,0 0
test_0149_2,0 0
test_0149_3,53082 3 53593 4 54104 5 54615 5 55126 5 55637 5 56148 5 56659 5 57170 5 57681 5 58192 6 58703 6 59214 6 59725 6 60236 6 60747 6 61258 5 61769 5 62280 5 62791 5 63302 5 63813 5 64324 5 64835 6 65345 7 65857 6 66367 6 66878 6 67389 5 67899 6 68410 6 68921 6 69431 6 69941 7 70452 6 70963 6 71474 5 71984 7 72494 8 73005 8 73515 9 74025 9 74536 9 75047 9 75557 9 76067 9 76578 8 77087 9 77598 8 78107 9 78617 8 79127 8 79637 8 80146 8 80656 7 81165 8 81676 7 82187 6 82700 2 94939 3 95451 4 95964 3 96476 4 96989 3 97502 3 98014 3 98526 4 99039 3 99551 4 100064 3 100576 4 101089 3 101602 3 102114 3 102627 3 103139 3 103652 3 104164 3 104677 3 105189 3 105702 3 106214 4 106727 3 107239 4 107752 3 108264 4 108777 3 109289 4 109802 3 110314 3 110826 4 111339 3 111851 4 112364 3 112876 4 113388 4 113901 4 114413 4 114926 4 115438 4 115950 4 116463 3 116975 4 117487 4 118000 3 118512 4 119024 4 119537 3 120048 4 120560 4 121073 4 121585 4 122097 4 122610 3 123122 3 123634 3 124146 3 124658 4 125170 4 125682 4 126194 4 126706 4 127047 2 127218 4 127558 4 127730 4 128070 5 128242 4 128583 5 128754 4 129096 6 129266 4 129608 6 129779 3 130121 6 130291 3 130634 5 130803 3 131146 6 131315 3 131659 5 131827 3 132172 5 132339 3 132684 6 133197 5 133710 5 134222 6 134735 5 135248 5 135761 5 136274 4 136787 4 137300 4 137813 3 138326 3 138839 2 152353 4 152866 6 153379 7 153893 7 154407 7 154921 7 155435 7 155949 7 156464 7 156978 7 157492 7 158006 7 158520 9 159035 8 159548 9 160062 8 160576 7 161090 7 161605 6 162120 5 162634 5 163148 5 163661 6 164175 6 164689 6 165204 6 165717 6 166232 5 166745 6 167259 6 167773 6 168288 5 168801 6 169315 5 169829 6 170342 6 170856 6 171370 5 171884 5 172397 5 172910 6 173424 6 173938 5 174451 6 174965 5 175478 6 175992 6 176505 6 177018 6 177532 5 178045 5 178559 5 179072 5 179585 5 180099 4 180613 1 186060 2 186572 6 187086 8 187600 9 188116 8 188630 9 189145 9 189660 9 190174 10 190689 11 191204 13 191718 15 192235 13 192753 11 193270 9 193786 9 194302 8 194817 9 195332 9 195848 9 196364 8 196879 9 197394 9 197908 9 198424 8 198939 7 199454 6 199968 6 200482 6 200996 7 201510 7 202024 6 202538 6 203052 6 203566 5 204080 5 204593 6 205107 5 205620 5 206133 5 206646 6 207159 6 207673 5 208186 5 208699 5 209212 6 209726 5 210238 6 210752 5 211264 5 211778 4 212291 4 212804 4 213317 4 213830 5 214343 5 214856 4 246842 3 247356 3 247869 4 248383 4 248896 4 249411 3 249926 2
test_0150_1,0 0
test_0150_2,22408 5 22918 8 23429 9 23942 7 24454 6 74851 9 75361 13 75873 15 76385 16 76898 15 77411 13 144248 6 144759 8 145270 10 145782 10 146294 10 146807 8 147320 5
test_0150_3,0 0
test_0151_1,0 0
test_0151_2,0 0
test_0151_3,47244 4 47756 4 48268 4 48781 3 49293 3 49805 3 50317 4 50829 4 51342 3 51854 4 52366 4 52878 4 53390 4 53848 2 53902 4 54360 7 54414 4 54872 11 54927 4 55387 12 55439 4 55905 10 55951 4 56420 11 56463 4 56936 11 56975 4 57452 11 57488 3 57969 10 58000 3 58485 11 58512 3 59001 11 59024 3 59517 11 59536 3 60034 10 60046 5 60549 14 61065 11 61580 11 62094 12 62606 15 63118 5 63127 10 63629 5 63642 9 64141 4 64158 10 64652 4 64674 8 65163 5 65190 3 65675 4 66186 4 66697 5 67209 4 67720 5 68231 5 68743 5 69254 5 69766 4 70278 4 70790 3 71302 3 71813 4 72326 2 79241 8 79747 13 80254 13 80762 13 81268 13 81771 18 82278 17 82784 18 83288 18 83789 24 84293 24 84789 30 85291 30 85784 39 86288 32 86799 23 106091 1 106602 2 107113 3 107625 3 108136 4 108648 4 109159 5 109671 4 110183 4 110695 4 111206 4 111718 4 112230 4 112742 4 113254 4 113766 3 114278 3 114789 4 115301 4 115813 4 116325 4 116837 4 117348 5 117860 5 118372 5 118884 5 119395 5 119907 5 120419 5 120931 5 121443 5 121955 5 122467 5 122978 5 123490 5 124002 5 124513 6 125025 5 125537 5 126049 5 126561 5 127073 5 127584 6 128096 5 128608 5 129119 5 129631 5 130143 5 130655 5 131167 5 131679 4 132190 5 132702 5 133214 4 133726 4 134237 5 134749 5 135260 6 135772 6 136284 5 136796 5 137307 6 137819 5 138331 5 138843 5 139355 5 139867 4 140379 4 140891 4 141403 3 141915 3 142426 4 142938 4 143450 3 143963 2 144475 1 160138 3 160650 3 161162 3 161674 3 162186 3 162698 3 163210 3 163722 3 164234 3 164747 3 165259 3 165771 3 166283 3 166795 3 167307 3 167820 2 168332 2 168844 3 169356 3 169868 3 170381 2 170893 2 171405 3 171709 3 171917 3 172221 8 172429 3 172735 10 172941 3 173250 11 173453 4 173766 10 173965 4 174281 11 174478 3 174797 11 174990 4 175312 12 175502 4 175828 12 176014 4 176344 10 176526 4 176860 9 177038 4 177375 9 177551 4 177891 7 178063 4 178406 8 178575 4 178921 8 179088 3 179437 7 179600 4 179952 7 180112 4 180467 8 180624 4 180982 8 181137 3 181497 8 181649 3 182012 8 182161 3 182528 7 182673 3 183042 8 183186 3 183557 8 183698 3 184072 7 184210 3 184587 7 184723 3 185102 7 185235 3 185616 8 185747 3 186131 8 186259 3 186646 7 186772 3 187160 7 187284 3 187674 8 187796 3 188189 7 188309 2 188704 7 188821 3 189218 7 189333 3 189733 6 189845 3 190247 7 190358 2 190762 6 190870 3 191276 7 191382 3 191790 7 191895 3 192304 8 192407 3 192819 7 192919 3 193333 8 193432 3 193847 7 193944 3 194362 5 194456 3 194968 4 195481 3 195994 3 196506 3 197018 3 197531 3 198043 3 198556 2 199068 3 199581 2 200093 3 200606 2 201118 3 201630 3 202143 3 202655 3 203168 3 203680 3 204193 3 204705 3 205218 3 205730 3 206243 3 206755 3 207268 3 207780 3 208293 3 208806 2
test_0152_1,58253 6 58763 14 58778 1 58780 11 59273 32 59780 39 60290 42 60801 44 61311 47 61822 48 62333 50 62844 53 63356 54 63867 55 64378 57 64890 58 65402 58 65913 60 66425 61 66937 61 67449 61 67961 61 68473 62 68985 62 69497 62 70009 62 70522 61 71034 61 71546 61 72058 61 72570 61 73083 60 73595 60 74107 60 74620 59 75132 59 75645 57 76158 56 76671 54 77185 51 77699 48 78212 45 78726 39 79239 29 79271 2 79754 25 80269 21 80785 15
test_0152_2,0 0
test_0152_3,0 0
test_0153_1,0 0
test_0153_2,88292 6 88802 10 89314 11 89826 11 90339 10 90853 8 91368 4 119558 4 120068 9 120579 11 121091 10 121603 9 122116 6 199952 8 200462 15 200974 14 201486 9 201998 7 202511 4 218745 2 219255 7 219766 8 220278 9 220790 8 221303 6 221818 1
test_0153_3,0 0
test_0154_1,0 0
test_0154_2,0 0
test_0154_3,0 0
test_0155_1,0 0
test_0155_2,0 0
test_0155_3,50893 3 51404 4 51916 3 52428 3 52940 3 53451 4 53963 3 54474 4 54986 4 55498 3 56010 3 56521 4 57033 4 57545 4 58056 4 58568 4 59080 4 59592 3 60103 4 60614 5 61126 4 61638 4 62150 4 62662 3 63173 4 63685 3 64197 3 94270 2 94782 4 95295 5 95808 6 96322 6 96836 5 97350 5 97864 5 98377 6 98891 6 99404 6 99918 6 100431 7 100944 7 101458 6 101972 5 102485 6 102998 6 103512 5 104025 6 104539 5 105052 5 105565 5 106078 6 106592 5 107105 5 107618 5 108131 6 108644 6 108826 3 109157 6 109339 4 109670 6 109852 4 110184 5 110365 4 110698 5 110878 5 111210 6 111392 4 111724 6 111905 5 112237 6 112418 5 112751 5 112932 4 113264 5 113445 5 113778 5 113958 5 114291 6 114472 5 114805 6 114985 6 115319 5 115499 6 115832 6 116013 5 116346 4 116527 5 117041 5 117555 5 118068 6 118582 6 119096 6 119610 6 120124 6 120638 6 121152 6 121666 7 122180 7 122695 6 123209 6 123723 7 124238 6 124752 6 125267 6 125782 6 126296 6 126810 7 127325 7 127840 7 128354 8 128633 1 128870 6 129144 2 129384 6 129898 7 130413 7 130928 6 131442 7 131957 7 132472 6 132986 7 133501 6 134015 7 134530 5 135045 2 168778 4 169290 8 169804 10 170319 13 170835 13 171350 14 171867 12 172383 13 172898 15 173413 17 173930 19 174448 18 174968 18 175486 14 176007 3 189568 6 190078 6 190587 7 191096 8 191606 7 192115 7 192624 8 193133 8 193642 8 194152 8 194660 8 195170 8 195679 8 196189 7 196697 9 197207 8 197716 7 198225 8 198734 8 199244 8 199753 7 200262 8 200771 9 201283 5
test_0156_1,0 0
test_0156_2,83819 3 84328 7 84838 9 85349 10 85862 8 86374 7 86887 4 140667 4 141177 7 141688 9 142199 9 142709 10 143221 9 143733 8 144246 6 144760 3 158365 5 158876 7 159386 9 159896 11 160407 12 160919 11 161431 8 161944 5 162458 1 169242 9 169752 12 170263 13 170775 13 171287 12 171801 7
test_0156_3,0 0
test_0157_1,0 0
test_0157_2,38020 3 38528 8 38781 8 39039 9 39292 10 39550 11 39803 11 40062 11 40315 11 40575 9 40828 9 41088 8 41341 7 41602 5 140169 7 140680 10 141191 11 141703 11 142215 9 142728 7 217270 8 217781 10 218292 11 218803 12 219315 11 219828 7
test_0157_3,0 0
test_0158_1,143009 29 143519 36 144029 46 144540 63 145051 74 145562 94 146073 99 146584 102 147095 105 147606 107 148117 110 148629 111 149140 115 149651 117 150163 118 150674 120 151186 121 151697 123 152209 124 152721 125 153233 125 153745 126 154257 127 154770 126 155282 127 155794 128 156307 127 156820 127 157332 127 157845 125 158358 124 158872 121 159385 119 159899 117 160412 116 160926 113 161440 110 161954 107 162469 102 162985 96 163501 89 164018 82 164539 61 165062 23 165092 8
test_0158_2,0 0
test_0158_3,0 0
test_0159_1,0 0
test_0159_2,78015 2 78523 8 79034 9 79546 9 80058 8 80571 6 115953 8 116462 13 116973 14 117484 15 117996 14 118508 13 119021 9 119534 5 140106 7 140618 9 141130 9 141643 8 142157 4
test_0159_3,0 0
test_0160_1,19622 9 20126 24 20630 36 21138 46 21646 59 22155 67 22664 72 23174 76 23684 78 24193 82 24702 85 25211 89 25721 91 26229 97 26739 99 27249 102 27758 106 28268 109 28779 110 29290 112 29801 113 30312 114 30823 116 31335 116 31846 118 32357 119 32869 119 33380 120 33891 121 34402 122 34913 123 35425 123 35937 123 36449 123 36961 123 37472 124 37984 124 38496 124 39009 123 39521 122 40033 122 40545 122 41057 122 41569 121 42081 121 42593 121 43105 121 43618 119 44130 119 44642 119 45155 118 45667 118 46180 117 46692 116 47200 2 47205 115 47710 5 47717 115 48222 6 48230 114 48734 6 48744 112 49246 7 49257 111 49759 6 49770 110 50271 7 50283 109 50781 10 50796 108 51291 12 51309 107 51803 12 51822 106 52315 13 52335 105 52829 11 52849 103 53343 10 53362 103 53857 8 53875 102 54370 7 54389 100 54884 4 54902 99 55398 1 55414 99 55927 98 56441 96 56954 96 57467 95 57981 93 58494 92 59008 91 59522 89 60035 88 60548 87 61062 85 61576 83 62090 81 62603 80 63117 78 63631 76 64145 73 64658 72 65172 70 65686 67 66200 65 66714 62 67228 59 67742 57 68255 55 68770 51 69285 47 69800 43 70320 33 70835 28 71350 15 71865 8
test_0160_2,0 0
test_0160_3,0 0
test_0161_1,155505 9 156014 20 156524 25 157032 31 157542 36 158053 40 158564 44 159076 46 159587 50 160098 52 160610 53 161122 54 161634 57 162145 60 162657 61 163169 61 163681 62 164193 63 164705 63 165218 63 165730 63 166243 62 166756 62 167269 61 167782 60 168295 59 168808 58 169321 56 169834 55 170347 53 170860 52 171373 50 171887 47 172400 46 172914 43 173427 41 173942 36 174455 33 174969 30 175484 25 175998 11 176011 7 176526 1
test_0161_2,0 0
test_0161_3,0 0
test_0162_1,83604 9 84109 19 84620 23 85130 28 85641 31 86152 33 86664 33 87175 34 87686 34 88197 35 88709 34 89221 34 89733 33 90246 31 90759 29 91272 27 91786 23 92302 4 92314 7 132445 5 132953 13 133464 18 133975 21 134486 23 134997 26 135509 29 136020 32 136531 33 137043 33 137554 35 138066 35 138577 36 139088 36 139599 37 140111 37 140622 37 141134 36 141646 35 142159 33 142671 33 143184 31 143697 28 144211 24 144726 20 145240 17 145755 11 194900 6 194907 4 195409 16 195920 19 196430 22 196939 27 197449 30 197960 33 198471 34 198982 36 199493 39 200005 40 200517 40 201029 40 201542 39 202055 38 202569 35 203082 34 203595 31 204108 28 204622 24 205136 21 205653 12
test_0162_2,0 0
test_0162_3,0 0
test_0163_1,156928 5 157424 30 157928 43 158436 48 158946 51 159455 56 159965 60 160474 65 160984 69 161495 72 162006 75 162517 77 163028 79 163539 81 164050 83 164562 84 165074 84 165585 86 166097 86 166609 86 167120 88 167632 88 168144 88 168656 88 169168 88 169680 88 170192 88 170704 88 171216 88 171728 87 172241 86 172753 85 173266 84 173779 82 174292 81 174806 79 175320 76 175833 74 176347 71 176864 65 177379 60 177893 53 178407 50 178923 45 179437 41 179951 37 180463 35 180976 5 180984 24 181499 3 181503 15 182018 3
test_0163_2,0 0
test_0163_3,0 0
test_0164_1,0 0
test_0164_2,211585 6 212095 9 212606 10 213117 10 213629 9 214141 7
test_0164_3,0 0
test_0165_1,0 0
test_0165_2,120655 7 121166 10 121678 11 122190 11 122703 9 123217 5 146722 5 147232 10 147744 11 148256 11 148768 10 149282 6
test_0165_3,0 0
test_0166_1,0 0
test_0166_2,28286 8 28795 13 29306 15 29817 17 30329 17 30842 15 31357 11 106775 6 107284 11 107795 13 108306 14 108818 13 109330 12 109843 9 110356 6 218478 5 218987 10 219497 13 220008 14 220519 15 221030 16 221542 15 222055 12 222568 9 223357 11 223867 15 224379 16 224891 17 225403 17 225916 15 226431 10
test_0166_3,0 0
test_0167_1,0 0
test_0167_2,0 0
test_0167_3,107632 2 108146 2 108659 2 108840 2 109172 2 109353 3 109686 1 109866 3 110379 4 110892 5 111405 5 111919 5 112432 5 112946 4 113459 5 113972 5 114486 5 114999 6 115512 7 116026 6 116541 5 117055 5 117569 5 118083 5 118597 6 119111 5 119625 5 120139 5 120652 7 121166 7 121680 8 122195 7 122710 6 123224 6 123738 7 124253 6 124767 7 125282 7 125796 7 126311 7 126826 7 127340 8 127855 8 128370 8 128885 7 129400 6 129914 8 130429 7 130943 7 131458 7 131973 7 132488 6 133002 7 133518 6 134033 5 134547 3 168794 6 169307 9 169821 11 170337 13 170852 13 171368 14 171884 14 172400 14 172916 17 173432 19 173950 20 174466 21 174989 16 175507 11
test_0168_1,40089 5 40097 6 40596 28 41106 36 41616 44 42125 49 42635 52 43145 55 43656 57 44167 60 44678 62 45189 64 45700 67 46211 69 46722 71 47234 72 47745 74 48256 76 48768 77 49279 78 49791 79 50302 80 50814 81 51325 82 51837 82 52349 83 52861 83 53372 84 53884 84 54380 3 54396 85 54891 6 54908 85 55404 7 55420 85 55916 7 55932 85 56429 6 56444 85 56943 3 56957 84 57469 85 57981 85 58493 85 59006 85 59518 85 60030 85 60543 84 61055 84 61568 83 62080 83 62593 82 63105 82 63617 82 64130 82 64642 82 65154 82 65667 81 66179 81 66692 80 67204 81 67717 80 68229 80 68742 79 69254 79 69766 80 70278 81 70791 81 71303 81 71816 80 72328 81 72840 81 73353 81 73865 82 74378 82 74890 83 75403 83 75915 83 76428 83 76940 84 77453 85 77966 86 78480 86 78993 87 79506 87 80019 88 80532 89 81045 89 81558 90 82071 91 82584 92 83097 93 83611 93 84124 94 84638 94 85151 94 85664 96 86178 96 86691 98 87205 98 87719 99 88233 99 88747 100 89261 100 89775 99 90289 99 90803 98 91317 98 91831 98 92346 96 92860 94 93375 92 93888 92 94402 91 94916 90 95430 89 95944 89 96459 87 96973 86 97488 84 98004 81 98519 79 99035 76 99550 74 100066 71 100581 69 101097 66 101612 64 102128 60 102643 57 103159 54 103674 50 104190 46 104705 43 105221 38 105738 32 106255 26 106770 22 107285 18 107805 2
test_0168_2,0 0
test_0168_3,0 0
test_0169_1,188724 4 189226 23 189735 30 190244 36 190754 42 191265 47 191776 50 192288 56 192799 60 193310 63 193822 65 194333 69 194845 70 195356 72 195868 73 196380 74 196892 75 197404 77 197916 78 198428 79 198940 80 199452 80 199964 81 200476 83 200988 84 201500 85 202012 86 202524 86 203036 87 203548 87 204061 86 204573 86 205085 86 205597 86 206109 86 206621 86 207133 86 207645 86 208156 87 208668 87 209180 87 209692 86 210205 85 210717 85 211229 85 211741 84 212253 84 212766 82 213278 82 213790 81 214302 81 214815 79 215328 77 215841 76 216354 74 216866 73 217379 71 217892 69 218404 68 218918 64 219430 62 219943 60 220457 56 220970 54 221483 51 221997 48 222510 45 223023 42 223537 39 224051 35 224567 29
test_0169_2,0 0
test_0169_3,0 0
test_0170_1,65253 25 65309 2 65759 39 65820 4 66267 52 66332 5 66777 59 66845 3 67288 62 67798 68 68309 72 68820 74 69332 75 69845 74 70359 72 70872 71 71386 69 71900 67 72416 64 72931 61 73445 59 73959 57 74473 55 74986 55 75500 52 76012 52 76525 51 77037 51 77549 52 78058 55 78569 58 79078 62 79589 65 80101 67 80615 67 81128 68 81642 68 82155 70 82667 72 83178 76 83688 80 84199 83 84709 86 85220 88 85731 91 86242 96 86754 101 87265 104 87776 106 88288 107 88800 107 89312 107 89825 106 90337 107 90850 106 91363 105 91876 103 92389 102 92903 99 93423 90 93939 85 94455 79 94970 74 95485 70 96000 66 96518 58 97043 42 97563 22
test_0170_2,0 0
test_0170_3,0 0
test_0171_1,76407 7 76917 19 77428 28 77938 34 78449 46 78960 50 79471 54 79982 57 80494 58 81005 61 81516 64 82028 65 82540 67 83051 69 83563 71 84075 72 84587 74 85099 75 85611 77 86123 78 86635 80 87147 81 87660 82 88172 84 88685 84 89197 85 89710 86 90223 87 90736 87 91250 87 91763 88 92276 88 92789 89 93302 89 93816 89 94329 89 94843 89 95356 90 95871 88 96385 87 96899 87 97413 87 97927 86 98442 85 98957 84 99471 83 99986 82 100501 80 101016 79 101529 80 102044 78 102558 78 103073 77 103587 77 104102 76 104616 76 105131 74 105645 74 106159 75 106673 74 107188 73 107703 72 108218 71 108733 70 109248 69 109762 69 110277 68 110792 68 111308 66 111823 65 112338 64 112853 62 113369 59 113883 58 114399 56 114913 56 115429 53 115944 50 116459 48 116974 45 117490 41 118004 39 118521 33 119036 30 119552 25 120068 20 120589 9
test_0171_2,0 0
test_0171_3,0 0
test_0172_1,0 0
test_0172_2,38781 8 39292 10 39803 11 40315 11 40828 9 41341 7 140169 7 140679 11 141191 11 141702 11 142215 9 142728 6 217270 8 217781 10 218292 12 218804 11 219316 10 219828 8
test_0172_3,0 0
test_0173_1,0 0
test_0173_2,29531 6 30042 8 30554 8 31066 8 31578 8 32091 6 32604 3 77640 7 78150 10 78662 11 79175 10 79688 8 80203 3 163201 6 163710 11 164222 11 164734 11 165246 11 165760 8 223867 3 224377 7 224889 8 225400 8 225913 6 226427 2 238370 3 238880 7 239392 8 239905 7 240418 5 240931 4
test_0173_3,0 0
test_0174_1,69381 14 69891 20 70401 23 70911 26 71422 28 71933 31 72444 33 72955 34 73466 35 73978 34 74490 34 75001 34 75513 33 76025 32 76536 32 77048 31 77560 31 78071 32 78583 32 79094 32 79606 32 80117 33 80629 33 81140 34 81652 35 82163 36 82675 36 83186 37 83697 38 84209 38 84720 39 85232 40 85742 42 86254 42 86764 44 87275 45 87785 47 88296 48 88806 50 89316 53 89826 56 90336 58 90844 63 91353 66 91861 71 92369 75 92877 79 93385 84 93892 89 94400 94 94907 99 95415 105 95922 112 96430 116 96938 121 97447 124 97955 129 98464 132 98974 135 99484 138 99994 140 100503 144 101014 146 101524 148 102035 149 102545 151 103056 152 103567 152 104078 153 104589 154 105100 154 105611 155 106122 155 106634 154 107146 152 107657 151 108169 150 108681 146 109193 142 109706 130 110218 126 110730 124 111243 121 111756 119 112269 107 112782 102 113295 95 113808 90 114322 86 114835 81 115348 74 115863 59 116382 45 116897 14
test_0174_2,0 0
test_0174_3,0 0
test_0175_1,0 0
test_0175_2,0 0
test_0175_3,14966 1 15477 3 15989 3 16500 4 17011 3 17522 4 18034 3 18545 4 19056 4 19567 5 20079 4 20590 4 21101 4 21613 3 22124 4 22635 4 23146 4 23612 3 23657 5 24124 4 24169 4 24636 6 24681 3 25150 5 25192 3 25663 5 25703 3 26176 5 26214 4 26689 5 26725 4 27202 5 27236 4 27715 5 27748 3 28228 5 28259 4 28741 5 28770 4 29254 6 29281 4 29767 6 29792 4 30280 6 30303 4 30794 5 30813 6 31307 5 31324 6 31820 5 31835 6 32333 5 32346 5 32846 4 32857 5 33359 4 33368 4 33872 5 33878 6 34384 10 34897 7 35410 6 35923 5 36436 5 36949 5 37462 5 37974 6 38487 5 39000 5 39512 6 40023 8 40534 10 41044 12 41555 5 41565 3 42066 5 42577 4 43088 3 71814 1 72326 2 72838 3 73351 3 73863 4 74376 4 74888 4 75401 4 75914 4 76426 4 76939 3 77452 3 77964 3 78477 3 78989 4 79502 4 80015 4 80528 4 81040 5 81553 5 82066 5 82578 5 83091 5 83604 4 84116 4 84629 3 85142 3 85655 2 89492 2 90004 3 90516 4 91028 4 91540 5 92053 4 92565 4 93078 3 93590 4 94102 4 94614 4 95127 3 95639 3 96150 5 96662 6 97175 5 97687 6 98200 5 98712 6 99225 5 99738 4 100250 5 100763 4 101276 4 101788 4 102300 5 102813 5 103326 4 103838 5 104350 5 104863 5 105375 5 105888 4 106400 5 106912 5 107425 5 107937 5 108450 5 108962 5 109474 5 109987 4 110500 4 111012 4 111524 4 112036 5 112548 5 113061 5 113574 4 114086 4 114599 4 115111 4 115623 5 116136 4 116649 3 117161 3 117674 2 118186 3 118699 2 119212 1
test_0176_1,0 0
test_0176_2,0 0
test_0176_3,57171 6 57678 10 58188 10 58695 10 59204 11 59713 9 60223 8 60732 8 61240 10 61748 10 62257 10 62766 10 63275 9 63785 6 64293 9 64800 14 65309 28 65817 30 66327 23 66835 21 67342 21 67848 17 68356 14 68862 14 69370 13 69875 14 70382 15 70891 11 71401 9 71913 3 174713 3 175225 3 175738 3 176250 3 176763 3 177276 3 177788 3 178300 4 178813 4 179326 3 179838 4 180351 3 180864 2 181376 3 181889 3 182401 3 182914 3 183426 4 183939 3 184451 4 184964 3 185477 3 185989 3 186502 3 187014 4 187527 3 188040 3 188552 3 189065 3 189577 3 190090 3 190602 4 191115 3 191628 3 192140 4 192653 3 193165 3 193678 3 194190 3 194703 3 195215 3 195728 3 196240 3 196753 3 197265 3 197778 3 198290 3 198803 3 199315 3 199828 3 200340 3 200852 4 201365 3 201877 3 202390 3 202902 3 203415 3 203927 3 204440 3 204952 3 205464 4 205977 3 206489 3 207002 3 207514 3 208026 4 208539 3 209051 3 209563 3 210075 3 210588 3 211100 3 211612 3 212125 3 212637 3 213149 3 213662 3 214174 3 214687 2 215199 3 215711 3 216223 3 216736 2 217249 1
test_0177_1,0 0
test_0177_2,40704 8 41215 11 41727 12 42240 12 42753 15 43267 15 43781 13 44300 5 44814 2 73040 10 73550 14 74061 15 74573 14 75085 14 75597 12 76110 10 111906 4 112415 10 112926 12 113437 14 113949 14 114461 14 114974 12 115488 8
test_0177_3,0 0
test_0178_1,119038 17 119544 24 120051 29 120559 36 121068 42 121575 51 122084 58 122592 63 123101 67 123611 69 124121 71 124631 74 125140 77 125650 80 126161 81 126673 81 127184 82 127696 82 128208 81 128720 80 129233 79 129745 78 130257 75 130769 73 131282 70 131794 67 132306 65 132818 63 133330 61 133843 58 134356 54 134868 52 135381 49 135893 47 136405 46 136916 45 137428 44 137938 45 138449 44 138960 44 139470 45 139980 45 140489 47 140998 49 141506 52 141988 1 142014 55 142499 4 142523 57 143001 1 143005 1 143010 5 143029 63 143511 17 143538 65 144022 19 144045 69 144534 92 144804 4 145044 93 145300 23 145555 94 145810 27 146067 93 146318 36 146578 94 146828 40 147090 93 147338 49 147602 93 147849 54 148114 93 148359 58 148626 92 148870 61 149139 2 149146 84 149381 63 149661 80 149892 64 150175 8 150188 65 150404 63 150700 64 150917 62 151220 54 151430 60 151740 43 151943 59 152264 29 152456 57 152781 21 152970 54 153484 51 153997 49 154511 46 155026 41 155541 35 156059 20 156082 5
test_0178_2,0 0
test_0178_3,0 0
test_0179_1,0 0
test_0179_2,0 0
test_0179_3,100088 4 100600 5 101113 5 101626 5 102139 4 102652 4 103164 5 103677 5 104190 4 104702 5 105215 5 105728 4 106240 5 106753 5 107266 5 107779 5 108292 4 108804 5 109317 5 109830 4 110342 5 110855 5 111368 4 111881 4 112393 5 112906 4 113419 4 113931 5 114444 5 114957 5 115470 5 115982 6 116495 5 117007 6 117520 5 118033 5 118546 5 119058 5 119571 5 120084 5 120596 5 121109 5 121621 5 122134 4 122647 4 123159 5 123672 5 124185 5 124697 5 125210 4 125722 5 126235 5 126747 5 127260 4 127772 5 128284 5 128797 4 129309 5 129821 5 130334 4 130846 3
test_0180_1,0 0
test_0180_2,103200 3 103710 7 104222 8 104734 8 105247 6 105762 1
test_0180_3,0 0
test_0181_1,0 0
test_0181_2,28285 9 28795 13 29306 15 29817 17 30329 17 30842 15 31357 11 106774 8 107284 11 107794 14 108306 14 108818 13 109330 12 109843 9 110356 5 223357 12 223867 15 224379 17 224890 18 225403 17 225916 15 226430 11
test_0181_3,0 0
test_0182_1,0 0
test_0182_2,54683 6 55193 9 55703 12 56214 13 56726 12 57237 12 57749 10 58262 6 229581 5 230087 12 230515 3 230598 13 231021 10 231110 13 231533 10 231623 11 232045 10 232137 6 232558 7
test_0182_3,0 0
test_0183_1,0 0
test_0183_2,78741 6 79251 10 79762 12 80065 7 80273 13 80576 10 80785 12 81088 11 81297 11 81599 12 81810 7 82111 12 82623 12 83136 10 83649 8
test_0183_3,0 0
test_0184_1,0 0
test_0184_2,0 0
test_0184_3,55648 4 56159 5 56670 5 57181 5 57692 5 58203 5 58714 5 59225 5 59735 6 60246 6 60758 5 61269 6 61780 6 62291 6 62802 5 63312 6 63823 6 64334 5 64845 5 65356 5 65867 5 66378 5 66889 6 67400 6 67911 6 68421 6 68932 6 69443 6 69953 6 70464 6 70975 6 71485 6 71995 7 72506 6 73017 5 73527 6 74038 6 74548 7 75059 7 75569 8 76079 9 76590 9 77100 9 77611 8 78121 8 78631 8 79141 8 79651 8 80161 7 80670 8 81180 8 81690 7 82199 7 82709 7 83218 7 83729 6 84241 4 96480 2 96992 3 97504 3 98017 3 98529 3 99042 3 99555 2 100067 3 100579 3 101092 3 101604 3 102117 3 102629 3 103142 3 103654 3 104167 3 104679 3 105192 3 105704 3 106217 3 106729 3 107242 3 107754 3 108267 3 108779 3 109292 3 109804 3 110317 3 110829 4 111342 3 111854 3 112366 3 112879 3 113391 3 113903 4 114416 3 114928 4 115441 3 115953 4 116465 4 116978 3 117490 4 118002 4 118515 3 119027 3 119539 4 120052 3 120564 3 121076 4 121589 3 122101 3 122612 4 123124 4 123637 3 124149 3 124661 3 125173 3 125686 3 126198 3 126710 3 127222 3 127734 3 128246 3 128758 3 129270 3 129782 3 130294 3 130806 3 131318 3 131830 3 132342 3 132854 3 133367 2 133879 2 134391 2 154404 4 154917 5 155430 6 155944 6 156457 7 156971 7 157485 7 158000 6 158514 6 159028 7 159542 7 160056 7 160570 8 161084 8 161598 8 162112 8 162626 7 163140 6 163654 7 164168 6 164682 6 165196 6 165710 6 166224 5 188110 3 188623 6 189136 8 189651 8 190166 8 190680 9 191195 9 191710 9 192224 10 192739 12 193254 13 193768 15 194287 11 194804 10 195320 8 195835 9 196351 8 196866 9 197382 8 197897 9 198413 8 198928 9 199442 10 199957 9 200473 7 200988 7 201502 7 202016 7 202531 6 203045 6 203559 6 204073 5 204587 5 205100 6 205614 5 206128 5 206642 5 207155 5 207668 5 208181 5 208694 6 209208 4 209720 6 210234 5 210747 5 211260 5 211773 5 212286 5 212799 5 213312 5 213825 5 214338 5 214851 5 215364 5 215878 4 216391 4 216904 4 217418 1 248378 1 248891 2 249404 3 249918 3 250433 2
test_0185_1,0 0
test_0185_2,119642 6 120153 10 120664 11 121175 13 121687 12 122199 11 122711 9 125787 3 126297 6 126808 8 127320 8 127833 6 128347 2 171754 6 172265 9 172776 10 173289 9 173802 7 174317 2
test_0185_3,0 0
test_0186_1,0 0
test_0186_2,168736 2 169242 10 169751 13 170263 13 170774 14 171287 12 171800 9
test_0186_3,0 0
test_0187_1,0 0
test_0187_2,0 0
test_0187_3,187012 1 187524 4 188037 5 188550 6 189064 5 189578 5 190091 5 190604 6 191118 6 191357 2 191632 5 191869 4 192145 6 192381 4 192659 6 192893 5 193173 5 193406 4 193686 6 193918 5 194200 6 194431 4 194714 6 194944 4 195228 5 195456 4 195741 6 195968 5 196254 8 196481 4 196768 7 196993 5 197283 6 197506 4 197797 5 198018 5 198311 6 198531 5 198824 7 199043 5 199338 7 199556 5 199852 7 200068 5 200367 6 200581 4 200881 6 201093 5 201395 6 201606 4 201908 8 202118 4 202422 8 202630 5 202937 6 203143 4 203451 6 203655 4 203964 6 204168 4 204478 6 204680 4 204992 6 205192 4 205506 6 205704 4 206020 5 206216 5 206534 5 206728 5 207048 6 207240 5 207562 6 207752 5 208076 6 208264 5 208590 6 208776 5 209104 6 209289 4 209618 6 209801 4 210132 6 210314 3 210645 7 210826 4 211160 6 211338 4 211674 6 211850 4 212188 6 212362 4 212702 6 212874 4 213216 6 213386 4 213730 6 213898 3 214244 6 214410 3 214758 6 214922 3 215272 6 215434 3 215786 6 215946 3 216300 7 216458 3 216814 7 216969 4 217328 7 217481 4 217842 8 217993 4 218356 8 218505 4 218871 6 219017 4 219385 6 219529 4 219899 6 220041 3 220413 7 220553 3 220927 7 221064 4 221441 8 221576 4 221955 9 222088 4 222469 8 222600 4 222985 4 223112 4 223624 4 224136 4 224648 4 225159 5 225671 5 226183 5 226695 4 227207 4 227719 4 228231 4 228742 5 229254 5 229766 5 230278 5 230790 5 231302 4 231814 4 232325 5 232837 4 233349 4 233860 5 234372 4 234884 4 235396 3 235907 4 236419 4 236931 3 237444 2
test_0188_1,0 0
test_0188_2,26242 2 26751 7 27262 8 27773 9 28286 7 28799 4
test_0188_3,0 0
test_0189_1,0 0
test_0189_2,131889 5 132400 7 132912 8 133424 7 133938 3 140404 5 140914 11 141425 13 141938 13 142451 11 142965 8
test_0189_3,0 0
test_0190_1,0 0
test_0190_2,0 0
test_0190_3,62832 2 63337 11 63842 17 64348 19 64852 18 65356 21 65864 18 66369 23 66868 25 67374 27 67882 25 68388 27 68892 30 69401 28 69908 28 70418 21 70927 19 71435 13 71940 16 72448 16 72954 15 73460 17 73969 12 74481 8 96373 3 96886 5 97399 6 97913 6 98427 6 98941 6 99118 2 99455 6 99630 3 99969 6 100142 4 100483 6 100655 4 100997 6 101167 5 101512 5 101680 4 102025 6 102193 4 102540 5 102706 4 103053 7 103219 4 103567 7 103732 4 104081 9 104244 5 104596 9 104757 5 105110 9 105270 5 105624 8 105783 5 106137 9 106296 5 106650 9 106809 5 107164 9 107322 5 107678 8 107835 4 108192 7 108348 4 108706 7 108861 4 109219 7 109374 4 109732 8 109886 5 110246 7 110399 5 110760 6 110912 6 111273 7 111426 5 111787 6 111938 6 112300 6 112451 6 112814 6 112963 7 113328 5 113475 7 113841 5 113988 7 114354 6 114500 8 114868 5 115013 8 115381 5 115526 8 115894 6 116038 9 116408 6 116551 9 116921 6 117064 8 117434 6 117577 8 117947 6 118090 8 118460 6 118603 8 118973 6 119116 8 119486 6 119628 8 120000 5 120141 7 120513 5 120654 6 121026 6 121166 6 121540 5 121679 6 122053 5 122192 6 122566 5 122705 6 123079 5 123218 5 123592 6 123730 6 124105 6 124243 6 124490 1 124619 5 124756 5 125002 2 125132 5 125268 6 125514 3 125645 4 125781 6 126026 3 126294 5 126538 4 126807 5 127050 4 127320 5 127563 3 127833 5 128075 4 128346 5 128587 4 128859 5 129100 4 129372 5 129613 4 129884 6 130126 4 130397 5 130639 3 130910 5 131151 4 131423 5 131663 4 131936 6 132175 5 132449 5 132687 5 132962 5 133200 4 133475 5 133713 4 133988 5 134225 4 134501 5 134738 4 135014 5 135250 4 135526 6 135763 4 136040 5 136275 4 136552 6 136788 3 137065 6 137300 4 137578 5 137813 3 138091 5 138326 2 138604 6 138838 3 139117 6 139351 3 139630 6 139863 3 140143 5 140376 2 140656 5 141169 5 141683 3 142196 3 142709 2 174766 5 175278 10 175792 13 176309 13 176826 14 177342 14 177860 13 178376 15 178894 17 179411 19 179930 24 180448 26 180968 29 181490 25 182014 22 182534 20 183055 19 183573 18 184092 16 184610 14 185128 11 185643 13 186160 11 186675 12 187192 10 187707 8
test_0191_1,145258 40 145758 56 145820 4 146266 72 146775 76 147283 82 147793 85 148304 87 148815 89 149326 92 149837 98 150348 102 150860 104 151371 106 151883 109 152394 112 152906 113 153418 113 153930 113 154442 112 154954 112 155466 111 155979 109 156492 107 157005 95 157103 8 157519 92 157615 6 158032 91 158127 5 158545 86 159058 84 159571 82 160085 78 160599 72 161112 65 161627 57 162144 47 165159 11 165669 16 166180 18 166691 19 167203 18 167715 16 168228 13 168741 11 169254 8 169768 2 178975 1 179485 4 179997 4 180510 2 186155 14 186662 26 187172 33 187682 40 187725 4 188192 57 188703 60 189213 65 189724 68 190235 71 190747 73 191258 76 191769 79 192281 82 192792 85 193304 86 193815 89 194327 91 194839 93 195351 93 195864 92 196378 90 196891 88 197404 87 197917 86 198430 85 198943 83 199456 81 199969 78 200482 73 200995 69 201511 60 202027 52 202549 39 203080 16
test_0191_2,0 0
test_0191_3,0 0
test_0192_1,101999 16 102510 21 103021 25 103531 30 104042 35 104553 39 105064 41 105576 42 106087 43 106599 43 107111 43 107622 44 108134 45 108646 45 109158 45 109670 46 110182 46 110694 46 111206 47 111718 47 112230 47 112742 46 113254 45 113766 45 114277 47 114789 48 115301 49 115813 49 116325 50 116837 51 117350 50 117862 51 118374 51 118886 51 119398 52 119910 52 120423 51 120935 51 121448 50 121960 50 122472 49 122985 48 123498 46 124011 44 124524 43 124728 7 125037 41 125220 31 125550 39 125728 38 126063 37 126239 41 126577 34 126749 45 127091 29 127259 47 127606 16 127768 51 128124 3 128278 54 128789 57 129300 59 129811 61 130322 64 130833 66 131344 68 131856 69 132367 71 132879 71 133391 71 133902 72 134414 72 134926 73 135438 73 135950 73 136462 74 136974 74 137487 72 137999 72 138512 71 139024 70 139537 69 140050 68 140563 66 141076 64 141589 62 142103 59 142617 55 143131 52 143644 49 144158 44 144671 41 145186 35 145701 30 146217 9
test_0192_2,0 0
test_0192_3,0 0
test_0193_1,0 0
test_0193_2,0 0
test_0193_3,63850 6 64354 14 64858 20 65366 19 65869 17 66377 17 66884 17 67388 18 67408 4 67889 22 67922 2 68396 24 68902 24 69409 26 69914 27 70422 25 70930 25 71439 19 71949 15 72457 12 72962 15 73470 16 73975 14 74482 16 74992 10 75504 7 97908 3 98420 6 98934 6 99448 6 99962 6 100140 2 100476 6 100652 3 100991 5 101164 5 101505 5 101677 4 102018 6 102190 4 102533 5 102703 4 103047 6 103216 4 103561 6 103729 4 104075 6 104242 4 104589 6 104755 4 105103 7 105268 4 105617 9 105780 5 106131 10 106293 5 106645 9 106806 5 107159 9 107319 5 107673 9 107832 5 108186 9 108345 5 108700 8 108858 5 109215 7 109371 5 109728 7 109884 5 110242 7 110397 5 110755 7 110910 4 111268 7 111423 5 111782 7 111936 5 112296 6 112449 5 112809 7 112962 5 113323 6 113474 6 113836 6 113987 6 114350 6 114499 7 114863 6 115011 8 115377 6 115524 8 115890 6 116037 7 116404 5 116550 7 116917 6 117062 8 117430 7 117575 8 117944 6 118088 8 118457 6 118601 7 118970 6 119114 7 119483 6 119627 7 119996 6 120140 6 120510 5 120652 7 121023 5 121165 6 121536 5 121678 5 122049 5 122190 6 122562 6 122703 5 123076 5 123216 5 123589 5 123728 6 124102 5 124241 6 124616 4 124754 5 125129 5 125267 5 125642 5 125780 5 126155 4 126293 5 126538 2 126668 4 126806 4 127050 2 127181 4 127318 5 127562 3 127694 5 127831 5 128074 4 128207 5 128344 5 128586 4 128720 5 128857 5 129098 4 129232 6 129370 5 129611 4 129745 6 129883 5 130123 5 130258 6 130396 5 130635 5 130771 6 130909 5 131148 5 131284 6 131422 5 131661 5 131797 6 131935 5 132174 4 132310 6 132448 5 132686 5 132824 4 132961 5 133199 4 133336 5 133474 5 133711 4 133849 4 133987 5 134224 4 134362 4 134500 5 134736 4 134874 5 135012 6 135249 3 135387 5 135525 5 135761 4 135900 5 136038 6 136274 4 136413 5 136552 5 136786 4 136926 5 137065 5 137299 4 137438 6 137578 4 137811 4 137951 6 138091 4 138324 4 138464 5 138603 5 138837 3 138977 5 139116 5 139350 2 139489 5 139629 5 139862 2 140002 5 140142 5 140515 5 140655 5 141028 4 141168 5 141541 4 141681 5 142054 3 142195 3 142566 4 143079 4 143591 5 144104 4 144617 4 145130 4 145642 5 146155 4 146668 4 147180 5 147693 4 148206 4 148718 5 149231 5 149744 4 150256 5 150769 4 151283 1 175792 3 176303 9 176816 13 177332 14 177850 14 178367 14 178885 14 179402 14 179919 17 180436 19 180955 26 181475 25 181995 29 182517 26 183041 23 183563 18 184082 19 184601 18 185122 13 185638 13 186156 11 186671 12 187187 13 187704 11 188221 5
test_0194_1,0 0
test_0194_2,0 0
test_0194_3,103682 2 104194 3 104706 4 105219 4 105732 4 106244 4 106757 4 107270 4 107782 5 108295 4 108808 4 109320 5 109833 5 110346 4 110858 5 111371 5 111884 5 112397 4 112909 5 113422 5 113935 4 114448 4 114960 4 115473 4 115986 4 116498 5 117011 5 117524 5 118037 5 118549 5 119062 5 119574 6 120087 5 120600 5 121112 6 121625 5 122138 5 122650 6 123163 5 123676 5 124188 5 124701 5 125214 4 125726 5 126239 5 126752 4 127264 5 127777 4 128289 5 128802 4 129314 5 129827 4 130339 4 130852 3
test_0195_1,0 0
test_0195_2,0 0
test_0195_3,155721 5 156233 8 156748 10 157263 10 157778 12 158294 11 158809 11 159325 11 159840 13 160355 14 160652 3 160872 13 161164 3 161389 12 161676 3 161904 13 162188 4 162421 13 162700 4 162936 19 163213 4 163455 16 163725 4 163970 17 164238 4 164491 12 164750 4 165007 13 165263 3 165524 12 165775 4 166040 12 166287 4 166557 12 166799 5 167072 15 167312 4 167589 17 167824 4 168104 18 168336 4 168625 13 168848 5 169142 10 169361 4 169660 3 169873 4 170386 4 170898 4 171411 4 171923 4 172436 4 172948 4 173460 4 173973 4 174485 5 174998 4 175510 5 176023 5 176536 4 177048 5 177561 4 178074 4 178586 4 179099 4 179611 5 180124 4 180637 4 181150 4 181662 4 182175 4 182688 4 183200 5 183713 4 184226 4 184738 4 185251 4 185764 4 186276 4 186789 4 187302 3 187814 4 188327 3 188839 4 189352 4 189864 4 190377 4 190889 4 191402 4 191914 4 192427 4 192939 4 193452 4 193965 3 194477 3 194989 4 195502 4 196014 4 196527 3 197039 4 197552 3 198064 4 198576 5 199089 4 199601 4 216755 7 217261 13 217767 16 218274 16 218777 20 219281 21 219784 24 220288 24 220765 52 221277 43 221798 18 221822 1
test_0196_1,0 0
test_0196_2,0 0
test_0196_3,75344 2 75856 4 76369 4 76881 4 77394 4 77906 5 78419 4 78932 4 79444 5 79957 5 80469 6 80982 5 81495 4 82007 5 82520 4 83032 5 83545 4 84058 4 84570 4 85083 4 85596 3
test_0197_1,0 0
test_0197_2,0 0
test_0197_3,54095 3 54606 4 55117 4 55627 5 56138 5 56649 6 57160 6 57671 6 58183 5 58694 5 59205 5 59716 6 60227 6 60738 6 61249 6 61760 6 62271 5 62782 5 63293 5 63803 6 64314 6 64825 6 65336 6 65847 6 66358 6 66869 6 67380 6 67891 5 68402 5 68912 6 69423 6 69933 7 70444 6 70955 5 71465 6 71975 7 72486 6 72997 6 73507 7 74017 8 74528 8 75038 9 75549 9 76059 9 76570 8 77080 8 77590 8 78100 8 78610 8 79120 8 79630 8 80139 8 80650 7 81159 7 81669 6 82178 7 82689 6 83201 4 95441 1 95952 3 96464 4 96977 3 97490 3 98003 2 98515 3 99028 2 99540 3 100052 3 100565 3 101077 3 101590 3 102102 3 102615 3 103127 3 103640 3 104152 4 104665 3 105178 3 105690 3 106202 4 106715 3 107228 3 107740 3 108252 4 108765 4 109278 3 109790 4 110303 3 110815 4 111327 4 111840 3 112352 4 112865 3 113377 4 113890 3 114402 4 114914 4 115427 4 115939 4 116452 3 116964 3 117476 4 117988 4 118501 3 119013 4 119526 3 120038 3 120550 3 121062 4 121574 4 122086 4 122598 4 123111 3 123623 3 124135 3 124647 4 125160 3 125672 3 126184 3 126696 3 127208 3 127720 3 128232 3 128744 3 129256 4 129768 4 130280 4 130792 4 131304 4 131816 4 132328 4 132841 3 133353 3 133866 1 153368 4 153880 6 154394 6 154908 6 155421 7 155936 6 156449 8 156964 7 157478 7 157992 7 158506 8 159020 7 159535 9 160049 9 160563 8 161077 7 161591 7 162105 6 162619 7 163134 5 163648 5 164162 5 164675 6 165190 5 165703 7 166218 6 166732 6 167246 6 167760 6 168274 5 168788 5 169302 5 169816 5 170330 5 170843 6 171357 6 171871 5 172385 5 172898 5 173412 5 173925 6 174438 6 174952 6 175466 5 175980 5 176494 5 177007 6 177521 4 187587 5 188100 8 188615 8 189130 8 189645 8 190160 8 190674 10 191189 9 191704 10 192218 13 192732 15 193250 13 193768 10 194284 10 194800 10 195316 9 195832 8 196347 9 196862 10 197379 8 197894 9 198408 10 198923 9 199439 7 199954 7 200468 7 200983 6 201497 7 202012 6 202525 7 203040 5 203553 6 204067 5 204581 5 205094 6 205608 5 206122 5 206635 5 207148 5 207661 5 208174 5 208688 4 209201 5 209714 5 210227 5 210740 5 211253 5 211766 5 212280 4 212792 5 213306 4 213818 5 214332 4 214845 4 215358 4 215871 3 252490 2
test_0198_1,0 0
test_0198_2,117573 5 118083 9 118594 11 119106 12 119618 12 120130 12 120643 9 121157 5
test_0198_3,0 0
test_0199_1,0 0
test_0199_2,24333 8 24843 12 25354 13 25865 14 26378 13 26891 11 27405 8 78015 2 78524 7 79034 9 79546 9 80058 8 80571 5 115953 8 116462 13 116973 14 117485 14 117996 14 118508 13 119021 9 119534 5 140106 7 140618 9 141130 9 141643 8 142157 4
test_0199_3,0 0
test_0200_1,0 0
test_0200_2,0 0
test_0200_3,16139 11 16649 15 17160 5 17169 9 17671 2 17684 7 18198 6 18712 5 19225 4 19716 2 19737 4 20228 2 20249 4 20740 3 20760 5 21253 3 21271 5 21765 5 21780 7 22278 20 22792 16 23308 9 109825 4 110337 6 110851 6 111365 6 111879 6 112393 6 112906 6 113420 7 113934 7 114448 7 114963 6 115476 7 115990 6 116504 7 117018 6 117532 6 118046 6 118560 6 119074 6 119588 7 120102 6 120616 5 161413 1 161924 3 162436 4 162948 4 163460 3 163972 3 164484 3 164996 3 165508 4 166020 4 166532 3 167044 3 167556 4 168068 4 168580 4 169092 4 169604 4 170116 3 170628 3 171140 4 171652 4 172164 4 172676 4 173188 4 173700 4 174212 4 174724 4 175236 4 175748 4 176260 4 176772 4 177284 4 177796 4 178309 2 178821 2 179333 2 179846 1 199919 1 200430 6 200942 11 201459 12 201974 14 202492 14 203009 15 203528 12 204044 13 204562 12 205077 13 205595 11 206112 10 206626 12 207140 14 207655 12 208171 11 208688 11 209204 12 209721 11 210236 12 210753 12 211269 11 211786 10 212302 8
test_0201_1,102002 17 102510 24 103020 29 103531 33 104042 37 104552 45 105063 48 105573 52 106083 57 106594 60 107104 63 107614 66 108125 68 108636 69 109147 71 109658 73 110170 73 110682 74 111194 74 111706 74 112218 75 112730 75 113242 75 113754 75 114266 75 114778 75 115291 74 115803 74 116316 72 116829 71 117343 68 117857 66 118371 63 118884 61 119397 59 119911 56 120425 52 120939 41 120982 5 121453 35 121967 29 122482 19 123000 10 124691 21 125196 31 125704 36 126214 40 126723 46 127233 50 127742 54 128251 58 128761 61 129272 64 129783 66 130294 68 130806 68 131317 70 131828 71 132340 71 132852 72 133363 74 133875 74 134387 75 134898 76 135410 76 135923 75 136435 75 136947 74 137460 73 137972 72 138485 71 138998 70 139511 68 140025 66 140539 63 141053 60 141567 57 142080 55 142595 50 143110 45 143625 40 144141 33 144660 23 200027 11 200536 19 201046 24 201556 34 202066 38 202577 42 203087 46 203598 51 204110 54 204621 57 205132 60 205643 63 206154 67 206666 69 207177 72 207688 74 208200 76 208712 78 209224 78 209735 80 210247 80 210759 80 211272 79 211784 78 212296 78 212809 77 213322 75 213834 75 214347 73 214860 71 215373 68 215886 66 216398 65 216912 61 217425 57 217939 52 218452 34 218965 26 219477 21 219990 14 220503 9 221017 6 221530 4 222041 4 222548 32 223061 33 223574 31 224092 1
test_0201_2,0 0
test_0201_3,0 0
test_0202_1,0 0
test_0202_2,29532 6 30043 8 30554 9 31066 9 31579 7 32092 5 32605 3 77131 4 77640 9 78151 11 78663 11 79175 11 79688 9 163201 6 163711 10 164222 11 164734 11 165247 10 165760 8 223867 4 224377 8 224888 9 225400 8 225913 6
test_0202_3,0 0
test_0203_1,145033 17 145543 20 146053 27 146562 32 147072 38 147582 41 148091 45 148601 48 149111 50 149621 53 150131 55 150641 57 151151 60 151662 61 152172 63 152682 66 153193 67 153704 69 154214 71 154724 73 155234 75 155744 77 156255 78 156765 80 157275 82 157785 84 158295 86 158805 88 159315 90 159826 90 160336 92 160847 93 161358 94 161869 94 162380 95 162891 96 163402 96 163912 98 164423 99 164935 99 165446 99 165958 99 166469 100 166982 98 167494 98 168006 97 168519 96 169031 96 169544 94 170056 94 170568 94 171081 93 171593 92 172106 91 172618 91 173130 91 173642 90 174155 89 174667 89 175179 89 175692 88 176204 87 176716 87 177228 87 177740 86 178252 86 178764 86 179276 86 179788 85 180300 85 180812 85 181324 84 181836 84 182349 83 182861 82 183373 82 183886 80 184398 80 184911 79 185423 78 185936 77 186449 76 186962 74 187475 72 187988 71 188502 68 189015 67 189529 64 190042 62 190555 60 191070 56 191584 53 192099 48 192613 44 193128 36 193648 15 194165 3
test_0203_2,0 0
test_0203_3,0 0
test_0204_1,0 0
test_0204_2,0 0
test_0204_3,84096 6 84609 9 85123 12 85640 10 86155 11 86672 9 87188 9 87703 9 88218 8 88734 9 89248 9 89765 4
test_0205_1,137419 12 137432 5 137929 22 138440 24 138951 25 139462 27 139973 28 140485 28 140998 27 141510 27 142023 26 142535 26 143049 24 143562 22 144075 20 144590 16
test_0205_2,0 0
test_0205_3,0 0
test_0206_1,0 0
test_0206_2,187033 9 187543 12 188054 13 188565 13 189077 12 189590 10 190103 8
test_0206_3,0 0
test_0207_1,0 0
test_0207_2,54912 6 55421 11 55932 13 56443 14 56955 14 57467 13 57980 11 58494 7 206968 3 207477 9 207988 10 208500 10 209012 9 209525 7 210038 5
test_0207_3,0 0
test_0208_1,0 0
test_0208_2,0 0
test_0208_3,29570 2 30081 5 30593 6 31106 6 31618 9 32130 11 32642 12 33155 12 33667 13 34180 14 34693 13 35206 8 35718 7 36230 7 36742 7 37254 9 37766 10 38278 9 38790 9 39302 9 39815 8 40328 7 40841 6 41354 5 41866 5 42378 5 42890 5 43401 6 43912 6 44422 8 44934 7 45446 7 45958 6 46470 6 46982 5 47493 5 48004 6 48516 5 49028 5 49540 5 50052 5 50563 6 51074 6 51586 5 52097 5 52608 5 53120 5 53631 5 54143 4 54654 5 55165 5 55675 7 56186 7 56697 8 57208 8 57719 8 58230 8 58742 6 59253 6 59764 6 60276 5 60787 5 61298 5 61809 6 62321 5 62832 5 63343 5 63855 5 64366 5 64877 5 65388 6 65899 6 66411 5 66922 5 67434 4 67945 5 68456 5 68968 5 69479 5 69991 5 70503 4 71014 4 71526 4 72038 4 72550 3 73063 1 88683 6 89195 10 89708 11 90222 12 90739 9 91253 9 91767 9 91820 4 92281 9 92332 6 92794 12 92845 7 93308 11 93359 7 93823 9 93872 8 94337 8 94387 7 94851 8 94901 7 95364 8 95415 6 95878 7 95928 6 96392 6 96442 5 96905 6 96955 5 97419 5 97468 4 97932 5 97981 4 98445 6 98493 4 98959 6 99006 4 99472 7 99518 4 99986 6 100030 4 100500 6 100543 3 101013 7 101055 3 101527 7 101568 2 102041 6 102080 3 102555 6 102592 3 103068 7 103104 3 103582 7 103616 3 104096 7 104128 3 104611 5 104640 3 105124 6 105152 4 105638 5 105664 4 106152 4 106176 4 106665 4 106688 4 107178 4 107200 5 107691 4 107712 6 108204 4 108225 8 108716 5 108739 7 109230 4 109253 6 109743 5 109767 6 110256 6 110280 6 110770 6 110793 7 111283 8 111306 7 111798 8 111820 6 112312 8 112334 6 112827 8 112848 6 113342 9 113361 7 113856 10 113874 7 114372 9 114387 8 114887 9 114897 11 115403 18 115917 17 116434 14 116948 15 117467 10 117983 7 140655 3 141167 4 141680 3 142192 4 142705 3 143217 4 143730 4 144242 4 144755 4 145268 4 145781 4 146293 4 146806 4 147318 5 147831 5 148344 6 148857 5 149370 5 149882 6 150395 6 150908 5 151420 6 151934 5 152446 6 152959 6 153472 5 153985 5 154498 5 155011 5 155524 5 156037 5 156550 4 157062 5 157575 5 158088 5 158602 4 159115 4 159478 1 159628 4 159989 3 160140 5 160501 3 160653 5 161012 4 161166 5 161524 4 161679 5 162036 4 162192 5 162548 4 162706 4 163060 3 163219 4 163572 3 163732 4 164084 3 164245 4 164596 3 164758 4 165108 4 165271 4 165620 4 165784 4 166132 4 166297 4 166644 4 166810 5 167156 4 167323 5 167668 4 167836 5 168181 3 168350 5 168693 3 168863 5 169205 4 169376 5 169718 3 169890 5 170230 4 170403 5 170742 4 170917 5 171255 4 171430 5 171767 4 171943 5 172280 4 172457 4 172792 4 172970 4 173304 4 173483 5 173817 4 173996 6 174330 4 174510 4 174842 4 175355 3 175867 4 176380 4 176892 5 177405 5 177918 4 178431 4 178944 4 179457 4 179970 4 180482 5 180995 5 181508 5 182021 5 182534 5 183046 6 183559 5 184072 5 184586 4 185098 5 185612 4 186124 5 186638 4 187151 5 187664 5 188177 5 188690 5 189204 5 189717 5 190230 6 190744 6 191258 6 191771 7 192285 7 192799 6 193313 7 193827 7 194342 4 210560 9 211071 14 211588 13 212104 13 212620 17 213136 12 213651 5
test_0209_1,0 0
test_0209_2,0 0
test_0209_3,71954 6 72460 12 72967 13 73473 14 73979 14 74487 15 74995 12 75505 10 76016 3
test_0210_1,0 0
test_0210_2,0 0
test_0210_3,126264 2 126776 4 127289 4 127802 4 128315 4 128828 5 129341 5 129854 5 130368 5 130881 6 131395 5 131908 5 132421 5 132934 6 133448 5 133961 6 134474 7 134987 8 135502 7 136015 7 136529 7 137043 7 137557 6 138070 6 138583 6 139096 5 139609 5 140122 4 140635 4 141147 5 141660 4 142173 4 142686 4 143199 3 143712 3 144224 3 144737 3 145249 4 145762 4 146274 5 146787 5 147300 5 147813 5 148326 5 148839 5 149352 5 149864 5 150377 5 150890 4 151403 3 151916 2
test_0211_1,0 0
test_0211_2,0 0
test_0211_3,14072 9 14580 16 15102 7 15617 5 16131 4 16644 4 17157 3 17669 3 18160 1 18180 4 18672 2 18691 5 19184 4 19202 5 19697 5 19711 7 20210 19 20724 14 21242 4 107244 3 107756 5 108269 6 108783 6 109297 6 109811 5 110324 6 110838 6 111352 7 111866 7 112381 6 112895 6 113409 6 113923 6 114437 6 114951 6 115465 5 115979 5 116492 6 117006 6 117520 6 118034 6 118548 7 119062 7 119577 7 120092 5 120606 5 121120 5 121633 6 122147 7 122661 8 123175 8 123691 6 124205 6 124719 7 125234 6 125747 7 126261 7 126775 8 127290 7 127804 7 128319 7 128833 7 129348 6 129862 7 130377 6 130891 6 131406 3 158832 2 159343 4 159855 4 160367 4 160879 4 161392 3 161904 3 162416 3 162928 3 163440 3 163951 4 164463 4 164975 4 165487 4 165999 4 166511 4 167023 4 167535 4 168048 3 168560 3 169072 3 169584 3 170096 3 170608 3 171120 3 171632 3 172144 3 172656 3 173168 3 173680 3 174192 3 174704 3 175216 3 175728 3 176240 3 176752 3 177264 3 177775 4 178287 4 178799 4 179311 4 179822 4 180334 4 180846 3 181358 3 181870 3 182382 3 182893 4 183405 4 183917 3 184429 3 184941 3 185452 4 185965 2 197338 2 197849 5 198361 10 198875 11 199392 13 199910 12 200426 14 200943 14 201461 13 201978 12 202495 12 203011 12 203529 10 204044 11 204559 12 205073 12 205588 12 206104 12 206621 12 207138 11 207654 11 208171 11 208687 12 209202 12 209719 10 210238 2
test_0212_1,0 0
test_0212_2,40703 9 41214 12 41727 13 42239 14 42753 15 43267 15 43781 13 44299 6 44813 3 111906 5 112415 10 112926 13 113437 14 113949 15 114461 14 114974 12 115488 8
test_0212_3,0 0
test_0213_1,173731 8 174239 14 174748 20 175259 24 175770 28 176281 32 176792 34 177303 36 177814 38 178325 40 178836 41 179347 43 179858 44 180369 45 180880 47 181391 48 181902 49 182412 51 182924 52 183435 53 183946 54 184457 55 184968 56 185480 56 185991 57 186502 58 187013 59 187524 60 188036 60 188547 61 189058 62 189569 63 190080 64 190592 64 191104 64 191616 64 192128 64 192639 65 193151 65 193663 64 194175 64 194687 64 195199 64 195710 65 196222 65 196734 65 197246 65 197758 66 198270 66 198782 66 199294 66 199806 66 200318 66 200830 66 201342 66 201854 66 202366 66 202878 66 203390 66 203902 66 204414 66 204926 67 205438 67 205950 67 206462 67 206974 67 207486 67 207998 67 208510 67 209022 67 209534 67 210046 67 210558 67 211070 67 211583 65 212095 65 212607 64 213120 63 213632 62 214145 61 214657 61 215170 59 215683 58 216195 58 216709 55 217222 54 217735 52 218248 50 218762 47 219275 46 219788 43 220301 41 220814 39 221327 37 221842 33 222357 17
test_0213_2,0 0
test_0213_3,0 0
test_0214_1,0 0
test_0214_2,0 0
test_0214_3,47238 2 47750 4 48262 4 48774 4 49286 4 49799 3 50311 3 50823 4 51335 4 51847 4 52359 4 52872 3 53384 4 53896 4 54354 4 54408 4 54865 9 54920 4 55379 12 55432 4 55896 11 55944 4 56412 11 56457 3 56928 11 56969 3 57443 12 57481 3 57960 11 57993 3 58476 12 58505 3 58993 10 59017 3 59508 11 59529 3 60025 11 60041 3 60541 15 61057 12 61573 9 62087 11 62600 13 63112 16 63623 5 63634 9 64134 5 64149 9 64645 5 64665 9 65157 4 65181 6 65668 5 65696 2 66180 4 66691 5 67202 5 67713 5 68225 5 68736 6 69248 5 69760 4 70272 4 70784 3 71295 4 71807 3 72319 3 79745 9 80252 13 80760 13 81266 13 81772 15 82276 17 82782 19 83288 17 83790 21 84294 22 84791 31 85295 28 85790 36 86291 34 86792 33 87304 18 113248 2 113760 2 114271 3 114783 3 115295 3 115806 4 116318 4 116830 4 117342 4 117854 3 118365 4 118877 4 119389 4 119900 5 120412 5 120924 5 121436 5 121948 5 122460 4 122971 5 123483 5 123994 5 124506 5 125018 5 125530 5 126042 5 126554 5 127066 4 127578 4 128089 5 128601 4 129113 4 129625 3 130137 3 130649 3 131161 3 131673 2 132185 2 160643 2 161154 3 161666 3 162178 3 162690 3 163202 3 163714 4 164226 4 164739 3 165251 3 165763 3 166275 3 166787 4 167300 3 167812 3 168324 3 168836 3 169348 3 169860 3 170372 4 170884 4 171397 3 171909 3 172212 7 172421 3 172726 9 172933 3 173240 11 173445 4 173756 10 173957 4 174271 11 174470 3 174787 11 174982 4 175303 11 175494 4 175818 11 176006 4 176334 11 176518 4 176850 9 177030 4 177365 9 177543 4 177881 7 178055 4 178396 8 178567 4 178911 8 179080 3 179426 8 179592 3 179942 7 180104 4 180457 8 180616 4 180972 8 181129 3 181487 8 181641 3 182002 8 182153 3 182517 8 182665 3 183032 8 183177 3 183547 7 183690 3 184062 7 184202 3 184576 8 184714 4 185092 7 185227 3 185606 8 185739 3 186121 8 186251 3 186636 7 186763 3 187150 7 187276 3 187665 7 187788 3 188179 8 188300 3 188694 7 188813 2 189209 7 189325 3 189723 7 189837 3 190238 6 190349 3 190752 7 190862 3 191266 7 191374 3 191780 7 191886 3 192295 7 192399 2 192810 6 192911 3 193323 7 193423 3 193838 7 193936 3 194352 7 194448 3 194866 5 194961 3 195473 3 195985 3 196498 2 197010 3 197522 3 198035 3 198547 3 199060 3 199572 3 200085 2 200597 3 201109 3 201622 3 202134 3 202647 3 203159 3 203671 4 204184 3 204696 4 205209 3 205722 3 206234 3 206747 3 207259 3 207772 3 208284 3 208797 3 209310 2 209823 1
test_0215_1,0 0
test_0215_2,71491 2 72001 5 72513 6 73024 8 73536 9 74049 8 74561 9 75074 8 75587 7 76100 6 76613 4
test_0215_3,0 0
test_0216_1,102220 20 102730 28 103238 38 103747 43 104257 49 104767 55 105278 57 105789 59 106300 62 106812 65 107324 67 107835 70 108347 71 108859 72 109371 73 109884 72 110396 72 110908 72 111421 71 111934 70 112447 69 112959 69 113473 67 113986 66 114500 63 115015 60 115529 57 116043 54 116556 52 117068 51 117581 49 118095 45 118608 42 119122 38 119635 35 120150 23 120665 14 152893 1 152895 3 153404 7 153914 9 154426 8 154940 4
test_0216_2,0 0
test_0216_3,0 0
test_0217_1,17155 21 17653 43 18150 70 18229 5 18648 99 19142 1 19144 117 19650 124 20159 128 20668 131 21176 136 21686 139 22195 143 22705 147 23214 151 23725 152 24233 157 24744 158 25253 162 25764 163 26273 166 26783 168 27294 169 27803 173 28314 174 28824 176 29334 178 29845 179 30355 181 30866 181 31377 182 31888 183 32399 183 32910 184 33421 184 33932 185 34443 185 34954 185 35466 184 35977 184 36488 184 37000 183 37511 182 38022 182 38534 179 39046 177 39557 176 40069 173 40581 170 41093 166 41605 161 42116 160 42628 159 43140 152 43652 130 43785 4 43790 12 44164 127 44676 123 45187 122 45699 120 46211 111 46723 108 47235 98 47747 95 48260 91 48774 86 49286 83 49799 80 50311 79 50824 77 51337 74 51850 72 52362 69 52876 66 53389 64 53902 61 54416 58 54931 54 55444 52 55959 47 56473 44 56998 30 57511 27 58026 8
test_0217_2,0 0
test_0217_3,0 0
test_0218_1,0 0
test_0218_2,18802 4 19310 9 19820 11 20331 12 20843 12 21355 11 21868 9 22381 6 234631 6 235142 8 235653 9 236166 8 236679 6
test_0218_3,0 0
test_0219_1,206202 21 206709 29 207215 39 207725 49 208232 57 208741 63 209248 70 209756 76 210264 81 210774 85 211284 88 211795 90 212306 92 212817 94 213328 96 213839 98 214351 99 214862 103 215374 104 215886 105 216397 107 216909 107 217421 107 217933 108 218445 108 218957 109 219469 109 219982 108 220494 108 221006 108 221519 107 222031 107 222544 106 223056 106 223569 105 224082 104 224595 102 225108 101 225621 99 226134 98 226647 97 227160 95 227673 93 228186 92 228699 90 229212 88 229726 84 230239 82 230753 78 231267 74 231782 70 232296 67 232810 63 233325 58 233840 53 234355 33 234392 11 234872 11 234884 8
test_0219_2,0 0
test_0219_3,0 0
test_0220_1,161072 4 161581 16 162092 19 162603 21 163114 23 163626 25 164138 26 164649 27 165162 26 165674 26 166186 26 166699 24 167212 23 167725 20 168238 18 168751 15 169265 3 169272 3
test_0220_2,0 0
test_0220_3,0 0
test_0221_1,118120 8 118630 13 119140 18 119650 24 120159 30 120669 38 121180 41 121691 43 122202 45 122714 46 123225 48 123736 49 124248 50 124759 51 125271 51 125782 52 126294 51 126806 52 127318 52 127830 52 128341 53 128853 53 129365 53 129877 53 130389 53 130901 53 131413 53 131925 53 132438 51 132950 51 133462 50 133975 49 134488 47 135001 45 135515 42 136028 40 136542 36 137055 33 137568 30 138082 25 138597 20
test_0221_2,0 0
test_0221_3,0 0
test_0222_1,0 0
test_0222_2,0 0
test_0222_3,63235 3 63744 7 64253 9 64762 8 65271 9 65780 9 66290 8 66799 10 67308 12 67815 16 68324 20 68832 25 69341 28 69850 11 69867 10 70359 10 70379 8 70868 11 70892 4 71378 12 71887 15 72396 8 72410 4 72905 8 72922 4 73413 9 73435 3 73922 8 74433 6 77873 2 78385 2 78897 2 79409 2 79921 2 80434 1 80946 1 81458 1 81969 2 82481 2 82993 2 83505 2 84016 3 84528 4 85040 4 85552 4 86065 3 86578 2 87090 2 87603 1 88115 1 88627 1 110904 5 111416 8 111929 10 112444 10 112960 9 113476 9 113991 9 114506 9 115021 10 115537 9 116052 11 116567 11 117084 9 117600 10 118116 10 118631 12 119146 12 119664 10 120180 9 120696 9 121211 10 121727 11 122242 12 122759 12 123275 13 123793 13 124310 11 124829 7 125346 1 192847 3 193360 3 193873 4 194386 4 194899 4 195412 4 195925 5 196438 6 196952 5 197465 5 197979 5 198493 5 199006 6 199520 5 200034 5 200548 4 201061 5 201575 5 202088 5 202602 4 203115 5 203628 6 204142 6 204656 5 205169 6 205683 5 206196 6 206710 5 207223 6 207737 6 208250 6 208764 6 209277 6 209791 6 210304 6 210817 7 211330 8 211844 7 212357 8 212871 8 213386 6 213900 6 214413 7 214927 6 215440 8 215954 8 216468 7 216983 6 217498 5 218011 7 218525 7 219039 7 219554 5
test_0223_1,0 0
test_0223_2,0 0
test_0223_3,28222 1 28734 3 29247 3 29759 3 30271 4 30784 4 31297 4 31810 4 32322 4 32835 4 32970 4 33348 4 33480 6 33861 4 33991 5 34374 4 34502 4 34887 4 35012 5 35400 4 35523 5 35913 4 36033 5 36426 4 36544 5 36938 4 37055 5 37451 4 37566 4 37964 4 38077 4 38476 5 38587 5 38989 5 39098 5 39502 5 39608 6 40015 4 40119 5 40528 4 40630 5 41041 4 41141 5 41553 4 41652 5 42066 4 42163 5 42578 5 42674 4 43091 4 43184 5 43604 4 43695 5 44117 4 44205 6 44630 3 44716 5 45142 4 45227 5 45655 3 45738 4 46168 3 46248 5 46680 4 46759 5 47193 4 47269 6 47706 3 47780 5 48218 4 48291 5 48731 4 48802 4 49244 4 49312 5 49756 4 49823 5 50270 2 50333 5 50844 4 51355 4 51865 5 52375 6 52886 6 53397 6 53907 6 54417 6 54928 5 55439 5 55950 4 56460 5 56971 5 57481 5 57992 4 58504 3 111349 2 111861 5 112374 6 112888 6 113402 7 113916 7 114430 9 114945 8 115460 7 115975 7 116489 7 117004 7 117518 7 118033 7 118547 7 119061 7 119575 8 120090 7 120604 8 121118 8 121632 9 122147 8 122661 8 123176 7 123690 8 124205 7 124719 8 125234 7 125748 8 126263 8 126777 8 127292 8 127806 8 128321 8 128836 7 129351 6 129865 7 130379 7 130894 7 131408 7 131922 7 132437 6 132951 7 133465 7 133979 7 134494 6 135008 6 135522 6 136036 6 136550 6 137064 6 137578 6 138092 5 150160 2 150671 3 151182 4 151694 3 152206 3 152717 3 153228 4 153740 3 154251 4 154763 3 155274 4 155786 3 156297 4 156809 3 157320 4 157832 3 158343 4 158855 3 159366 4 159878 3 160389 4 160901 3 161413 3 161924 3 162436 3 162948 3 163460 2 169697 2 170209 3 170721 3 171233 3 171745 3 172257 3 172769 3 173281 3 173793 3 174305 3 174817 3 175329 3 175841 3 176353 3 176865 3 177377 3 177889 3 178401 3 178913 3 179426 2
test_0224_1,0 0
test_0224_2,64209 7 64719 10 65231 11 65742 12 66255 10 66768 8 118151 6 118661 10 119172 12 119684 12 120195 13 120708 10 121222 3 188003 9 188514 11 189025 12 189538 10 190050 9 190563 7 209176 12 209686 15 210198 15 210710 15 211222 14 211736 9
test_0224_3,0 0
test_0225_1,165685 18 166189 34 166699 41 167207 47 167717 53 168228 58 168739 61 169250 63 169761 64 170272 66 170784 66 171295 68 171807 69 172318 71 172830 72 173341 73 173853 74 174364 75 174876 75 175387 76 175899 76 176410 77 176922 76 177434 76 177946 76 178458 76 178820 5 178830 6 178969 77 179327 31 179481 77 179836 39 179993 76 180346 43 180505 76 180855 48 181017 76 181366 54 181529 76 181877 57 182042 74 182389 61 182554 74 182900 67 183066 74 183410 70 183578 74 183921 74 184090 74 184432 76 184602 73 184943 81 185114 73 185454 86 185626 73 185966 88 186138 72 186478 91 186650 72 186990 93 187162 72 187501 96 187674 71 188014 97 188186 71 188526 99 188698 71 189038 100 189209 71 189550 101 189721 70 190062 103 190232 71 190575 104 190744 70 191088 104 191256 70 191601 105 191767 71 192114 106 192271 3 192277 73 192627 112 192784 78 193140 115 193296 77 193653 118 193808 77 194167 118 194317 80 194680 122 194814 7 194824 85 195194 227 195708 225 196222 223 196737 220 197253 216 197770 210 198290 112 198420 72 198806 96 198934 5 198943 61 199322 89 199457 59 199838 85 199970 58 200355 81 200482 57 200871 77 200994 57 201388 73 201505 58 201903 71 202016 58 202421 65 202527 59 202936 62 203038 59 203454 54 203550 59 203970 49 204062 59 204487 44 204573 59 205003 40 205085 58 205521 34 205596 58 206038 27 206108 57 206560 14 206620 56 207135 52 207658 39 208187 20 208704 8
test_0225_2,0 0
test_0225_3,0 0
test_0226_1,0 0
test_0226_2,80652 7 81163 10 81674 13 82186 14 82698 15 83210 15 83723 13 84236 11 84749 9 85262 7 85775 4 165010 9 165521 12 166033 13 166545 14 167058 13 167571 12 168091 2
test_0226_3,0 0
test_0227_1,0 0
test_0227_2,80767 5 81277 9 81788 11 82300 11 82812 10 83325 8 83838 5 186604 7 187113 11 187624 13 188136 13 188649 11 189162 9 196447 3 196955 10 197465 12 197976 13 198489 11 199002 8
test_0227_3,0 0
test_0228_1,0 0
test_0228_2,53353 7 53865 8 54377 10 54889 10 55402 9 55916 6 56431 1 72064 2 72573 10 73084 11 73595 12 74107 12 74619 13 75132 13 75645 12 76158 10 76672 5 234681 7 235193 8 235706 7 236220 5
test_0228_3,0 0
test_0229_1,0 0
test_0229_2,131889 5 132400 7 132912 7 133424 7 133938 3 140405 4 140914 11 141425 13 141938 12 142450 12 142965 7 200899 5 201409 9 201920 10 202432 11 202944 10 203457 8 203971 4
test_0229_3,0 0
test_0230_1,54576 1 55085 6 55596 9 55627 3 55634 3 56106 12 56138 14 56618 13 56638 1 56650 16 57129 24 57161 19 57181 2 57640 27 57672 26 58152 30 58183 30 58664 62 59176 62 59688 62 60200 63 60711 52 60771 4 61224 10 61235 38 61284 4 61736 9 61747 38 61797 3 62248 8 62259 37 62308 7 62760 6 62771 36 62821 11 63273 4 63283 36 63333 13 63785 4 63795 36 63845 13 64297 2 64307 36 64357 14 64819 36 64869 15 65332 35 65380 16 65844 35 65891 18 66358 34 66403 17 66870 35 66913 19 67382 35 67425 19 67894 35 67934 1 67936 20 68406 35 68450 17 68919 33 68961 18 69431 34 69468 1 69470 1 69473 16 69943 57 70455 56 70967 55 71480 52 71994 46 72506 36 72545 5 73019 34 73531 33 74044 31 74556 29 75068 28 75581 26 76093 26 76606 25 77119 24 77632 24 78149 18 78663 16 79177 13 79692 9 80206 6 80720 2 112851 1 113356 25 113867 31 114366 62 114873 67 114945 3 115384 68 115457 4 115894 70 115968 5 116405 72 116478 8 116914 84 117423 88 117934 91 118445 94 118956 97 119466 104 119975 110 120485 115 120994 124 121503 128 122013 132 122523 136 123034 140 123545 145 124024 1 124056 149 124527 2 124534 5 124563 157 125037 17 125073 160 125548 20 125584 162 126059 23 126092 166 126570 201 127081 203 127592 206 128104 206 128615 208 129126 210 129637 213 130147 217 130659 219 131171 219 131683 220 132194 221 132704 223 133216 223 133729 222 134243 220 134756 219 135269 167 135439 47 135781 163 135956 41 136291 163 136473 35 136801 164 136988 31 137313 163 137502 28 137825 162 138016 25 138337 161 138532 20 138848 161 139048 15 139360 161 139567 6 139872 160 140384 159 140896 158 141409 157 141921 155 142434 150 142947 145 143459 143 143972 139 144486 136 144999 133 145512 130 146025 126 146537 122 147049 118 147561 114 148073 110 148585 108 149097 106 149609 103 150122 101 150635 100 151147 100 151659 99 152171 99 152683 98 153195 97 153707 96 154219 94 154732 92 155245 90 155758 47 155807 39 156270 44 156320 36 156783 41 156832 34 157296 38 157345 24 157810 34 157859 17 158325 29 158373 14 158839 25 158886 4 158895 3 159353 22 159871 16 160392 7 160906 4 161420 1 224625 2 224631 1 225135 13 225647 16 226158 21 226670 25 227181 27 227693 30 228204 34 228245 4 228716 50 229229 51 229741 52 230254 52 230768 52 231280 52 231787 59 232297 61 232808 62 233320 63 233831 64 234343 65 234855 65 235366 66 235878 66 236389 67 236901 67 237412 68 237924 67 238436 30 238471 32 238948 28 238994 23 239458 1 239460 26 239508 22 239973 22 240022 21 240486 21 240536 19 240998 20 241050 17 241511 19 241564 15 242023 18 242076 15 242537 16 242589 6 242596 6 243052 7 243060 4 243101 5 243108 6 243614 3 243619 6 244131 5 245107 1 247698 1 248222 1 248732 5 249240 9 249751 9 250261 3 250265 1 250774 1
test_0230_2,0 0
test_0230_3,0 0
test_0231_1,0 0
test_0231_2,43896 5 44406 8 44915 12 45425 14 45936 15 46447 15 46959 14 47472 11 47985 7 88777 3 89287 7 89798 8 90308 10 90820 10 91332 9 91844 8 92357 5 127271 3 127780 8 128291 9 128802 10 129313 11 129825 10 130337 9 130850 7 131363 4 192354 8 192864 11 193375 12 193887 12 194399 11 194912 9 195426 4 235708 6 236218 10 236729 13 237241 13 237754 12 238267 10
test_0231_3,0 0
test_0232_1,94456 4 94959 34 95469 39 95978 45 96488 50 96999 54 97508 59 98018 63 98529 65 99039 68 99550 70 100060 74 100571 76 101082 78 101593 80 102104 82 102615 84 103126 86 103638 87 104149 89 104661 90 105172 91 105684 91 106196 92 106708 92 107219 94 107731 95 108243 95 108755 95 109266 96 109778 97 110290 97 110801 98 111313 98 111825 98 112337 99 112849 99 113361 99 113873 99 114385 100 114897 100 115409 101 115921 101 116434 100 116947 99 117459 98 117972 97 118485 96 118998 95 119512 93 120026 90 120539 89 121053 86 121567 83 122082 80 122597 77 123111 74 123628 69 124145 64 124662 58 125179 53 125695 49 126211 45 126727 40 127242 37 127758 33 128273 30 128788 26 129303 23 129817 20 130333 2 130336 12 130855 4
test_0232_2,0 0
test_0232_3,0 0
test_0233_1,0 0
test_0233_2,159133 5 159641 10 160151 13 160662 14 161174 14 161686 13 162199 10 162713 4
test_0233_3,0 0
test_0234_1,63292 11 63308 7 63803 29 64313 33 64823 37 65332 42 65843 44 66354 46 66865 48 67376 50 67888 51 68399 52 68911 52 69423 53 69935 53 70447 54 70960 53 71472 53 71985 53 72497 53 73010 52 73525 49 74039 47 74552 46 75066 44 75580 42 76094 40 76608 37 77123 30 77638 23 78154 17
test_0234_2,0 0
test_0234_3,0 0
test_0235_1,0 0
test_0235_2,0 0
test_0235_3,93916 3 94428 4 94940 4 95453 4 95966 3 96479 3 96991 3 97504 3 98016 3 98528 4 99041 3 99553 3 100066 3 100579 3 101091 3 101603 4 102116 3 102629 3 103141 3 103654 3 104166 3 104679 3 105191 3 105703 4 106216 3 106729 3 107241 4 107754 3 108266 4 108779 3 109291 3 109803 4 110316 3 110828 4 111340 4 111853 3 112365 4 112878 4 113390 4 113902 4 114415 3 114927 4 115439 4 115952 3 116464 4 116976 4 117489 3 118001 4 118513 4 119026 3 119538 3 120050 3 120562 3 121074 3 121586 3 122098 4 122610 4 123122 4 123634 4 124146 4 124659 3 125171 3 125683 4 126195 4 126708 3 127220 3 127732 3 128244 3 128756 3 129268 3 129780 3 130292 3 130804 3 131316 3 131828 2 188641 5 189154 7 189668 10 190183 10 190699 10 191215 8 191732 3
test_0236_1,0 0
test_0236_2,0 0
test_0236_3,28953 1 29465 3 29977 5 30490 6 31004 5 31518 5 32031 5 32544 6 33058 5 33572 5 33917 2 34085 5 34428 4 34598 6 34939 4 35112 5 35450 4 35625 6 35961 4 36139 5 36472 4 36652 6 36983 4 37166 5 37494 4 37679 6 38005 5 38192 6 38516 5 38706 5 39025 7 39220 4 39536 7 39733 5 40047 8 40246 5 40558 8 40760 5 41070 7 41273 5 41582 6 41786 5 42094 5 42300 4 42605 5 42813 5 43117 4 43326 6 43628 4 43840 5 44140 4 44353 5 44651 4 44866 5 45163 4 45380 5 45674 5 45893 5 46186 5 46406 5 46698 5 46919 6 47210 5 47432 6 47493 2 47722 4 47946 5 48005 3 48234 4 48459 5 48518 4 48746 4 48972 5 49030 5 49258 4 49485 5 49543 4 49769 4 49998 4 50056 4 50281 4 50511 4 50568 4 50793 4 51024 4 51081 4 51305 3 51537 4 51593 5 51816 4 52050 4 52106 5 52328 4 52563 5 52619 4 52840 3 53076 5 53132 4 53351 4 53589 5 53644 5 53863 4 54102 5 54157 4 54375 3 54615 4 54670 4 54886 4 55128 4 55182 5 55398 4 55641 4 55695 4 55910 4 56154 4 56208 4 56421 5 56667 4 56721 3 56933 4 57180 4 57234 2 57445 4 57692 5 57956 4 58205 5 58468 4 58718 5 58979 4 59231 5 59491 4 59744 5 60003 3 60257 5 60514 4 60771 4 61026 3 61284 4 61537 4 61796 4 62048 4 62309 4 62560 4 62822 4 63073 1 63334 4 63847 4 64360 4 64872 4 65385 4 65898 3 66410 4 66923 4 67435 5 67948 4 68460 5 68973 4 69486 4 69998 4 70510 4 71022 4 71534 4 72046 5 72558 5 73071 4 73583 4 74096 3 74608 3 75120 4 75633 3 76145 3 91885 3 92395 5 92906 5 93417 5 93928 5 94439 5 94950 5 95461 5 95972 5 96483 5 96994 5 97505 5 98016 4 98527 5 99038 5 99549 5 100061 4 100572 4 101083 4 101594 4 102106 4 102617 4 103128 4 103639 4 104150 5 104661 5 105172 5 105683 5 106195 4 106706 4 107217 4 107728 4 108239 5 108751 4 109262 4 109773 4 110284 4 110795 4 111306 4 111817 5 112328 5 112839 5 113351 3 113861 5 114373 4 114884 4 115395 4 115906 4 116417 4 116928 4 117439 5 117950 5 118461 5 118972 5 119482 6 119993 5 120504 5 121015 5 121526 4 122037 4 122548 4 123059 4 123569 5 124080 5 124590 6 125101 6 125612 5 126123 5 126260 2 126634 5 126771 10 127145 5 127283 19 127655 5 127801 19 128166 5 128318 19 128676 6 128838 17 129187 6 129356 16 129698 5 129875 13 130209 5 130390 16 130719 6 130910 10 131230 6 131426 11 131741 5 131942 10 132252 5 132458 11 132763 5 132973 11 133274 5 133488 12 133785 5 134004 12 134296 5 134520 12 134807 5 135036 11 135318 5 135550 13 135830 4 136067 10 136342 2 136582 11 137099 9 137614 9 138129 8 138644 7 139159 7 139674 6 140188 7 140702 7 141217 7 141732 7 142246 7 142760 7 143274 7 143788 9 144302 10 144816 10 145332 8 145846 7 146361 7 146876 5 147389 6 147904 4 148417 6 148932 4 149446 2 183171 5 183683 5 184196 4 184708 4 185221 4 185734 4 186247 3 186759 4 187272 4 187785 4 188298 4 188810 4 189323 4 189836 4 190349 3 190862 3 191374 4 191631 2 191887 3 192143 4 192400 3 192656 5 192912 4 193170 4 193425 4 193683 5 193938 4 194197 5 194450 5 194711 4 194963 5 195224 5 195476 4 195738 5 195989 4 196251 6 196502 3 196765 5 197014 4 197279 5 197527 3 197792 6 198039 4 198306 6 198552 4 198820 6 199064 4 199334 6 199577 4 199847 6 200089 4 200361 6 200602 4 200875 6 201114 5 201388 7 201627 4 201902 7 202139 5 202417 6 202652 4 202931 6 203164 5 203445 6 203677 4 203960 5 204189 5 204473 7 204702 4 204987 7 205214 4 205502 6 205727 4 206016 6 206240 3 206530 7 206752 4 207044 7 207264 4 207558 7 207776 4 208072 7 208289 4 208586 7 208801 4 209100 6 209313 5 209614 6 209826 4 210128 6 210338 4 210642 6 210849 5 211156 6 211361 5 211670 6 211874 4 212184 6 212386 5 212698 7 212898 5 213213 6 213411 4 213727 6 213924 3 214241 6 214436 3 214755 6 214948 3 215269 6 215460 4 215783 6 215972 4 216297 6 216484 4 216811 7 216996 3 217326 6 217508 3 217840 6 218020 3 218354 7 218532 3 218868 6 219044 3 219382 7 219556 3 219896 7 220068 3 220410 7 220580 3 220924 7 221092 3 221438 7 221604 3 221952 7 222116 3 222467 7 222628 3 222981 9 223140 3 223496 8 223652 3 224010 7 224164 3 224525 6 224675 4 225038 7 225187 4 225552 8 225698 5 226067 7 226210 5 226581 7 226722 5 227095 9 227234 5 227610 8 227746 5 228125 5 228258 5 228770 5 229282 5 229794 5 230306 5 230818 5 231330 5 231842 5 232354 5 232866 5 233378 4 233890 4 234402 4 234914 4 235426 4 235938 4 236449 4 236961 4 237473 4 237984 4 238496 4 239008 4 239520 4 240032 3 240544 3 241055 4 241567 3 242080 2
test_0237_1,77478 9 77980 22 78484 33 78994 35 79503 41 80014 50 80524 54 81034 57 81544 60 82055 61 82566 62 83077 63 83588 64 84099 65 84610 66 85121 67 85632 69 86143 70 86654 71 87166 72 87678 72 88189 73 88701 73 89213 73 89726 72 90238 72 90750 71 91262 71 91775 70 92288 69 92802 68 93315 67 93828 66 94342 64 94856 62 95370 59 95885 56 96400 52 96915 49 97438 38 97953 34 98468 30 98984 5 98993 3 99004 4 143740 11 144249 17 144759 21 145267 30 145776 35 146287 38 146798 43 147308 49 147820 54 148331 57 148843 57 149354 59 149866 59 150378 60 150891 60 151404 60 151917 59 152430 57 152944 55 153457 53 153970 45 154017 4 154483 41 154532 1 155000 32
test_0237_2,0 0
test_0237_3,0 0
test_0238_1,0 0
test_0238_2,53351 7 53863 8 54375 10 54888 9 55401 8 55914 6 72063 2 72068 4 72572 11 73083 11 73594 12 74106 12 74618 13 75130 13 75643 12 76156 10 76670 6 140539 8 141050 10 141561 11 142073 10 142586 8
test_0238_3,0 0
test_0239_1,0 0
test_0239_2,0 0
test_0239_3,69431 5 69923 4 69934 14 70433 24 70941 22 71447 22 71953 20 72460 19 72967 15 73474 13 73980 13 74487 15 74995 12 75504 11 76015 4
test_0240_1,0 0
test_0240_2,85351 5 85860 9 86371 10 86882 10 87394 10 87907 8 153701 6 154211 10 154723 11 155235 11 155747 10 156261 7 196733 3 197241 10 197752 11 198264 11 198775 11 199288 9
test_0240_3,0 0
