id,rle
test_0001_1,203505 5 204015 9 204526 11 205036 14 205546 17 206058 18 206569 20 207080 22 207591 24 208102 26 208613 29 209124 31 209635 34 210147 35 210659 36 211171 37 211682 38 212194 40 212254 6 212705 42 212762 12 213216 45 213271 15 213728 49 213780 19 214239 72 214750 74 215261 75 215773 76 216284 78 216796 78 217307 79 217818 80 218329 81 218839 83 219350 84 219861 85 220372 86 220883 87 221394 88 221905 89 222416 90 222928 33 222966 2 222971 47 223436 36 223485 45 223947 36 223999 43 224459 35 224512 42 224971 34 225026 39 225484 3 225488 28 225539 38 226000 27 226052 37 226512 26 226565 36 227024 26 227078 36 227536 25 227590 36 228048 22 228103 36 228561 20 228616 35 229073 19 229128 36 229586 17 229640 36 230100 14 230153 35 230614 11 230664 34 231126 10 231176 32 231639 9 231688 30 232153 7 232200 28 232667 2 232712 27 233225 22 233737 21 234250 20 234763 2 234767 14 235280 12 235792 10 236304 10 236814 12 237326 5
test_0001_2,0 0
test_0001_3,0 0
test_0002_1,0 0
test_0002_2,111301 3 111812 5 112324 5 112836 5 113347 6 113859 7 114371 7 114884 6 115396 6 115908 6 116421 4 116933 4 157153 3 157664 5 158175 6 158687 7 159199 7 159710 8 160222 8 160734 7 161246 7 161758 7 162271 5 162783 5 163296 3
test_0002_3,0 0
test_0003_1,0 0
test_0003_2,60249 2 60760 4 61272 5 61784 5 62296 5 62808 5 63320 5 63832 4 64345 3 110770 2 111281 4 111793 4 112305 5 112817 5 113329 6 113841 6 114353 6 114865 6 115378 4 115891 2 147743 2 148254 4 148765 5 149277 5 149789 5 150301 5 150813 6 151325 6 151838 4 152350 4 152863 2 171754 4 172266 5 172778 5 173290 5 173802 6 174314 6 174826 6 175338 5 175851 4 176363 4 176876 2
test_0003_3,0 0
test_0004_1,0 0
test_0004_2,59223 3 59734 5 60246 5 60758 5 61270 5 61781 6 62293 6 62805 6 63317 6 63829 6 64342 4 64854 4 65367 2 102793 1 103303 4 103815 4 104326 5 104838 5 105350 6 105862 6 106374 6 106886 5 107398 5 107911 4 108423 4 108935 3 135826 4 136337 5 136849 6 137361 6 137872 7 138384 7 138896 7 139408 7 139920 7 140432 7 140944 7 141457 5 141969 5 142481 4 142994 2 162645 3 163156 5 163668 5 164180 5 164692 5 165204 6 165716 6 166228 6 166740 6 167252 6 167764 6 168277 5 168789 4 169302 2
test_0004_3,0 0
test_0005_1,0 0
test_0005_2,0 0
test_0005_3,76086 2 76597 3 77097 2 77108 4 77609 5 77620 3 78121 6 78132 3 78634 6 78643 4 79145 8 79154 4 79644 10 79656 13 80154 27 80663 9 80673 20 81175 6 81193 1 81197 8 81687 3 81711 7 82225 9 82738 9 83251 8 83764 8 84278 7 84791 7 85305 6 85819 7 86332 7 86846 6 87359 6 87872 7 88386 7 88900 7 89415 5 89928 6 90442 6 90956 6 91469 6 91983 4 131777 2 132288 3 132799 4 133310 4 133821 4 134332 4 134842 5 135352 6 135863 6 136375 5 136886 5 137397 5 137908 4 138419 4 138930 4 139441 5 139951 6 140462 6 140974 5 141485 5 141996 5 142507 5 143017 5 143528 5 144039 5 144549 7 145060 6 145571 6 146082 6 146593 6 147104 6 147615 7 148126 6 148637 6 149148 6 149659 6 150170 6 150681 7 151192 7 151703 7 152214 7 152725 8 153237 6 153748 6 154259 6 154770 6 155281 5 155792 6 156303 5 156814 5 157325 6 157837 5 158129 1 158349 3 158641 2 159153 2 159664 3 160176 3 160688 3 161200 3 161712 3 162224 3 162736 3 163248 3 163760 2 164271 3 164783 3 165295 3 165807 3 166319 3 166831 3 167343 3 167854 3 168366 3 168878 3 169390 3 169902 3 170414 3 170926 3 171437 4 171949 4 172461 3 172973 3 173485 3 173997 3 174509 3 175021 3 175532 4 176044 3 176556 3 177068 3 177580 3 177847 1 178092 3 178358 2 178604 3 178870 3 179116 3 179382 3 179628 3 179894 3 180140 3 180407 2 180652 3 180919 2 181164 3 181431 2 181675 4 181943 3 182187 4 182455 3 182699 3 182967 3 183211 3 183479 3 183723 3 183992 2 184235 3 184504 3 184747 3 185016 3 185259 3 185528 3 185771 3 186040 3 186283 2 186553 2 186795 2 187065 3 187307 2 187577 3 187819 1 188089 3 188601 3 189113 3 189625 3 190137 3 190649 3 191162 3 191674 3 192186 3 192698 3 193210 3 193722 4 194235 3 194747 3 195259 3 195771 3 196283 3 196795 4 197307 4 197820 3 198332 3 198845 3 199357 3 199869 3 200382 3 200894 3 201406 3 201918 3 202431 3 202943 3 203455 3 203968 2 204480 3 204992 3 205504 4 206017 3 206529 3 207041 3 207553 3 208065 3 208578 2 209090 3 209602 3 210114 3 210627 2 211139 3 211651 3 212163 3 212675 3 213187 3 213700 3 214212 3 214724 3 215237 3 215749 3 216261 3 216773 3 217286 2 217798 3 218310 3 218822 3 219335 2 219847 3 220359 3 220871 3 221383 3 221896 3 222408 3 222920 3 223432 3 223944 4 224457 3 224969 3 225481 3 225993 3 226506 3 227018 3 227530 3 228043 2 228555 3 229067 3 229579 3 230092 2 230604 3 231116 3 231628 3 232141 3 232653 3 233165 3 233678 2 234190 2 234702 3 235214 3 235727 2 236239 2 236752 2 237264 2 237776 1
test_0006_1,0 0
test_0006_2,0 0
test_0006_3,79729 2 80241 3 80754 3 81266 3 81779 3 82291 4 82804 3 83316 4 83829 4 84342 3 84854 4 85367 3 85880 3 86392 3 86905 3 87418 3 87930 4 88443 3 88955 4 89468 3 89980 4 90493 3 91006 3 91518 3 92031 3 92543 4 93056 4 93569 3 94081 4 94594 3 95106 3 95619 3 96131 4 96644 3 97156 4 97669 3 98182 3 98694 3 99207 3 99719 3 100232 3 100744 3 101256 4 101769 3 102282 3 102794 3 103307 3 103819 3 104332 3 104844 3 105357 3 105869 3 106381 4 106894 3 107406 4 107919 3 108431 4 108944 3 109456 4 109969 4 110482 3 110994 4 111507 3 112020 3 112532 3 113045 3 113557 3 114070 3 114582 3 115095 3 115607 3 116120 3 116632 3 117145 2 117657 3 118170 3 118682 3 119194 4 119707 3 120219 4 120732 4 121245 3 121757 3 122270 3 122782 3 123295 3 123807 3 124320 3 124832 3 125345 3 125857 3 126370 3 126882 3 127395 3 127907 3 128419 4 128932 3 129444 4 129957 3 130469 4 130982 3 131494 4 132007 3 132519 4 133032 3 133545 3 134057 3 134570 3 135082 3 135595 3 136107 3 136620 3 137132 3 137644 3 138157 3 138669 3 139181 4 139694 3 140207 3 140719 3 141232 3 141744 3 142257 3 142769 3 143281 4 143794 3 144306 4 144819 3 145331 3 145844 3 146356 3 146868 4 147381 3 147893 3 148406 2 148918 2 199012 2 199524 4 200036 5 200549 6 201062 6 201576 6 202089 6 202603 6 203116 6 203629 6 204143 6 204656 7 205170 6 205684 6 206197 6 206711 6 207224 6 207737 8 208250 9 208764 10 209279 8 209793 8 209870 5 210306 9 210379 9 210820 9 210888 11 211334 9 211391 18 211847 11 211893 25 212362 16 212403 25 212877 16 212899 1 212905 33 213391 52 213907 35 213945 5 214422 25 214940 8
test_0007_1,0 0
test_0007_2,0 0
test_0007_3,173783 2 174295 2 174807 3 175319 3 175832 3 176344 3 176856 3 177369 3 177881 3 178393 3 178905 4 179418 3 179930 3 180443 3 180955 3 181467 3 181979 3 182492 3 183004 3 183516 3 184029 3 184541 3 185053 3 185566 3 186078 3 186590 3 187103 3 187615 3 188127 3 188639 4 189152 3 189664 3 190176 3 190689 3 191201 3 191713 3 192225 3 192738 2 193250 3 193762 3 194274 3 194787 3 195299 3 195811 3 196324 2 196836 3 197348 3 197861 2 198373 3 198885 3 199397 3 199909 4 200422 3 200934 3 201446 3 201958 3 202471 3 202983 3 203495 3 204007 3 204519 3 205032 3 205544 3 206056 3 206569 3 207081 3 207593 3 208106 2 208618 3 209130 3 209643 2 210155 3 210667 3 211180 2 211692 2 212204 2 212717 1 213229 1
test_0008_1,172714 18 173223 22 173733 26 174244 27 174754 30 175265 31 175776 33 176287 35 176799 36 177310 37 177822 38 178334 38 178845 39 179357 40 179869 40 180380 41 180891 42 181403 42 181915 42 182426 43 182938 43 183450 43 183962 43 184474 43 184986 43 185498 43 186011 42 186523 42 187035 42 187548 40 188060 40 188572 40 189084 40 189596 40 190109 38 190621 38 191134 36 191646 35 192158 35 192671 33 193183 33 193695 32 194207 31 194720 30 195232 29 195744 28 196257 25 196770 23 197291 13 197807 5
test_0008_2,0 0
test_0008_3,0 0
test_0009_1,0 0
test_0009_2,46129 4 46641 4 47153 5 47664 6 48176 6 48688 7 49200 7 49712 7 50224 7 50736 7 51248 7 51760 7 52273 6 52785 5 53297 5 53810 3 54213 1 54724 3 55236 4 55747 5 56259 5 56771 5 57283 5 57795 5 58307 5 58819 4 59332 2 100291 2 100802 4 101314 5 101826 5 102338 5 102850 5 103361 6 103873 6 104385 5 104897 5 105409 5 105921 5 106434 3 185043 1 185554 4 186065 5 186577 5 187088 6 187600 6 188112 5 188624 5 189136 5 189648 5 190161 3 190673 3 191186 1 206959 4 207470 5 207981 7 208493 7 209004 7 209516 7 210028 7 210539 8 211051 8 211563 7 212075 7 212587 6 213100 4 213613 2
test_0009_3,0 0
test_0010_1,0 0
test_0010_2,193614 2 194125 4 194636 6 195148 6 195660 6 196172 6 196684 6 197196 6 197708 6 198220 5 198733 4
test_0010_3,0 0
test_0011_1,42557 6 43067 10 43578 12 44089 14 44600 16 45111 18 45622 20 46134 21 46645 22 47156 24 47668 24 48179 25 48691 26 49203 26 49714 27 50226 27 50737 28 51249 28 51760 29 52272 29 52784 29 53295 29 53807 30 54319 30 54831 30 55343 31 55855 31 56367 31 56879 32 57390 33 57899 36 58410 37 58921 38 59432 39 59944 39 60455 40 60967 40 61479 40 61991 40 62503 40 63015 40 63527 40 64039 40 64551 40 65063 40 65575 40 66088 39 66600 39 67113 38 67626 37 68143 32 68655 32 69168 31 69680 30 70193 29 70705 29 71217 29 71729 29 72241 28 72753 27 73266 26 73778 25 74290 25 74802 24 75315 22 75827 21 76340 19 76853 16 77365 15 77878 12 78392 7 167744 3 168254 6 168764 10 169274 13 169785 15 170296 16 170807 18 171319 19 171831 20 172342 21 172854 22 173365 24 173877 24 174388 25 174900 26 175412 26 175923 27 176435 28 176947 28 177459 28 177971 28 178482 29 178994 29 179506 29 180018 29 180530 29 181043 27 181555 27 182067 27 182579 27 183091 28 183603 28 184115 28 184627 27 185139 27 185651 27 186163 27 186674 28 187187 28 187699 28 188211 28 188723 28 189236 26 189748 26 190261 25 190774 23 191286 23 191798 22 192311 21 192823 20 193335 20 193848 18 194361 16 194873 16 195386 14 195899 11 196413 3
test_0011_2,0 0
test_0011_3,0 0
test_0012_1,0 0
test_0012_2,36129 1 36640 3 37151 5 37662 6 38174 7 38686 7 39198 7 39710 7 40222 7 40734 7 41246 7 41758 7 42271 6 42783 6 43296 4 64402 4 64914 4 65425 5 65937 6 66449 6 66961 6 67473 6 67986 5 68498 5 69011 3 147348 4 147860 5 148371 6 148883 6 149396 5 149908 4 150420 4 150933 2 202814 2 203325 4 203837 5 204348 7 204860 7 205372 7 205884 7 206396 7 206908 6 207420 6 207932 5 208445 3
test_0012_3,0 0
test_0013_1,164600 7 165110 11 165620 14 166131 17 166642 19 167153 20 167664 22 168175 23 168687 24 169199 25 169710 26 170222 26 170734 27 171246 28 171757 29 172269 30 172780 32 173291 33 173803 34 174314 36 174826 36 175338 37 175850 38 176362 39 176874 39 177386 40 177898 40 178410 40 178922 41 179434 41 179946 41 180458 42 180970 42 181482 42 181994 42 182506 43 183017 44 183529 44 184041 44 184553 44 185065 44 185578 43 186090 43 186602 43 187114 43 187627 42 188139 42 188651 42 189164 41 189676 42 190189 41 190702 40 191214 41 191728 39 192242 36 192755 34 193268 31 193780 31 194292 30 194805 29 195318 28 195830 28 196343 27 196856 25 197368 24 197881 23 198394 21 198907 19 199420 18 199933 16 200446 14 200959 11 201474 4
test_0013_2,0 0
test_0013_3,0 0
test_0014_1,58469 2 58980 5 59492 5 60004 5 60495 5 60516 4 61003 16 61029 2 61513 20 62023 24 62533 27 63044 29 63555 32 64066 36 64577 37 65087 40 65598 42 66109 43 66620 45 67131 47 67643 48 68154 50 68665 51 69177 52 69688 54 70200 55 70711 56 71223 57 71735 58 72246 60 72758 61 73270 62 73781 63 74293 65 74804 67 75316 68 75828 69 76340 70 76851 72 77363 72 77874 74 78386 74 78898 74 79409 76 79921 76 80432 77 80944 78 81456 78 81967 79 82479 79 82991 79 83502 80 84014 80 84526 80 85037 81 85549 81 86061 81 86572 82 87084 83 87596 84 88108 84 88620 85 89131 86 89643 86 90155 86 90667 86 91178 87 91690 87 92202 87 92714 87 93226 87 93738 87 94249 88 94761 88 95273 88 95784 89 96296 89 96808 89 97320 88 97832 88 98344 88 98855 89 99367 89 99879 89 100391 89 100903 89 101415 89 101927 88 102439 87 102951 87 103463 86 103975 85 104487 84 104999 83 105511 81 106023 80 106535 79 107046 78 107558 76 108070 75 108582 73 109094 72 109606 71 110118 70 110630 69 111142 68 111654 67 112166 67 112678 66 113190 65 113702 65 114214 64 114726 64 115238 63 115750 62 116262 61 116774 61 117286 61 117798 60 118310 60 118822 59 119334 59 119846 58 120358 58 120870 57 121382 57 121894 57 122406 57 122918 56 123431 55 123943 54 124455 54 124967 54 125479 53 125991 53 126503 53 127016 51 127528 51 128040 51 128552 50 129065 49 129577 48 130089 48 130601 48 131113 47 131626 46 132138 46 132650 45 133162 45 133674 45 134186 44 134699 43 135211 42 135723 42 136235 42 136747 41 137259 41 137771 40 138283 40 138795 39 139308 38 139820 38 140332 37 140845 36 141357 35 141870 33 142383 32 142896 30 143410 27 143923 25 144436 23 144948 22 145461 20 145975 16 146488 14 147002 9 147518 1
test_0014_2,0 0
test_0014_3,0 0
test_0015_1,0 0
test_0015_2,0 0
test_0015_3,35458 4 35970 5 36483 6 36996 7 37510 8 38024 7 38538 8 39052 7 39566 7 40079 7 40593 6 41107 6 41620 7 42133 7 42647 7 43160 8 43673 9 44187 8 44700 9 45214 8 45728 8 46241 9 46755 9 47268 10 47783 9 48298 8 48812 7 49326 6 49840 2
test_0016_1,0 0
test_0016_2,43372 3 43883 5 44395 5 44907 6 45419 6 45931 6 46443 6 46955 6 47467 6 47979 6 48491 6 49003 6 49516 5 50028 5 50541 3 62589 2 63100 4 63612 5 64123 6 64635 6 65147 7 65659 7 66171 7 66684 6 67196 6 67708 6 68221 5 68733 5 69245 5 69758 3 180605 2 181115 5 181626 7 182138 8 182650 8 183162 8 183674 8 184185 9 184697 9 185209 9 185721 9 186233 9 186746 8 187258 8 187771 6 188284 4 207675 2 208186 4 208697 6 209209 6 209720 7 210232 7 210744 7 211256 7 211768 7 212279 7 212792 6 213304 6 213816 5 214329 3 214842 1
test_0016_3,0 0
test_0017_1,0 0
test_0017_2,166122 2 166633 4 167144 6 167656 6 168168 6 168680 6 169192 6 169705 5 170217 5 170729 4 171241 4 171753 3 172265 2 172777 1
test_0017_3,0 0
test_0018_1,0 0
test_0018_2,0 0
test_0018_3,66879 1 67390 3 67903 3 68415 3 68927 3 69439 3 69951 3 70463 3 70976 3 71488 3 72000 3 72512 4 73025 3 73537 3 74049 3 74561 3 75074 2 75586 3 76098 3 76610 3 77122 3 77635 2 78147 2 202556 5 203068 7 203580 11 204093 12 204608 14 205122 14 205638 12 206152 12 206669 10 207183 10 207698 9 208213 7 208726 8 209240 7 209754 8 210267 8 210781 7 211295 6 211808 7 212322 6 212836 6 213349 6 213863 6 214376 6 214889 8 215403 7 215917 8 216431 7 216945 7 217459 7 217972 8 218486 9 219000 9 219514 9 220029 8 220543 8 221058 6 221572 5 222085 4 222598 2
test_0019_1,0 0
test_0019_2,105089 1 105599 4 106111 5 106622 6 107134 6 107646 6 108158 6 108670 6 109182 6 109694 6 110207 4 110720 2 142234 3 142746 4 143257 6 143769 6 144281 6 144793 6 145305 6 145817 6 146329 6 146841 6 147353 6 147865 5 148377 5 148889 5 149402 3
test_0019_3,0 0
test_0020_1,0 0
test_0020_2,0 0
test_0020_3,79245 1 79757 2 80269 3 80782 3 81294 3 81807 3 82319 3 82832 2 83344 3 83857 2 84369 3 84882 3 85394 3 85907 3 86419 3 86932 3 87444 3 87956 4 88469 3 88981 4 89494 3 90006 4 90519 3 91032 3 91544 4 92057 3 92569 4 93082 3 93595 3 94107 3 94620 3 95132 3 95645 3 96157 3 96670 3 97182 3 97695 2 98207 3 98720 2 99232 3 99744 3 100257 3 100769 3 101282 3 101794 4 102307 3 102820 3 103332 3 103845 3 104357 3 104870 3 105382 3 105895 2 106407 3 106920 2 107432 3 107945 2 108457 3 108970 3 109482 3 109995 2 110507 3 111020 3 111532 3 112045 2 112557 3 113070 2 113582 3 114094 3 114607 3 115120 3 115632 3 116145 3 116657 3 117170 2 117682 3 118194 3 118707 3 119219 3 119732 3 120244 3 120757 3 121269 3 121782 3 122294 3 122807 3 123319 3 123832 3 124344 3 124857 3 125369 3 125881 3 126394 3 126906 3 127419 3 127931 3 128444 3 128956 3 129468 3 129981 3 130493 3 131006 2 131518 2 132031 1
test_0021_1,0 0
test_0021_2,0 0
test_0021_3,114081 1 114592 2 115103 3 115615 3 116127 3 116640 2 117152 3 117664 3 118176 3 118688 3 119200 3 119713 3 120225 3 120737 3 121249 3 121761 3 122274 2 122786 2 123298 2 123810 3 124322 3 124834 3 125347 2 125859 3 126371 3 126883 3 127396 2 127908 1 164078 1 164589 3 165102 3 165614 4 166127 3 166639 4 167152 4 167665 4 168178 3 168690 4 169203 4 169716 3 170228 4 170741 4 171254 4 171767 4 172280 4 172793 4 173305 4 173818 4 174331 4 174844 4 175356 4 175869 4 176382 4 176895 4 177408 4 177921 4 178433 4 178946 4 179459 4 179972 4 180484 4 180997 4 181510 4 182022 5 182535 5 183048 5 183561 4 184074 4 184586 4 185099 4 185611 4 186124 4 186636 4 187149 4 187661 5 188174 5 188686 5 189199 5 189711 6 190224 7 190737 7 191250 7 191763 7 192278 6 192791 6 193305 5 193818 6 194332 6 194846 5 195359 5 195872 5 196386 5 196899 5 197412 5 197925 5 198438 6 198951 6 199464 6 199977 5
test_0022_1,80771 3 81281 10 81792 13 82303 16 82815 18 83326 20 83838 21 84350 22 84862 23 85374 24 85887 24 86400 24 86912 25 87424 26 87937 26 88449 27 88961 28 89473 29 89985 30 90497 31 91010 31 91522 32 92034 32 92546 33 93059 32 93571 33 94083 34 94595 34 95108 34 95620 34 96133 34 96645 34 97157 35 97669 36 98181 36 98694 36 99206 36 99719 36 100231 36 100743 37 101255 37 101768 36 102280 36 102793 36 103305 36 103817 37 104330 36 104842 36 105354 37 105867 36 106379 36 106891 37 107404 36 107917 35 108429 36 108942 35 109454 35 109966 36 110478 36 110990 36 111502 36 112015 35 112527 35 113039 35 113551 35 114063 36 114575 36 115087 36 115599 36 116111 36 116623 36 117135 36 117647 36 118159 36 118672 35 119184 35 119696 35 120208 35 120720 35 121232 35 121744 35 122256 35 122768 31 122801 1 123280 31 123792 31 124304 31 124816 31 125328 32 125840 32 126352 33 126863 34 127375 34 127887 34 128399 34 128911 35 129423 35 129935 35 130446 36 130958 36 131470 36 131982 36 132494 36 133006 36 133518 36 134030 36 134542 36 135054 36 135566 37 136078 37 136590 37 137102 37 137613 38 138125 38 138637 38 139149 39 139661 39 140173 40 140685 40 141197 40 141709 40 142221 41 142733 41 143245 41 143757 41 144269 41 144781 42 145293 42 145805 42 146317 42 146829 42 147341 42 147853 42 148365 42 148877 42 149389 42 149901 41 150413 41 150925 41 151437 41 151949 41 152461 42 152973 42 153485 42 153997 42 154509 42 155021 42 155533 42 156045 42 156557 42 157069 42 157581 42 158093 42 158605 42 159116 43 159628 43 160140 43 160652 43 161164 43 161676 43 162188 42 162700 42 163212 42 163724 42 164236 42 164748 42 165260 42 165772 42 166284 42 166796 42 167308 42 167820 42 168332 42 168844 42 169356 41 169868 41 170380 41 170892 41 171404 41 171916 41 172429 40 172941 40 173453 40 173965 40 174477 40 174989 40 175501 40 175547 1 176013 40 176059 1 176525 40 177038 39 177550 39 178062 40 178574 40 179086 40 179598 40 180110 40 180622 39 181135 38 181647 38 182160 36 182673 35 183186 33 183698 32 184211 31 184723 31 185235 30 185747 30 186259 29 186771 29 187284 27 187796 27 188310 24 188823 22 189335 21 189848 20 190361 18 190874 17 191388 14 191900 12 192413 9 192926 5
test_0022_2,0 0
test_0022_3,0 0
test_0023_1,0 0
test_0023_2,104263 3 104774 5 105286 5 105797 6 106309 6 106821 6 107333 6 107845 6 108357 6 108869 6 109381 5 109894 4 110407 2 122089 1 122599 5 123111 5 123622 7 124134 7 124646 7 125158 7 125670 7 126182 7 126694 7 127206 7 127718 7 128230 6 128743 5 129255 3 129630 2 130141 4 130652 5 131163 7 131675 7 132187 7 132698 8 133210 8 133722 8 134234 7 134746 7 135258 7 135770 6 136282 6 136794 4 172886 4 173397 6 173909 6 174420 7 174932 8 175444 8 175956 8 176468 7 176980 7 177492 7 178004 6 178517 4 179030 2
test_0023_3,0 0
test_0024_1,0 0
test_0024_2,0 0
test_0024_3,59048 2 59560 2 60072 3 60584 3 61096 3 61608 3 62120 3 62632 3 63145 3 63657 3 64169 4 64682 3 65194 4 65707 4 66219 4 66731 5 67244 4 67756 5 68269 4 68782 4 69294 4 69806 4 70319 4 70831 5 71343 5 71856 5 72368 6 72881 5 73394 5 73907 4 74419 5 74932 5 75445 5 75958 4 76470 5 76984 4 77497 4 78010 3 78522 4 79035 3 79548 3 80060 4 80573 3 81085 4 81598 3 82111 3 82623 3 83136 3 83648 3 84161 3 84673 4 85186 3 85698 4 86211 3 86724 3 87236 3 87749 3 88261 3 88774 3 89286 3 89799 3 90312 3 90824 4 91337 4 91822 1 91850 5 92333 3 92362 6 92845 4 92876 5 93358 3 93389 4 93870 4 93902 4 94383 3 94415 4 94895 4 94928 3 95408 3 95441 3 95920 4 95953 4 96433 3 96466 3 96945 4 96978 3 97458 3 97491 3 97970 4 98003 3 98482 4 98516 3 98995 5 99028 3 99507 5 99540 3 100020 5 100053 3 100533 5 100565 3 101046 7 101077 4 101559 8 101590 3 102072 14 102102 3 102586 20 102615 3 103101 18 103127 3 103619 13 103639 3 104136 1 104138 6 104152 2 104652 4 104664 2 105165 4 105176 3 105677 4 105688 3 106190 4 106201 3 106703 4 106713 3 107215 5 107225 3 107728 5 107738 3 108241 4 108250 3 108754 4 108763 2 109266 4 109275 3 109779 4 109787 3 110292 4 110300 2 110804 5 110811 3 111317 4 111323 3 111830 9 112343 8 112855 8 113368 8 113880 8 114393 7 114905 7 115418 6 115931 5 116443 6 116956 5 117469 4 117982 3 118494 4 119007 3 119519 3 120032 2 120544 3 121056 2 128316 4 128819 20 129330 23 129842 25 130373 8 130887 8 131401 8 131915 8 132429 8 132944 6 133457 6 133971 5 134484 5 134997 6 135510 6 136024 5 136537 5 137050 6 137563 6 138076 6 138589 6 139103 5 139616 5 140129 5 140642 5 141155 5 141668 4 142181 5 142694 4 143207 4 143720 4 144233 4 144746 3 145258 4 145771 4 146284 4 146797 3 147309 4 147822 3 148335 3 148847 4 149360 3 149872 4 150385 3 150897 4 151410 3 151922 4 152435 3 152948 3 153460 3 153972 3 154485 2 154997 2 188038 4 188546 8 189056 9 189567 9 190077 8 190587 9 191098 8 191609 7 192120 7 192631 6 193141 7 193652 7 193813 2 194162 7 194325 3 194673 7 194837 4 195184 7 195350 5 195695 7 195863 5 196206 6 196376 6 196717 6 196890 5 197227 7 197403 6 197738 7 197915 7 198249 7 198428 7 198760 7 198941 7 199272 6 199454 8 199783 7 199968 7 200294 7 200482 6 200803 9 200995 6 201314 9 201508 6 201825 8 202021 6 202293 6 202335 8 202535 6 202805 7 202846 8 203048 6 203317 9 203356 7 203562 5 203829 10 203865 9 204075 5 204342 11 204371 14 204588 5 204855 17 204882 14 205101 5 205368 17 205393 14 205614 5 205880 18 205905 10 206127 5 206393 20 206415 10 206640 5 206905 30 207153 5 207418 28 207667 4 207930 7 207938 18 208180 4 208443 5 208451 15 208693 4 208956 4 208964 3 208971 2 209206 4 209469 3 209719 4 209981 2 210232 4 210494 1 210745 4 211258 4 211771 4 212284 4 212797 4 213309 5 213822 5 214335 4 214848 4 215361 4 215874 3 216387 2 216900 1
test_0025_1,0 0
test_0025_2,0 0
test_0025_3,199482 4 199994 6 200506 9 201020 9 201534 12 202047 13 202564 10 203078 10 203593 9 204108 8 204622 8 205136 8 205650 7 206164 6 206677 7 207190 7 207704 7 208217 8 208731 7 209245 6 209758 7 210272 6 210785 6 211299 6 211813 5 212326 6 212839 6 213352 7 213866 7 214380 6 214894 6 215408 5 215921 6 216434 7 216948 7 217461 8 217975 8 218489 8 219004 7 219517 7 220032 6 220545 5 221059 3
test_0026_1,43191 7 43701 14 44213 15 44724 18 45236 18 45747 20 46258 22 46769 23 47281 24 47792 26 48303 27 48815 28 49326 30 49838 30 50349 32 50861 33 51372 35 51884 36 52395 38 52907 39 53419 40 53931 41 54443 41 54955 42 55467 42 55978 43 56490 44 57002 44 57514 44 58026 44 58538 44 59050 44 59562 44 60074 44 60586 44 61098 44 61610 44 62122 44 62634 44 63146 44 63658 44 64170 44 64682 43 65195 42 65707 42 66219 42 66732 40 67244 40 67757 39 68269 39 68781 39 69293 38 69806 37 70318 37 70830 36 71342 36 71854 35 72367 34 72879 33 73391 32 73904 30 74417 27 74930 25 75443 23 75960 16 76475 7 146095 6 146606 11 147116 15 147628 16 148138 19 148650 19 149161 21 149673 21 150184 23 150696 23 151208 23 151719 25 152231 25 152743 26 153255 26 153766 28 154278 28 154789 30 155301 30 155812 32 156324 32 156835 33 157347 33 157859 34 158371 34 158883 34 159395 35 159907 35 160419 35 160931 36 161443 36 161955 36 162467 37 162979 37 163491 37 164003 38 164515 38 165027 38 165539 38 166051 39 166564 38 167076 38 167588 38 168100 38 168612 38 169124 38 169636 38 170148 38 170660 38 171172 38 171684 38 172195 39 172707 39 173219 39 173731 39 174243 39 174755 39 175268 38 175780 38 176292 38 176804 38 177316 38 177829 37 178341 37 178853 37 179366 36 179878 36 180391 34 180903 34 181416 32 181928 32 182441 30 182955 28 183467 27 183980 25 184493 24 185006 22 185519 20 186039 10 186553 7
test_0026_2,0 0
test_0026_3,0 0
test_0027_1,0 0
test_0027_2,0 0
test_0027_3,38010 5 38056 3 38521 27 38566 9 39033 32 39074 18 39548 77 40068 78 40594 2 40598 69 41122 11 41139 41 41667 24 42197 3 56131 3 56643 5 57156 5 57669 6 58183 6 58697 6 59211 6 59725 6 60239 6 60752 6 61266 6 61779 7 62293 7 62807 6 63321 6 63834 7 64348 7 64862 7 65377 5 65890 6 66404 5 66918 5 67432 5 67946 5 68459 6 68973 6 69487 6 70001 6 70515 6 71029 6 71543 7 72056 8 72571 7 73085 7 73599 7 74114 7 74628 8 75142 8 75657 7 76171 8 76686 8 77201 9 77715 10 78229 12 78746 10 79262 9 79778 7 80292 5 122508 1 123019 2 123531 2 124043 2 124554 3 125066 3 125578 3 126090 2 126602 2 127113 3 127625 3 127752 2 128137 3 128264 2 128649 2 128776 3 129161 2 129288 3 129673 2 129801 2 130185 2 130313 2 130696 3 130825 3 131208 3 131337 3 131720 3 131850 2 132232 3 132362 3 132744 2 132874 3 133255 3 133387 2 133767 3 133899 3 134279 3 134411 3 134791 2 134923 3 135303 2 135436 2 135814 3 135948 2 136326 3 136460 3 136838 3 136972 3 137350 3 137485 2 137862 2 137997 3 138373 3 138509 3 138885 3 139021 3 139397 3 139534 2 139909 3 140046 3 140421 3 140558 3 140933 2 141071 2 141445 2 141583 2 141956 3 142095 3 142468 3 142607 3 142720 2 142980 3 143119 3 143231 3 143492 3 143632 2 143742 3 144003 3 144144 2 144254 2 144515 3 144656 3 144765 3 145027 3 145168 3 145276 3 145539 3 145681 2 145787 3 146050 4 146193 3 146298 3 146562 4 146705 3 146809 4 147073 5 147217 3 147321 3 147585 5 147729 3 147832 3 148097 4 148242 2 148343 3 148609 4 148754 2 148855 3 149120 5 149266 3 149366 3 149632 5 149778 3 149877 3 150144 5 150291 2 150388 4 150656 5 150803 2 150899 4 151167 6 151315 3 151410 4 151679 6 151827 3 151922 3 152191 6 152340 2 152433 3 152703 6 152852 2 152945 3 153215 6 153364 3 153456 3 153726 6 153876 3 153967 3 154238 6 154389 2 154478 4 154750 6 154901 3 154989 3 155261 7 155413 3 155500 3 155773 2 155778 1 155925 3 156011 4 156285 2 156290 1 156438 2 156522 3 156796 3 156802 1 156950 3 157032 4 157308 3 157314 1 157462 3 157543 4 157820 3 157825 2 157974 3 158055 3 158331 4 158337 2 158487 3 158566 4 158843 3 158848 3 158999 3 159077 4 159355 3 159360 3 159511 3 159588 4 159867 2 159872 2 160023 3 160099 4 160378 3 160384 2 160536 2 160610 4 160890 3 160896 2 161048 3 161122 2 161402 3 161408 2 161560 3 161633 2 161913 3 161920 2 162072 3 162144 2 162425 3 162432 2 162585 3 162937 3 162944 2 163097 3 163449 3 163609 3 163960 3 164121 3 164472 3 164634 3 164984 3 165146 3 165496 2 165658 3 166007 3 166170 3 166519 3 166683 2 167031 3 167195 3 167542 3 167707 3 168054 3 168219 3 168566 3 168731 3 169077 3 169243 3 169589 3 169756 2 170101 3 170268 3 170613 2 170780 3 171124 3 171292 3 171636 3 171805 3 172148 2 172317 3 172659 3 172829 3 173171 3 173341 3 173683 3 173854 2 174195 2 174366 3 174706 3 174878 3 175218 3 175390 3 175730 3 175903 3 176242 2 176415 3 176753 3 176927 3 177265 3 177439 3 177777 3 177952 2 178289 2 178464 3 178801 2 178976 3 179313 2 179488 3 179825 1 180001 3 180513 3 181025 3 181538 2 182050 3 182562 3 183074 3 183587 2 184099 3 184611 3 185123 3 185636 2 186148 3 186660 3 187173 2 187685 2 188197 3 188709 3 189222 2 189734 2 190246 2 190758 2 191270 3 191782 3 192294 3 192807 2 193319 2 193831 2 194343 3 194855 3 195368 2 195880 2 196392 2 196904 3 197416 3 197929 2 198441 3 198953 3 199465 3 199977 3 200490 2 201002 2 201514 3 202026 3 202538 4 203051 3 203563 3 204075 3 204587 3 205100 2 205612 2 206124 3 206636 3 207149 2 207661 2 208173 2 208685 2 209198 1 209710 2 210222 1
test_0028_1,0 0
test_0028_2,96539 2 97050 4 97561 5 98073 5 98584 7 99096 7 99608 7 99763 3 100120 7 100274 5 100632 7 100786 5 101144 6 101297 6 101657 5 101809 6 102169 5 102321 6 102681 4 102832 7 103194 2 103344 7 103857 6 104369 6 104881 6 105394 4 105906 4 106419 2 138511 3 139022 4 139534 5 140046 5 140557 6 141069 6 141581 6 142093 6 142605 6 143117 6 143629 5 144141 5 144654 3 195262 2 195773 4 196285 4 196796 6 197308 6 197820 6 198332 7 198844 7 199356 7 199868 7 200380 6 200892 6 201404 6 201916 5 202428 5 202941 3 203454 1
test_0028_3,0 0
test_0029_1,0 0
test_0029_2,99299 2 99810 4 100321 6 100832 7 101344 8 101855 9 102367 9 102879 9 103391 9 103903 9 104415 8 104927 8 105440 6 105953 4 208970 4 209481 5 209992 6 210504 6 211015 7 211527 7 212038 8 212550 8 213062 8 213574 7 214086 7 214599 5 215111 4 224934 3 225446 3 225957 5 226469 5 226980 5 227492 5 228004 5 228516 4 229028 4 229540 3
test_0029_3,0 0
test_0030_1,0 0
test_0030_2,0 0
test_0030_3,79232 2 79743 3 80253 5 80763 6 81274 6 81785 6 82295 7 82806 7 83317 6 83828 6 84340 4 84852 3
test_0031_1,0 0
test_0031_2,50478 4 50990 4 51501 6 52013 6 52525 6 53037 6 53549 6 54061 6 54573 6 55086 4 55599 2 60805 1 61315 4 61826 5 62338 5 62850 5 63362 5 63873 6 64385 6 64897 6 65409 6 65922 4 66434 3
test_0031_3,0 0
test_0032_1,143096 3 143606 6 144117 8 144628 10 145139 13 145651 15 146162 17 146674 18 147186 19 147698 20 148209 23 148721 24 149232 27 149744 29 150255 32 150767 35 151279 37 151791 38 152303 39 152814 41 153326 41 153838 42 154350 43 154862 44 155374 45 155886 45 156398 46 156910 46 157422 46 157934 47 158446 47 158958 47 159470 47 159982 47 160494 47 161006 47 161519 46 162031 46 162543 46 163056 45 163569 44 164081 44 164594 43 165106 42 165618 42 166131 41 166643 41 167156 39 167668 38 168180 37 168692 36 169204 35 169716 32 170228 21 170740 15 171253 10 171766 3
test_0032_2,0 0
test_0032_3,0 0
test_0033_1,0 0
test_0033_2,0 0
test_0033_3,59098 2 59610 2 60122 2 60634 2 61146 3 61658 3 62170 3 62682 3 63195 3 63707 3 64219 3 64731 3 65244 3 65756 3 66268 3 66781 2 67293 3 67805 3 68317 3 68829 3 69342 3 69854 3 70366 3 70878 3 71391 3 71903 3 72415 3 72927 3 73439 3 73952 3 74464 3 74976 3 75488 4 75664 1 76001 3 76175 2 76513 3 76687 2 77025 3 77198 3 77537 3 77710 3 78050 2 78222 3 78562 3 78734 2 79074 3 79245 3 79586 3 79757 3 80099 3 80269 2 80611 3 80780 3 81123 3 81292 3 81635 3 81804 3 82147 3 82316 3 82659 3 82827 3 83172 3 83339 3 83684 3 83851 3 84196 3 84362 3 84708 3 84874 3 85220 3 85385 4 85733 3 85897 4 86245 3 86409 3 86757 3 86921 3 87269 3 87432 3 87781 3 87944 3 88293 4 88456 3 88806 3 88967 4 89318 3 89479 3 89830 3 89991 3 90343 3 90503 2 90855 3 91015 2 91367 3 91520 2 91526 3 91879 3 92032 2 92038 3 92392 3 92544 2 92550 3 92904 3 93055 3 93061 3 93416 3 93567 3 93573 3 93928 4 94079 2 94085 2 94441 3 94591 2 94597 2 94953 3 95103 1 95108 3 95465 3 95615 1 95620 3 95977 3 96127 1 96132 2 96490 2 96638 2 96643 3 97002 3 97150 3 97155 3 97514 3 97662 3 97667 2 98026 3 98174 7 98539 2 98686 7 99051 3 99198 7 99563 3 99710 6 100075 3 100222 6 100588 2 100733 7 101100 3 101245 6 101612 3 101757 6 102124 3 102269 6 102637 3 102781 6 103149 3 103293 5 103661 3 103804 6 104173 3 104316 5 104686 2 104828 5 105198 2 105340 5 105710 2 105852 5 106222 3 106364 5 106734 3 106876 5 107247 2 107388 4 107759 2 107900 4 108271 3 108411 4 108783 3 108923 4 109295 3 109435 3 109808 2 109947 3 110320 2 110459 3 110832 3 110971 2 111344 3 111482 3 111857 2 111994 3 112369 3 112506 3 112881 3 113018 3 113393 3 113530 3 113905 3 114042 3 114418 2 114553 3 114930 3 115065 3 115442 3 115577 3 115954 3 116089 3 116467 2 116601 2 116979 3 117113 2 117491 3 117625 2 118003 3 118136 3 118515 3 118648 3 119028 3 119160 3 119540 3 119672 2 120052 3 120183 3 120565 3 120695 3 121077 3 121207 3 121589 3 121719 2 122102 2 122231 2 122614 3 122742 3 123126 3 123254 3 123638 2 123766 3 124151 1 124278 3 124790 3 125302 2 125813 3 126325 3 126837 2 127349 2 127861 2 128372 3 128884 3 129396 3 129908 3 130420 2 130931 3 131443 3 131955 3 132468 1 167509 3 168021 7 168534 8 169049 8 169563 9 170079 9 170593 10 171109 8 171624 8 172138 8 172653 7 173168 6 173682 7 174196 6 174711 6 175225 5 175739 6 176253 6 176767 6 177281 6 177795 6 178308 6 178822 6 179337 5 179851 5 180364 6 180878 5 181392 5 181906 5 182419 5 182933 5 183446 6 183960 6 184473 6 184987 6 185501 6 186015 6 186528 6 187041 7 187555 6 188069 6 188582 7 189096 6 189610 6 190124 5 190637 6 191150 7 191664 6 192179 5 192692 5 193206 4 193719 4 194233 2
test_0034_1,96509 4 97019 8 97529 11 98040 13 98550 16 99061 17 99573 18 100084 20 100595 22 101107 22 101618 23 102129 25 102641 25 103153 25 103664 27 104176 27 104688 27 105200 27 105712 27 106224 27 106736 27 107248 27 107760 28 108272 28 108784 28 109296 28 109808 28 110320 27 110832 27 111344 27 111856 27 112368 27 112880 27 113392 27 113904 27 114416 27 114928 27 115440 27 115953 26 116465 26 116977 26 117489 26 118001 26 118513 26 119025 26 119537 26 120049 26 120562 25 121074 25 121586 25 122098 24 122610 24 123123 23 123635 23 124148 21 124660 21 125172 21 125684 21 126197 19 126709 19 127221 19 127734 18 128246 18 128758 18 129270 17 129783 16 130295 15 130807 14 131320 12 131833 10
test_0034_2,0 0
test_0034_3,0 0
test_0035_1,0 0
test_0035_2,0 0
test_0035_3,48952 2 49464 5 49977 7 50489 10 51003 11 51517 11 52033 9 52547 9 53062 10 53575 11 54090 11 54604 11 55119 10 55633 11 56147 12 56662 11 57177 10 57691 10 58206 9 58719 9 59234 8 59246 2 59748 14 60262 17 60776 17 61291 16 61804 16 62319 15 62832 15 63347 13 63861 13 64375 15 64891 14 65406 13 65921 12 66435 14 66950 14 67466 14 67980 14 68495 12 69008 12 69525 7 70039 5 72278 2 72790 2 73302 2 73814 2 74326 2 74838 2 75350 2 75862 2 76374 2 76886 2 77398 2 77910 2 78422 2 78934 2 79446 2 79958 2 80470 2 80982 2 81493 3 82005 3 82517 3 83029 3 83541 3 84054 2 84566 2 85078 2 85590 2 86102 2 86614 2 87126 2 87638 2 88150 2 88661 3 89173 3 89686 2 90198 2 90710 2 91222 3 91734 3 92246 3 92758 3 93270 3 93782 3 94294 3 94806 3 95317 4 95829 4 96341 4 96853 4 97365 4 97877 4 98389 4 98901 4 99413 4 99925 4 100437 4 100949 4 101461 4 101973 4 102485 4 102997 5 103509 5 104022 4 104534 4 105046 4 105558 4 106070 4 106582 4 107094 4 107606 4 108119 3 108631 4 109143 4 109655 4 110167 4 110679 4 111191 4 111704 4 112216 4 112728 4 113241 3 113753 3 114265 4 114777 4 115289 4 115801 4 116313 4 116826 3 117338 3 117850 3 118362 3 118874 3 119386 3 119899 3 120411 3 120923 3 121435 3 121947 3 122459 3 122971 3 123483 3 123995 3 124507 3 125020 3 125532 3 126044 3 126556 3 127068 3 127580 3 128093 2 128605 3 129117 3 129629 3 130141 3 130653 3 130830 2 131165 3 131342 2 131678 2 131853 3 132190 3 132365 3 132702 3 132876 3 133214 3 133387 4 133726 3 133899 3 134238 3 134411 3 134751 3 134922 3 135263 3 135433 4 135775 3 135945 4 136287 3 136457 3 136799 3 136968 4 137312 2 137479 4 137824 2 137991 3 138336 2 138502 4 138848 3 139014 4 139360 3 139525 4 139873 2 140037 3 140385 2 140549 3 141060 4 141572 3 142083 4 142595 3 143106 4 143618 3 144129 4 144641 3 145152 3 145663 4 146175 3 146687 3 147198 4 147710 3 148221 4 148733 3 149245 3 149756 3 150268 3 150779 3 151291 3 151803 2 152314 3 152825 3 153337 3 153849 2 154360 3 154872 3 155383 3 155895 3 156407 2 156918 3 157430 3 157941 3 158453 3 158965 3 159476 3 159988 3 160499 3 161011 3 161523 2 162034 3 162546 3 163058 2 163569 3 164081 3 164592 3 165104 3 165615 3 166127 3 166638 4 167150 3 167662 3 168173 3 168685 3 169196 4 169708 3 170220 3 170731 3 171243 3 171755 3 172266 3 172778 3 173290 3 173801 3 174313 3 174825 3 175336 3 175848 3 176359 4 176871 3 177383 3 177894 4 178406 3 178917 4 179429 4 179941 3 180453 3 180964 3 181475 4 181987 3 182499 3 183010 3 183522 3 184034 3 184546 2 185058 2 185570 1
test_0036_1,0 0
test_0036_2,163524 4 164035 6 164546 7 165058 8 165570 8 166081 9 166593 9 167105 9 167618 7 168130 7 168642 7 169155 5 169667 5 170179 4 170691 4
test_0036_3,0 0
test_0037_1,0 0
test_0037_2,137999 2 138510 4 139022 4 139533 6 140045 6 140557 6 141069 6 141581 6 142093 6 142605 6 143117 5 143629 5 144142 4 144654 2
test_0037_3,0 0
test_0038_1,188174 6 188685 8 189195 11 189707 12 190218 14 190729 16 191241 16 191753 16 192265 17 192777 17 193289 17 193801 17 194313 17 194825 17 195336 18 195848 18 196361 17 196873 17 197386 16 197898 15 198411 14 198924 12 199436 12 199949 10 200462 8 200975 6
test_0038_2,0 0
test_0038_3,0 0
test_0039_1,0 0
test_0039_2,0 0
test_0039_3,36596 2 37108 6 37622 7 38135 10 38648 10 39162 8 39676 7 39685 2 40190 10 40704 8 41217 8 41730 9 42243 9 42759 7 43273 7 43787 7 44301 7 44816 6 45329 6 45844 4 90456 1 90967 3 91479 3 91991 3 92504 2 93016 2 93528 2 94040 2 94552 2 95064 3 95576 3 96089 2 96601 3 97113 3 97625 3 98137 3 98650 2 99162 2 99674 3 100186 3 100698 3 101210 3 101723 2 102235 3 102747 3 103259 3 103771 3 104284 2 104796 2 105308 3 105820 3 106332 3 106845 2 107357 2 107869 2 108381 3 108893 3 109405 3 109918 2 110430 2 110942 2 111454 3 111966 3 112478 3 112990 3 113502 3 114015 2 114527 3 115039 3 115551 3 116063 3 116575 3 117088 2 117600 2 118112 2 118624 2 119136 3 119648 3 120160 3 120672 3 121184 3 121490 1 121696 3 122001 2 122208 3 122513 2 122721 2 123025 2 123233 3 123537 2 123745 3 124048 3 124257 3 124560 3 124769 3 125072 3 125281 3 125584 2 125793 3 126096 2 126305 3 126607 3 126817 3 127119 3 127329 3 127631 2 127842 2 128143 2 128354 3 128655 2 128866 3 129166 3 129378 3 129678 3 129890 3 130190 3 130402 3 130702 3 130914 3 131213 4 131426 3 131725 3 131938 3 132237 3 132450 3 132749 3 132962 3 133261 2 133474 3 133773 2 133986 3 134284 3 134499 2 134796 3 135011 3 135308 3 135523 3 135820 3 136035 3 136332 3 136547 3 136843 3 137059 3 137355 3 137572 2 137867 3 138084 2 138378 4 138596 2 138889 4 139108 2 139401 4 139620 2 139913 4 140132 2 140425 4 140644 3 140936 4 141156 3 141448 4 141668 3 141960 4 142180 3 142471 5 142692 3 142983 5 143205 2 143495 5 143717 2 144007 5 144229 3 144519 5 144741 3 145031 4 145253 3 145543 4 145765 3 146055 4 146278 2 146567 4 146790 2 147078 5 147302 2 147590 4 147814 2 148102 4 148326 3 148614 4 148838 3 149125 5 149350 3 149637 5 149862 3 150149 5 150374 4 150661 5 150887 3 151173 5 151399 3 151684 6 151911 3 152196 5 152423 3 152708 5 152935 3 153220 5 153447 3 153732 5 153960 3 154243 6 154472 3 154755 6 154984 3 155267 5 155497 3 155779 5 156009 3 156291 5 156521 3 156803 5 157033 3 157315 4 157545 3 157827 4 158057 4 158339 4 158570 3 158851 4 159082 3 159363 4 159594 4 159875 3 160107 3 160386 4 160619 3 160898 4 161131 3 161410 4 161643 3 161922 3 162156 2 162434 3 162668 3 162946 3 163180 3 163457 4 163692 3 163969 4 164056 3 164204 3 164481 3 164568 6 164717 2 164993 3 165080 8 165229 2 165505 3 165593 8 165741 2 166017 3 166105 9 166253 2 166528 3 166619 8 166766 1 167040 3 167132 9 167552 3 167645 10 168064 3 168158 9 168575 4 168671 9 169087 4 169184 9 169599 3 169697 9 170111 3 170210 10 170623 3 170723 10 171135 3 171236 11 171646 4 171750 10 172158 4 172263 10 172670 4 172776 10 173182 4 173289 10 173694 3 173804 9 174206 3 174319 7 174718 3 174832 7 175230 2 175346 6 175741 3 175860 5 176253 3 176373 5 176765 3 176886 4 177277 3 177399 4 177789 2 177913 2 178301 2 178812 3 179324 3 179836 3 180348 3 180860 3 181372 3 181883 3 182395 3 182907 3 183419 3 183931 3 184443 3 184955 2 185467 2 185979 2 186490 3 187002 3 187515 1
test_0040_1,101736 6 102245 11 102756 14 103267 16 103778 18 104289 19 104800 21 105312 21 105824 22 106336 22 106847 23 107359 23 107871 24 108384 23 108896 23 109408 23 109920 23 110432 23 110944 23 111456 23 111968 23 112480 23 112992 23 113504 23 114016 23 114527 24 115039 24 115551 24 116063 24 116575 24 117087 25 117598 26 118110 26 118622 26 119134 26 119646 26 120158 26 120670 26 121182 26 121694 26 122206 26 122718 26 123230 26 123742 26 124255 25 124767 25 125279 25 125791 25 126303 25 126816 24 127328 24 127840 24 128352 24 128864 24 129377 23 129889 23 130401 23 130913 23 131425 23 131938 22 132450 22 132962 22 133475 21 133987 21 134499 21 135012 20 135524 20 136036 19 136548 19 137060 19 137573 17 138086 16 138598 15 139111 13 139623 13 140135 12 140647 12 141160 11 141672 11 142184 11 142697 10 143210 9 143723 7 144236 4
test_0040_2,0 0
test_0040_3,0 0
test_0041_1,0 0
test_0041_2,67190 2 67701 4 68213 5 68662 2 68725 5 69173 4 69237 6 69685 5 69749 6 70196 6 70261 6 70708 7 70773 6 71220 7 71285 6 71732 7 71797 6 72244 7 72310 5 72757 6 72823 3 73269 6 73781 6 74294 5 74807 3 151392 3 151903 5 152415 5 152926 6 153438 6 153950 6 154462 6 154974 6 155486 6 155998 5 156510 5 157024 1 191628 3 192139 5 192651 5 193163 6 193675 6 194187 6 194699 7 195211 7 195723 6 196236 5 196748 4
test_0041_3,0 0
test_0042_1,0 0
test_0042_2,0 0
test_0042_3,38113 2 38625 3 39137 3 39649 4 40162 3 40674 4 41187 3 41699 3 42212 3 42724 3 43237 3 43749 3 44262 3 44774 3 45286 4 45799 3 46311 4 46824 3 47336 4 47849 3 48361 4 48874 3 49386 3 49744 18 49899 3 50238 2 50248 32 50411 3 50741 54 50924 2 51248 42 51293 16 51436 3 51757 27 51794 2 51807 19 51948 3 52267 22 52321 19 52461 3 52775 18 52842 11 52973 3 53286 10 53358 8 53485 4 53797 9 53872 8 53998 3 54309 4 54385 8 54510 3 54900 7 55023 3 55414 7 55535 3 55927 8 56047 3 56441 8 56560 2 56956 7 57072 2 57469 7 57585 1 57983 6 58496 6 59010 6 59523 6 60037 6 60550 6 61064 6 61577 6 62090 7 62604 6 63118 5 63631 5 64144 6 64657 6 65171 6 65684 5 66197 5 66710 4 67223 3 71018 1 71529 9 72041 14 72554 17 73069 15 73584 13 74100 11 74617 8 75131 7 75646 6 76159 6 76673 6 77186 6 77699 7 78213 6 78727 5 79240 5 79753 5 80266 5 80779 5 81292 5 81805 6 82318 5 82831 6 83345 5 83858 5 84371 5 84884 5 85397 5 85910 5 86423 5 86936 5 87449 5 87963 5 88476 4 88989 5 89502 5 90015 5 90528 5 91041 5 91554 4 92067 4 92579 5 93092 5 93605 4 94118 4 94631 4 95144 3 95656 4 96169 4 96682 3 97195 3 97707 4 98220 4 98733 4 99246 4 99758 4 100271 4 100784 4 101297 4 101810 3 102322 4 102835 4 103348 4 103860 4 104373 4 104886 4 105399 4 105911 4 106424 4 106937 4 107450 4 107962 4 108475 4 108987 5 109500 5 110013 4 110526 4 111039 3 111551 4 112064 4 112577 4 113089 4 113602 4 114114 4 114627 4 115140 3 115652 4 116165 2 116678 1 118337 2 118849 3 119362 2 119874 3 120386 3 120899 2 121411 3 121924 2 122436 3 122948 3 123461 3 123973 3 124486 3 124998 3 125511 3 126023 3 126536 3 127048 3 127560 4 128073 3 128585 4 129098 3 129610 3 130123 3 130635 3 131148 2 131660 3 132173 2 132685 3 133197 3 133710 3 134222 3 134735 3 135247 3 135760 3 136272 3 136785 3 137297 3 137809 4 138322 3 138834 4 139347 3 139596 1 139859 3 140106 3 140372 3 140617 4 140884 3 141128 5 141397 3 141639 5 141910 3 142150 5 142422 3 142661 5 142935 3 143172 5 143447 3 143683 5 143959 3 144194 5 144472 3 144705 5 144984 3 145217 4 145497 3 145727 5 146009 3 146238 5 146521 4 146749 5 147034 3 147260 5 147546 4 147771 5 148059 3 148282 5 148572 3 148793 5 149084 4 149304 4 149597 3 149815 5 150109 4 150326 4 150622 3 150837 5 151134 4 151348 5 151647 3 151859 5 152159 3 152370 4 152672 3 152880 5 153184 3 153391 5 153697 2 153902 5 154209 3 154412 5 154721 4 154923 5 155234 3 155434 5 155747 3 155945 5 156259 3 156456 5 156772 3 156967 5 157284 3 157478 5 157796 4 157989 5 158309 3 158500 4 158821 4 159011 4 159334 4 159522 4 159847 3 160033 4 160359 4 160544 4 160872 3 161055 4 161384 4 161566 4 161897 3 162077 4 162409 4 162588 4 162922 3 163099 4 163434 4 163610 4 163947 3 164121 4 164459 3 164632 4 164972 3 165143 4 165484 3 165654 4 165997 3 166165 4 166509 3 166677 3 167022 3 167188 4 167534 3 167700 3 168047 3 168211 3 168559 3 168722 3 169072 3 169233 4 169584 3 169744 4 170097 3 170255 4 170609 3 170766 4 171122 3 171277 4 171634 3 171788 4 172147 3 172299 4 172659 3 172810 4 173172 3 173321 5 173684 4 173833 4 174197 3 174344 4 174709 4 174855 4 175222 3 175367 4 175734 3 175878 4 176246 4 176389 4 176759 3 176900 4 177272 3 177412 4 177784 3 177923 4 178297 3 178434 4 178809 4 178945 5 179322 3 179457 4 179835 3 179968 4 180347 3 180479 4 180860 3 180990 4 181372 3 181501 5 181885 3 182012 5 182398 3 182523 5 182910 3 183034 5 183422 4 183546 4 183935 3 184057 4 184448 3 184568 4 184961 3 185080 3 185473 3 185591 3 185986 3 186102 4 186498 3 186614 3 187010 4 187126 2 187523 4 187638 1 188036 4 188549 3 189061 4 189574 3 190087 3 190599 3 191112 3 191624 3 192137 2
test_0043_1,179414 1 179924 6 180434 10 180945 12 181457 13 181968 14 182480 15 182992 15 183504 16 184016 16 184528 16 185040 16 185552 16 186065 15 186577 15 187089 15 187600 16 188112 16 188624 16 189136 15 189649 14 190164 10 190678 7 191192 3
test_0043_2,0 0
test_0043_3,0 0
test_0044_1,0 0
test_0044_2,0 0
test_0044_3,66366 3 66879 2 67391 3 67903 3 68415 3 68927 3 69439 3 69952 2 70464 3 70976 3 71488 3 72001 3 72513 3 73025 3 73537 3 74049 3 74562 3 75074 3 75586 3 76099 3 76611 3 77123 3 77635 3 78147 3 78659 3 79172 3 79684 3 80196 3 80709 3 81221 3 81733 3 82245 3 82758 2 83270 2 83782 3 84294 3 84807 2 85319 2 85832 1 201530 5 202042 7 202554 9 203068 10 203582 12 204095 14 204612 11 205126 10 205642 9 206156 10 206671 9 207185 8 207699 8 208213 7 208726 8 209240 8 209754 7 210267 7 210781 7 211295 6 211809 6 212322 6 212836 6 213349 6 213862 7 214376 6 214890 6 215403 7 215917 7 216431 7 216945 7 217458 7 217972 7 218485 8 218999 9 219513 9 220028 8 220542 8 221057 6 221570 5 222084 3
test_0045_1,0 0
test_0045_2,0 0
test_0045_3,36656 2 37168 3 37680 3 38193 2 38705 3 39217 3 39729 3 40242 2 40754 3 41266 3 41778 3 42291 3 42803 3 43315 3 43827 3 44339 3 44852 3 45364 3 45876 3 46388 4 46901 3 47023 2 47413 3 47535 2 47925 3 48046 3 48437 4 48559 2 48950 3 49071 3 49462 3 49583 3 49974 4 50095 3 50487 3 50607 3 50999 3 51119 3 51511 3 51631 3 52023 4 52143 3 52536 3 52655 3 53048 3 53167 3 53560 3 53679 3 54072 4 54191 3 54585 3 54703 3 55097 3 55215 3 55609 3 55727 3 56121 3 56239 3 56633 4 56751 3 57146 3 57263 3 57658 3 57775 3 58170 4 58287 3 58683 3 58799 3 59195 3 59311 3 59707 3 59823 3 60219 3 60335 3 60731 4 60847 3 61244 3 61359 3 61756 3 61871 3 62268 3 62383 3 62780 4 62895 3 63293 3 63406 4 63805 3 63918 4 64317 3 64430 4 64830 2 64942 4 65342 2 65454 3 65854 2 65966 3 66366 3 66478 3 66878 3 66990 3 67390 3 67502 3 67902 3 68014 3 68414 3 68526 3 68926 3 69038 3 69438 4 69550 3 69951 3 70062 3 70463 3 70573 3 70975 3 71085 3 71487 3 71597 3 71999 4 72109 3 72512 3 72621 3 73024 3 73133 3 73537 3 73645 3 74049 3 74157 3 74561 3 74668 3 75073 3 75180 3 75585 3 75692 3 76098 2 76204 3 76610 3 76716 3 77122 3 77228 3 77635 2 77740 2 78147 3 78252 2 78659 3 78764 2 79171 3 79275 3 79683 3 79787 3 80195 3 80299 3 80708 2 80811 2 81220 3 81323 2 81732 3 81835 2 82244 3 82347 2 82757 3 82859 2 83269 3 83370 2 83781 3 83883 1 84293 3 84806 2 85318 3 85830 3 86342 3 86854 3 87366 4 87879 3 88391 3 88903 3 89415 3 89928 2 90440 2 90952 2 91464 3 91976 3 92488 3 93000 3 93513 2 94025 3 94537 3 95049 3 95562 2 96074 2 96586 2 97098 2 97611 1 202043 4 202554 6 203066 8 203579 13 204095 12 204609 12 205123 12 205639 11 206153 11 206669 9 207183 9 207698 8 208212 7 208725 8 209239 7 209752 8 210266 7 210780 7 211293 7 211807 6 212321 6 212834 6 213348 6 213861 6 214375 6 214888 7 215402 6 215916 7 216429 7 216944 7 217457 7 217971 7 218485 7 218998 9 219513 7 220027 7 220541 7 221056 6 221570 5 222084 3
test_0046_1,147250 21 147759 29 148269 33 148778 38 149289 41 149799 45 150310 48 150821 51 151332 54 151844 56 152355 59 152867 60 153378 62 153890 63 154401 65 154912 66 155424 67 155936 68 156447 70 156959 71 157470 72 157982 73 158494 73 159006 73 159518 73 160030 74 160542 74 161054 74 161565 75 162077 75 162589 76 163101 76 163614 75 164126 75 164638 75 165150 75 165662 75 166174 75 166686 75 167199 74 167711 75 168223 75 168735 75 169248 74 169760 73 170273 72 170785 72 171297 72 171809 72 172321 72 172834 71 173346 71 173858 71 174370 71 174883 70 175395 70 175908 69 176420 69 176932 69 177444 69 177956 69 178468 69 178981 67 179493 67 180006 66 180519 65 181032 63 181545 61 182057 61 182570 59 183084 7 183111 29 183187 6 183625 24 183696 11 184140 18 184206 15 184662 5 184716 18 185226 22 185737 24 186248 26 186759 28 187270 30 187782 32 188293 35 188804 37 189316 39 189828 40 190339 42 190851 42 191362 44 191874 45 192386 46 192897 48 193409 55 193920 56 194432 56 194944 57 195456 57 195968 57 196480 57 196991 58 197503 58 198015 58 198528 57 199040 57 199552 57 200065 56 200578 55 201090 55 201602 55 202114 55 202627 53 203139 53 203651 53 204163 53 204676 52 205188 50 205700 49 206213 47 206725 46 207237 45 207750 43 208262 42 208775 40 209288 38 209801 36 210315 33 210828 28 211340 27 211853 24 212366 21 212879 17 213392 13 213906 5
test_0046_2,0 0
test_0046_3,0 0
test_0047_1,0 0
test_0047_2,0 0
test_0047_3,107374 1 107886 2 108398 2 108910 2 109422 3 109935 2 110447 3 110959 3 111471 3 111984 2 112496 3 113008 3 113521 3 114033 3 114362 2 114545 3 114874 4 115058 3 115387 4 115570 3 115900 6 116082 4 116414 6 116595 3 116928 6 117107 3 117442 6 117619 4 117955 7 118132 3 118470 6 118644 4 118983 7 119156 4 119498 6 119669 3 120011 7 120181 3 120525 7 120693 4 121039 7 121205 4 121553 7 121718 3 122067 7 122230 3 122581 8 122742 3 123094 9 123254 4 123609 9 123767 3 124123 9 124279 3 124638 9 124791 3 125151 12 125303 3 125667 18 125815 3 126182 18 126328 3 126698 26 126840 3 127216 21 127352 3 127734 15 127865 2 128377 3 128889 3 129401 3 129914 2 130426 3 130938 3 131451 2 131963 3 132475 3 132987 3 133500 2 134012 3 134524 3 135037 2 135549 3 136061 3 136574 2 137086 3 137598 3 138111 2 138623 2 139135 3 139647 3 139937 2 140159 3 140448 3 140672 2 140960 3 141184 3 141471 3 141696 3 141983 3 142209 2 142495 2 142721 3 143006 3 143233 3 143517 4 143746 2 144029 3 144258 3 144541 3 144770 3 145052 3 145282 3 145564 3 145795 3 146075 4 146307 3 146587 3 146819 3 147099 3 147332 3 147610 3 147844 3 148122 3 148357 3 148633 4 148869 3 149145 3 149382 3 149656 4 149894 3 150168 3 150315 1 150406 3 150679 4 150827 2 150919 3 151190 4 151339 3 151431 3 151702 4 151851 3 151944 3 152213 5 152364 3 152456 3 152725 4 152876 3 152969 3 153236 5 153388 4 153481 3 153747 5 153901 3 153994 3 154259 5 154413 4 154506 3 154770 5 154926 3 155018 4 155282 4 155438 4 155531 4 155793 5 155951 3 156044 3 156304 6 156463 4 156556 4 156815 6 156976 3 157069 3 157327 6 157488 3 157582 3 157838 6 158001 3 158094 3 158350 5 158513 3 158607 3 158861 6 159026 3 159119 4 159372 6 159538 3 159632 4 159883 6 160051 3 160144 4 160395 5 160563 3 160657 4 160906 5 161075 4 161170 4 161417 5 161588 3 161683 4 161929 4 162100 4 162195 5 162440 4 162613 3 162708 5 162951 5 163125 4 163221 5 163463 4 163638 3 163734 5 163974 4 164150 3 164247 4 164486 3 164663 3 164760 4 164997 4 165175 4 165272 5 165508 4 165687 4 165785 5 166019 5 166200 4 166298 5 166530 5 166712 4 166811 5 167041 5 167224 4 167324 5 167552 5 167737 4 167837 5 168063 5 168249 4 168350 5 168574 5 168762 4 168864 4 169085 6 169275 3 169376 5 169596 6 169788 3 169889 5 170107 6 170300 3 170402 4 170618 6 170813 3 170915 3 171130 5 171325 3 171428 2 171641 4 171838 3 172152 4 172350 3 172663 4 172863 3 173174 5 173375 4 173685 5 173888 3 174196 5 174400 3 174706 6 174913 3 175217 7 175425 4 175728 7 175938 3 176239 7 176450 3 176750 6 176963 3 177261 6 177475 3 177772 5 177988 3 178283 5 178500 3 178795 4 179013 3 179306 5 179525 3 179817 4 180038 3 180329 3 180550 3 180841 2 181063 3 181575 3 182088 3 182600 3 183113 3 183626 2 184138 3 184651 1
test_0048_1,0 0
test_0048_2,62575 3 63086 5 63597 6 64109 7 64620 8 65132 8 65644 8 66156 8 66668 8 67180 8 67692 7 68204 7 68717 6 69229 5 69742 2
test_0048_3,0 0
test_0049_1,0 0
test_0049_2,0 0
test_0049_3,35568 6 36081 8 36595 10 37108 9 37121 2 37623 8 37632 3 38137 11 38651 9 39164 9 39677 9 40191 9 40705 9 41220 8 41735 7 42249 7 42764 6 43277 6 43792 3 58043 2 58555 2 59067 3 59579 3 60092 3 60604 3 61117 3 61629 3 62142 3 62654 3 63167 3 63679 3 64192 3 64704 3 65217 3 65729 3 66242 3 66754 3 67267 3 67779 3 68292 3 68804 3 69317 3 69829 3 70342 3 70854 3 71367 3 71879 3 72392 3 72904 3 73416 4 73929 3 74441 4 74954 3 75466 4 75978 4 76490 5 77002 6 77515 5 78027 6 78540 5 79053 5 79565 5 80078 5 80590 6 81103 5 81616 5 82128 6 82641 5 83154 5 83666 6 84179 5 84692 5 85205 5 85718 4 86230 5 86743 5 87256 4 87380 2 87768 5 87892 2 88281 4 88404 3 88794 4 88916 3 89307 4 89428 3 89819 5 89941 2 90332 4 90453 2 90845 4 90965 3 91358 4 91477 3 91870 5 91989 3 92383 5 92502 2 92896 5 93014 3 93409 4 93526 3 93921 5 94038 3 94434 5 94550 3 94947 5 95063 3 95460 5 95575 3 95973 5 96087 3 96486 4 96599 3 96999 4 97112 2 97511 5 97624 2 98024 5 98136 2 98537 4 98648 3 99050 4 99160 3 99563 4 99672 3 100076 4 100185 2 100588 5 100697 3 101101 5 101209 3 101614 4 101721 3 102127 5 102233 3 102640 5 102746 2 103153 5 103258 2 103666 5 103770 3 104179 5 104282 3 104692 5 104794 3 105205 5 105307 2 105718 5 105819 3 106231 6 106331 3 106744 6 106843 3 107257 6 107355 3 107770 5 107868 2 108282 6 108380 2 108795 5 108892 2 109308 5 109404 2 109821 4 109916 3 110334 4 110428 3 110846 4 110940 3 111359 2 111452 3 111965 2 112477 3 112989 3 113501 3 114013 3 114525 3 115037 3 115550 2 116062 2 116574 2 117086 3 117598 3 118110 3 118622 3 119134 3 119646 3 120158 3 120670 3 121182 3 121694 4 121999 2 122207 3 122511 2 122719 3 123023 2 123231 3 123534 3 123743 3 124046 3 124255 3 124558 3 124767 3 125070 3 125280 2 125582 3 125792 2 126093 3 126304 2 126605 3 126816 2 127117 3 127328 3 127629 3 127840 3 128141 2 128352 3 128653 2 128864 3 129165 2 129376 3 129676 3 129888 3 130188 3 130400 3 130700 3 130913 2 131212 3 131425 2 131724 3 131937 3 132235 3 132449 3 132747 3 132961 3 133259 3 133473 3 133771 2 133985 3 134283 2 134498 2 134795 2 135010 2 135306 3 135522 2 135818 3 136034 2 136330 3 136546 3 136842 3 137058 3 137353 4 137570 3 137865 3 138082 3 138376 4 138594 3 138888 4 139107 3 139400 4 139619 3 139911 4 140131 3 140423 4 140643 3 140935 4 141155 3 141447 4 141667 3 141958 5 142180 2 142470 4 142692 2 142982 4 143204 3 143494 4 143716 3 144005 5 144228 3 144517 5 144740 3 145029 5 145252 3 145541 5 145765 2 146053 5 146277 3 146565 5 146789 3 147077 5 147301 3 147589 4 147813 3 148101 4 148325 3 148612 5 148838 2 149124 5 149350 3 149636 5 149862 3 150148 4 150374 3 150660 4 150886 3 151171 5 151399 3 151683 5 151911 3 152195 5 152256 3 152423 3 152707 5 152769 3 152935 3 153219 5 153281 4 153448 3 153730 6 153794 4 153960 3 154242 5 154306 6 154472 3 154754 5 154820 4 154985 3 155266 5 155333 5 155497 3 155778 5 155846 5 156009 3 156290 4 156359 5 156521 3 156802 4 156872 5 157033 3 157313 5 157385 6 157546 3 157825 5 157898 6 158058 3 158337 5 158411 6 158570 3 158850 4 158924 5 159083 3 159362 3 159437 6 159595 3 159874 3 159950 6 160107 3 160385 4 160463 6 160619 3 160897 4 160976 6 161132 2 161409 4 161490 5 161644 2 161921 3 162003 5 162156 2 162433 3 162516 5 162945 3 163029 6 163456 4 163542 9 163968 3 164055 9 164480 3 164568 9 164992 3 165081 9 165504 3 165593 10 166016 3 166106 11 166527 4 166619 11 167039 3 167133 10 167551 3 167646 10 168063 3 168159 10 168575 3 168672 10 169086 3 169186 10 169598 3 169699 10 170110 3 170212 11 170622 3 170726 10 171134 3 171239 10 171646 3 171752 11 172158 3 172268 8 172670 3 172782 7 173181 4 173295 7 173693 4 173808 8 174205 3 174322 7 174717 3 174836 6 175229 3 175349 6 175741 2 175862 6 176252 3 176375 6 176764 3 176889 5 177276 3 177402 5 177788 3 177915 6 178300 3 178428 5 178812 3 178941 6 179324 2 179454 5 179836 2 179967 6 180347 3 180480 6 180859 3 180993 6 181371 3 181506 6 181883 3 182019 6 182395 2 182532 6 182907 2 183045 6 183418 3 183558 6 183930 3 184072 5 184442 3 184584 6 184954 3 185098 5 185466 3 185611 5 185978 3 186124 5 186490 3 186637 5 187002 2 187150 5 187514 2 187663 5 188026 2 188176 5 188538 1 188689 5 189203 3 189716 2
test_0050_1,151616 5 152126 9 152637 12 153148 14 153659 16 154170 18 154682 20 155193 22 155704 23 156216 24 156727 26 157238 27 157750 28 158262 28 158773 29 159285 30 159797 30 160308 31 160820 31 161331 33 161843 33 162354 34 162866 34 163378 35 163890 35 164402 35 164914 35 165426 36 165938 36 166450 36 166962 37 167475 36 167987 37 168499 37 169011 37 169523 37 170035 37 170547 37 171059 37 171571 37 172083 37 172595 37 173108 36 173620 37 174132 37 174644 37 175157 36 175669 36 176181 36 176694 35 177206 36 177718 36 178230 36 178743 35 179255 35 179767 33 180279 31 180791 31 181303 31 181815 31 182327 31 182839 31 183352 30 183864 30 184377 28 184890 27 185402 26 185915 25 186427 24 186940 22 187453 20 187971 13 188486 9
test_0050_2,0 0
test_0050_3,0 0
test_0051_1,0 0
test_0051_2,167645 4 168156 6 168668 7 169179 8 169691 8 170203 8 170715 7 171228 6 171740 6 172253 4 172765 4 173278 2
test_0051_3,0 0
test_0052_1,0 0
test_0052_2,0 0
test_0052_3,206745 3 206751 8 207251 24 207754 34 208264 36 208771 18 209280 13 209787 14 210295 15 210802 15 211313 13 211823 10 212332 11 212842 9 213352 8 213861 9 214371 9 214881 9 215391 10 215901 10 216412 11 216921 9 217432 8 217944 6 218456 4
test_0053_1,193777 6 194286 12 194797 14 195308 17 195818 20 196329 22 196841 23 197352 26 197863 28 198375 29 198887 29 199398 31 199910 33 200422 34 200934 36 201445 39 201956 41 202468 43 202980 59 203492 61 204003 63 204515 64 205027 64 205539 65 206052 66 206564 67 207076 67 207588 67 208101 67 208613 67 209126 66 209638 67 210151 66 210663 66 211175 66 211687 66 212199 35 212240 25 212712 32 212754 23 213224 30 213269 21 213736 29 213782 20 214248 27 214295 20 214760 26 214808 19 215272 25 215321 18 215784 24 215833 18 216297 22 216346 18 216809 21 216858 18 217322 19 217371 18 217835 16 217883 18 218349 3 218355 6 218396 18 218909 17 219421 17 219934 16 220446 17 220959 16 221471 16 221984 15 222496 15 223009 14 223521 12 224033 12 224544 12 225056 11 225569 8 226081 6 226594 4
test_0053_2,0 0
test_0053_3,0 0
test_0054_1,69367 11 69876 15 70385 20 70895 24 71406 26 71917 28 72428 30 72939 32 73450 34 73962 34 74473 36 74985 37 75496 38 76008 39 76519 40 77031 41 77543 41 78055 42 78567 43 79079 44 79590 46 80102 46 80614 47 81126 47 81638 48 82150 48 82662 48 83174 49 83686 49 84198 50 84710 50 85222 50 85734 50 86246 51 86758 51 87270 51 87782 51 88294 51 88806 51 89318 51 89830 52 90342 52 90854 52 91366 52 91879 51 92391 52 92903 52 93069 3 93415 52 93579 7 93927 52 94089 10 94439 51 94600 12 94951 51 95112 13 95464 50 95623 14 95976 50 96134 17 96488 50 96645 19 97001 49 97156 21 97513 49 97668 21 98025 49 98180 21 98537 49 98692 22 99049 49 99204 22 99561 49 99716 22 100072 50 100228 22 100584 50 100740 21 101096 50 101252 21 101608 50 101764 21 102120 50 102276 21 102632 50 102789 20 103144 50 103301 20 103656 49 103814 19 104169 48 104326 19 104681 48 104838 19 105194 46 105351 18 105706 46 105864 17 106218 45 106376 17 106731 44 106889 16 107243 43 107401 16 107756 42 107914 15 108269 41 108426 14 108783 38 108938 13 109296 37 109451 12 109808 36 109964 9 110321 35 110476 8 110834 33 110990 4 111347 32 111860 30 112373 28 112886 26 113400 23 113914 20 114428 16 114941 12 115457 4 191305 3 191814 8 192325 10 192836 12 193346 15 193858 15 194369 17 194880 19 195392 20 195903 21 196415 22 196927 23 197438 24 197950 25 198462 25 198973 27 199485 27 199997 28 200509 28 201021 29 201533 29 202045 30 202557 31 203069 32 203582 32 204094 33 204606 33 205119 33 205632 33 206144 34 206656 35 207168 36 207680 36 208193 36 208705 37 209217 37 209729 38 210242 37 210754 37 211267 36 211780 36 212292 36 212805 35 213318 35 213830 35 214343 34 214855 35 215368 34 215880 34 216392 34 216905 33 217418 32 217931 31 218444 30 218958 28 219470 28 219982 28 220494 28 221007 27 221519 27 222032 26 222544 26 223056 26 223568 25 224080 25 224593 23 225105 23 225617 22 226129 22 226642 20 227154 20 227667 18 228180 17 228692 16 229205 13 229719 9 230234 2
test_0054_2,0 0
test_0054_3,0 0
test_0055_1,191808 3 192317 10 192828 14 193338 18 193850 20 194361 22 194873 23 195384 25 195896 26 196408 27 196919 28 197431 29 197943 30 198454 32 198966 34 199477 35 199989 36 200501 37 201013 37 201524 39 202036 39 202548 39 203059 41 203571 41 204083 41 204595 41 205107 42 205619 42 206131 42 206643 42 207155 42 207667 42 208179 42 208691 42 209202 43 209714 43 210226 43 210738 43 211250 43 211763 42 212275 42 212787 42 213299 42 213811 42 214323 42 214836 41 215348 40 215861 39 216373 39 216886 37 217399 36 217912 34 218424 34 218936 34 219448 33 219960 33 220473 31 220985 31 221497 30 222010 29 222522 28 223035 26 223548 24 224060 23 224574 21 225087 19 225600 17 226112 15 226625 13 227138 4
test_0055_2,0 0
test_0055_3,0 0
test_0056_1,0 0
test_0056_2,0 0
test_0056_3,52345 1 52855 4 53365 6 53875 8 54385 7 54894 8 55402 10 55911 11 56420 13 56930 12 57439 11 57944 15 58453 16 58963 14 59473 13 59983 11 60493 9 61004 7 61515 6 62027 4 73591 2 74103 3 74616 3 75128 3 75641 3 76153 3 76666 3 77178 4 77577 1 77691 4 78088 3 78204 3 78599 4 78717 3 79110 4 79229 3 79621 5 79742 3 80132 5 80254 3 80643 5 80767 3 81154 5 81280 3 81665 5 81792 3 82176 5 82305 3 82688 4 82817 3 83199 4 83330 3 83710 4 83842 3 84221 5 84355 3 84732 5 84868 3 85244 4 85380 3 85755 4 85893 3 86266 4 86405 3 86778 4 86918 3 87289 4 87430 4 87800 4 87943 4 88311 5 88455 4 88822 5 88968 3 89333 5 89480 4 89845 4 89993 3 90356 4 90505 3 90868 4 91018 3 91379 4 91530 3 91890 4 92043 3 92401 4 92556 2 92912 4 93068 3 93423 5 93581 2 93934 5 94093 3 94445 5 94606 3 94957 4 95118 3 95468 4 95631 2 95979 4 96143 3 96491 3 96655 3 97002 3 97168 3 97513 4 97680 3 98024 4 98193 3 98535 4 98705 3 99046 4 99218 3 99557 4 99730 3 100068 4 100243 3 100579 5 100755 3 101090 5 101268 3 101601 4 101780 3 102112 4 102292 4 102623 4 102805 3 103134 4 103317 4 103645 5 103830 3 104156 4 104342 4 104667 4 104855 3 105178 4 105368 3 105689 5 105880 4 106200 4 106393 3 106710 5 106906 3 107221 5 107418 3 107732 5 107931 3 108243 5 108443 3 108753 6 108956 3 109264 5 109468 3 109775 5 109981 3 110286 5 110493 3 110797 5 111006 2 111308 5 111518 3 111819 5 112031 2 112330 5 112543 3 112841 5 113056 2 113352 4 113568 3 113863 4 114080 3 114374 4 114593 3 114884 5 115105 3 115395 5 115618 3 115905 6 116130 3 116416 5 116643 3 116927 5 117155 4 117438 5 117668 3 117949 5 118180 4 118460 5 118693 3 118971 5 119205 3 119482 5 119718 3 119993 5 120230 3 120504 5 120743 3 121015 5 121255 3 121527 4 121768 3 122038 4 122280 3 122549 4 122793 3 123060 4 123305 3 123572 3 123817 4 124084 3 124330 3 124596 1 124842 4 125355 3 125867 4 126380 3 126892 4 127405 3 127917 4 128430 3 128942 3 129455 3 129968 3 130480 3 130992 4 131505 3 132017 3 132530 3 133042 3 133555 3 134067 3 134579 3 135092 3 135604 3 136116 4 136629 3 137141 4 137654 3 138167 3 138679 3 139192 3 139704 3 140216 4 140729 3 141241 4 141754 3 142266 3 142779 3 143291 3 143804 2 144316 3 144828 3 145341 2 145853 2 146366 2 146878 1 147514 2 148026 3 148538 3 149051 3 149564 3 150076 4 150589 3 151101 4 151614 3 152127 3 152639 4 153152 3 153665 3 154177 4 154690 4 155202 5 155715 4 156228 4 156741 4 157254 3 157766 4 158279 4 158457 1 158791 4 158968 2 159304 4 159480 3 159817 3 159992 3 160330 3 160504 3 160842 4 161016 3 161355 4 161528 3 161868 4 162041 3 162381 4 162553 3 162893 4 163065 3 163406 4 163577 3 163919 4 164089 3 164432 4 164601 3 164944 4 165114 2 165457 4 165626 2 165970 4 166138 3 166483 4 166650 3 166996 3 167162 3 167509 3 167674 3 168021 4 168186 3 168534 3 168698 4 169046 4 169210 4 169559 4 169723 3 170071 5 170235 3 170585 4 170747 3 171097 5 171259 3 171610 5 171772 2 172123 4 172284 3 172636 4 172796 3 173149 4 173308 3 173661 6 173820 3 174174 6 174333 2 174687 6 174845 3 175201 4 175357 3 175714 5 175869 3 176227 5 176381 3 176740 5 176893 3 177253 5 177406 2 177766 5 177918 2 178279 5 178430 3 178792 5 178942 3 179305 5 179454 3 179818 5 179967 3 180331 5 180479 3 180844 5 180991 3 181358 4 181503 3 181871 5 182016 2 182384 5 182528 2 182897 5 183040 3 183410 5 183552 3 183923 5 184065 2 184436 5 184577 3 184949 5 185089 3 185462 5 185602 2 185975 6 186114 2 186488 7 186626 3 187002 6 187138 3 187515 6 187650 3 188029 6 188163 3 188542 7 188675 3 189056 7 189187 3 189569 8 189700 3 190084 10 190212 3 190597 13 190724 4 191111 14 191237 3 191624 15 191749 3 192138 14 192261 3 192660 3 192773 3 193285 4 193798 3 194310 3 194822 4 195335 3 195847 3 196359 3 196871 4 197384 3 197896 3 197991 2 198408 3 198503 4 198921 3 199015 5 199433 3 199527 7 199945 3 200040 7 200457 3 200555 6 200970 3 201069 5 201482 3 201582 5 201994 3 202096 4 202506 3 202609 5 203019 3 203122 5 203531 3 203635 6 204043 3 204149 5 204556 3 204662 6 205068 3 205176 5 205581 2 205689 6 206093 3 206203 5 206605 3 206716 6 207118 3 207229 6 207630 3 207742 7 208142 3 208255 9 208655 3 208770 8 209167 3 209284 7 209679 4 209798 8 210192 3 210311 8 210704 3 210825 8 210903 4 211217 3 211339 8 211412 8 211729 3 211852 9 211920 12 212242 3 212366 10 212423 19 212754 3 212880 19 212922 28 213266 3 213395 17 213430 30 213779 3 213910 58 214291 3 214424 51 214804 3 214941 31 214975 6 215316 3 215462 6 215828 3 216341 3 216853 3 217366 3 217878 3 218390 4 218903 3 219415 4 219928 3 220440 4 220953 3 221465 4 221978 3 222490 4 223002 4 223515 3 224027 3 224539 4 225051 4 225564 4 226076 4 226589 4 227102 3 227614 3 228127 3 228639 3 229152 3 229664 3 230177 3 230689 3 231202 3 231715 2 232227 3 232740 2 233252 3 233765 2 234278 1
test_0057_1,0 0
test_0057_2,175343 1 175853 5 176364 6 176875 7 177387 7 177898 8 178410 8 178922 7 179435 6 179947 6 180459 6 180972 4 181485 2
test_0057_3,0 0
test_0058_1,0 0
test_0058_2,0 0
test_0058_3,64889 1 65400 3 65913 2 66425 3 66938 3 67450 3 67963 3 68476 3 68988 3 69501 3 70014 3 70526 3 70923 1 71039 3 71434 3 71552 3 71945 4 72064 3 72456 4 72577 3 72967 4 73089 3 73478 4 73602 3 73989 4 74114 4 74500 5 74627 3 75011 5 75140 3 75522 5 75652 3 76034 4 76165 3 76545 4 76677 3 77056 4 77190 3 77568 4 77702 4 78079 4 78215 3 78590 4 78728 3 79101 4 79240 4 79613 3 79753 4 80124 4 80265 4 80635 4 80778 3 81147 3 81290 4 81658 4 81803 3 82169 4 82315 4 82680 4 82828 3 83191 5 83340 3 83702 5 83853 3 84214 4 84366 3 84725 4 84878 3 85236 4 85391 2 85748 4 85903 3 86259 4 86416 3 86770 4 86928 3 87281 5 87441 3 87792 5 87953 3 88303 4 88466 3 88814 4 88978 3 89326 3 89491 2 89837 3 90003 3 90348 4 90516 3 90860 3 91028 3 91371 4 91540 4 91882 4 92053 3 92393 4 92565 4 92904 4 93078 3 93415 4 93590 4 93926 5 94103 3 94437 5 94615 4 94948 5 95128 3 95459 5 95640 4 95970 4 96153 3 96481 4 96665 4 96992 4 97178 4 97503 4 97690 4 98014 4 98203 4 98525 4 98716 3 99036 4 99229 3 99547 5 99741 3 100058 4 100254 3 100569 5 100766 3 101080 4 101279 3 101591 4 101791 3 102102 4 102304 3 102613 4 102816 3 103124 4 103329 3 103635 5 103841 3 104146 4 104354 2 104656 5 104866 3 105167 5 105378 3 105678 5 105891 3 106188 5 106403 3 106699 5 106916 3 107210 5 107428 4 107721 5 107941 3 108232 5 108454 3 108743 4 108966 3 109254 4 109479 3 109765 4 109991 3 110276 4 110504 3 110787 4 111016 3 111298 4 111529 2 111809 4 112041 3 112320 4 112554 2 112831 4 113066 3 113342 5 113578 3 113853 5 114091 3 114364 5 114603 3 114875 5 115116 3 115386 5 115628 3 115897 5 116141 3 116408 4 116653 3 116919 5 117166 3 117431 4 117678 3 117943 3 118191 3 118455 2 118703 3 118967 1 119216 3 119728 3 120240 4 120753 4 121266 3 121779 3 122291 3 122803 3 123316 3 123828 3 124341 3 124853 3 125366 3 125878 3 126390 4 126903 3 127415 3 127928 3 128440 3 128953 3 129465 3 129978 3 130490 3 131003 3 131515 3 132028 3 132540 3 133053 3 133565 3 134078 2 134590 3 135102 3 135614 3 136127 3 136639 3 137152 3 137664 3 138177 1 143421 2 143933 3 144445 3 144958 3 145470 4 145983 4 146496 3 147008 4 147521 4 148034 3 148546 4 149059 4 149572 3 150084 4 150597 4 151110 4 151622 4 152135 4 152648 4 153161 3 153674 3 154186 4 154699 4 155212 4 155724 4 156237 4 156750 4 157262 5 157775 4 158288 4 158801 4 159314 3 159826 4 160339 4 160852 4 161365 4 161878 4 162391 3 162903 4 163416 4 163929 3 164441 4 164954 4 165467 4 165980 4 166492 5 167005 5 167518 5 168031 5 168544 5 169056 6 169569 6 170082 6 170596 5 171109 5 171622 5 172135 5 172290 2 172649 4 172802 2 173162 4 173314 2 173675 4 173826 3 174188 4 174339 2 174701 4 174851 2 175214 4 175363 3 175727 5 175875 3 176240 5 176387 3 176753 6 176900 2 177266 6 177412 3 177779 6 177924 3 178292 6 178436 3 178806 5 178949 3 179319 5 179461 3 179832 5 179973 3 180345 5 180486 3 180858 6 180998 3 181371 7 181510 3 181885 6 182023 3 182398 6 182535 3 182912 6 183047 3 183425 7 183559 3 183939 7 184072 3 184454 6 184584 3 184967 13 185096 4 185480 14 185608 4 185994 16 186121 3 186508 15 186633 3 187022 13 187145 3 187657 4 188170 3 188682 3 189194 4 189707 3 190219 3 190315 2 190731 3 190826 4 191243 4 191339 5 191756 3 191851 6 192268 3 192366 5 192780 4 192879 5 193293 3 193393 5 193805 3 193906 5 194317 3 194419 6 194829 3 194932 6 195342 3 195446 5 195854 3 195959 6 196366 3 196473 6 196879 3 196987 5 197391 3 197500 6 197904 3 198013 6 198416 3 198527 6 198928 3 199040 7 199441 3 199553 8 199953 3 200066 8 200465 3 200580 9 200978 3 201095 7 201490 3 201609 7 201693 2 202003 2 202122 8 202202 6 202515 3 202636 9 202709 11 203027 3 203150 8 203219 12 203540 3 203663 10 203719 21 204052 3 204177 10 204226 23 204564 3 204692 18 204732 26 205077 3 205206 18 205229 3 205235 33 205590 2 205722 51 206102 3 206236 33 206270 2 206277 3 206614 3 206755 22 207127 2 207639 3 208151 3 208664 3 209176 3 209689 3 210201 3 210713 4 211226 3 211738 4 212251 3 212763 4 213276 3 213788 4 214301 3 214813 4 215326 3 215838 4 216351 3 216863 3 217376 3 217888 3 218400 3 218913 3 219426 1
test_0059_1,0 0
test_0059_2,96126 3 96637 5 97149 5 97661 5 98173 5 98685 5 99197 4 99709 4 100221 4 100733 3 160964 2 161474 6 161985 7 162497 8 163008 9 163520 9 164032 9 164544 9 165056 9 165569 7 166081 7 166593 6 167105 6 167618 4 168130 4 168643 1
test_0059_3,0 0
test_0060_1,90417 4 90927 8 91437 11 91948 13 92459 14 92969 17 93480 19 93991 20 94502 22 95013 24 95524 26 96036 26 96547 28 97058 30 97570 30 98081 32 98593 32 99104 34 99616 34 100128 34 100639 36 101151 36 101663 37 102175 37 102688 36 103200 37 103712 37 104224 37 104736 38 105248 38 105760 38 106272 38 106783 39 107295 39 107807 39 108319 40 108831 40 109343 40 109855 40 110367 41 110879 41 111391 41 111903 41 112416 40 112928 41 113440 41 113952 41 114464 41 114976 41 115488 42 116000 42 116512 42 117024 42 117536 42 118048 43 118560 43 119072 43 119584 43 120096 44 120608 44 121120 44 121632 44 122144 45 122656 45 123169 44 123681 45 124193 45 124705 45 125217 45 125729 45 126241 46 126753 46 127264 47 127776 47 128288 48 128800 48 129312 48 129824 48 130336 48 130848 49 131360 49 131872 49 132384 49 132896 49 133408 49 133920 49 134433 48 134945 48 135457 48 135969 48 136481 48 136993 48 137505 48 138017 48 138529 48 139042 47 139554 47 140066 47 140578 47 141090 47 141602 46 142114 46 142626 46 143138 46 143650 45 144162 45 144674 45 145186 46 145699 44 146211 44 146723 44 147235 44 147747 43 148259 42 148771 41 149283 41 149795 40 150308 37 150820 35 151333 31 151846 29 152360 26 152874 23 153388 19 153903 15 154417 11 154931 3
test_0060_2,0 0
test_0060_3,0 0
test_0061_1,0 0
test_0061_2,0 0
test_0061_3,175322 1 175834 2 176346 3 176858 3 177370 3 177883 3 178395 3 178907 3 179419 4 179932 3 180444 3 180956 4 181469 3 181981 3 182493 3 183006 3 183518 3 184030 3 184543 3 185055 3 185567 3 186080 3 186592 3 187104 3 187617 3 188129 3 188641 3 189153 3 189666 3 190178 3 190690 3 191203 3 191715 3 192227 3 192739 3 193252 3 193764 3 194276 3 194789 3 195301 3 195813 3 196325 3 196837 4 197350 3 197862 3 198375 3 198887 3 199399 3 199911 3 200424 3 200936 3 201448 4 201961 3 202473 3 202985 3 203497 3 204009 3 204522 2 205034 3 205546 3 206058 3 206571 2 207083 3 207595 3 208108 2 208620 2 209132 3 209644 3 210157 2 210669 3 211181 3 211694 2 212206 3 212718 3 213230 3 213743 3 214255 3 214767 3 215279 3 215791 3 216304 3 216816 3 217328 3 217840 3 218353 2 218865 3 219377 3 219890 2 220402 2 220914 2 221426 2 221938 3 222451 2 222963 2
test_0062_1,123693 33 124204 39 124715 42 125225 46 125736 49 126245 53 126754 57 127262 62 127771 67 128282 70 128792 73 129303 75 129813 79 130323 82 130833 85 131344 87 131855 89 132366 91 132877 93 133388 96 133898 99 134409 101 134920 103 135431 105 135941 108 136452 110 136963 112 137474 114 137985 116 138496 118 139007 119 139519 120 140030 122 140541 123 141052 125 141563 127 142074 129 142585 130 143097 131 143608 132 144120 133 144631 135 145143 136 145654 137 146166 138 146678 139 147189 141 147700 142 148212 143 148724 144 149235 146 149747 147 150259 147 150771 148 151283 148 151795 148 152307 149 152819 149 153331 150 153843 150 154354 152 154866 152 155378 152 155890 153 156402 153 156914 153 157425 65 157500 79 157937 60 158015 77 158449 58 158532 72 158961 55 159047 69 159472 55 159562 66 159984 53 160076 64 160495 53 160589 63 161007 52 161102 62 161519 51 161615 61 162031 49 162128 60 162542 49 162642 58 163054 48 163156 56 163566 47 163669 55 164078 46 164182 54 164589 46 164696 52 165101 45 165208 52 165613 44 165721 51 166124 44 166233 51 166636 43 166746 50 167148 42 167258 51 167660 41 167771 49 168172 40 168284 48 168684 39 168797 47 169195 39 169309 47 169707 38 169822 46 170219 37 170334 46 170731 37 170847 46 171244 35 171360 45 171756 34 171872 45 172268 33 172385 44 172780 32 172898 43 173293 31 173411 41 173805 30 173923 41 174317 29 174436 39 174829 29 174948 39 175341 28 175461 37 175853 27 175975 35 176366 25 176488 34 176878 24 177001 32 177390 23 177514 31 177903 21 178026 30 178415 20 178539 28 178927 19 179051 28 179440 17 179564 26 179952 16 180077 24 180465 14 180590 22 180979 10 181104 18 181493 7 181617 16 182130 13 182644 8
test_0062_2,0 0
test_0062_3,0 0
test_0063_1,159405 2 159915 7 160425 14 160936 15 161446 18 161958 19 162468 21 162980 22 163491 23 164003 24 164514 26 165026 26 165537 28 166049 29 166561 29 167073 30 167584 31 168096 31 168608 32 169119 33 169631 33 170143 33 170654 34 171166 34 171677 36 172189 36 172700 37 173212 37 173724 37 174236 37 174748 36 175260 36 175772 36 176284 36 176796 36 177308 36 177820 37 178332 37 178844 37 179356 37 179868 37 180380 36 180892 36 181404 36 181916 36 182428 37 182940 37 183452 37 183964 37 184476 37 184988 37 185500 37 186012 36 186524 35 187036 34 187548 34 188060 32 188571 33 189083 33 189595 32 190107 32 190619 32 191132 31 191644 31 192156 30 192668 30 193181 29 193693 29 194206 27 194719 26 195232 25 195745 23 196258 21 196771 19 197284 17 197797 14 198312 9
test_0063_2,0 0
test_0063_3,0 0
test_0064_1,142547 6 143056 11 143567 14 144076 18 144587 20 145098 22 145609 24 146121 25 146633 26 147144 28 147656 29 148168 29 148680 30 149191 31 149703 31 150215 31 150727 31 151239 32 151750 33 152262 33 152774 33 153286 33 153798 33 154309 34 154821 34 155333 35 155845 34 156358 33 156870 33 157382 33 157894 33 158406 33 158919 32 159431 32 159943 31 160455 31 160967 31 161479 30 161992 28 162504 27 163017 25 163530 24 164042 24 164555 22 165067 22 165580 20 166092 19 166605 17 167117 16 167630 14 168143 12 168660 5
test_0064_2,0 0
test_0064_3,0 0
test_0065_1,0 0
test_0065_2,0 0
test_0065_3,31282 3 31795 3 32307 5 32821 4 33334 5 33846 6 34360 5 34873 5 35387 4 35900 4 36413 5 36926 5 37439 6 37952 6 38466 5 38979 5 39493 5 40006 5 40519 6 41032 6 41545 6 42059 6 42573 6 43086 6 43600 6 44113 6 44627 6 45141 5 45654 6 46168 5 46682 3 56163 3 56673 6 57177 14 57687 14 58193 15 58701 14 59208 14 59717 12 60224 13 60734 12 61242 12 61751 12 62261 9 62771 8 63281 7 63791 7 64301 7 64811 7 65321 7 65832 7 66342 7 66852 7 67363 6 67691 2 67873 7 68202 3 68383 7 68714 3 68894 7 69225 3 69404 7 69737 3 69915 6 70248 3 70426 5 70759 3 70936 6 71270 4 71447 6 71781 4 71957 6 72293 3 72468 5 72804 3 72978 6 73316 3 73489 5 73827 3 73999 6 74338 4 74510 5 74850 3 75021 4 75361 4 75532 4 75873 3 76044 3 76384 4 76895 4 77406 5 77918 3 78429 3 78941 3 79452 3 79963 3 80474 4 80985 4 81496 4 82008 4 82519 4 83030 4 83542 4 84053 4 84410 1 84564 4 84921 3 85076 4 85434 2 85587 4 85946 2 86099 3 86458 2 86610 3 86970 2 87121 4 87482 2 87632 4 87994 2 88143 4 88506 2 88654 4 89018 2 89166 4 89530 3 89677 4 90042 3 90188 4 90554 3 90700 4 91066 3 91211 4 91578 3 91722 4 92090 3 92233 4 92602 3 92744 4 93114 3 93255 5 93626 3 93767 4 94138 3 94278 4 94650 3 94789 4 95162 3 95301 3 95674 3 95812 3 96186 3 96323 4 96698 3 96834 4 97210 3 97345 4 97722 3 97857 3 98234 3 98368 4 98746 3 98879 4 99259 2 99391 3 99771 2 99902 4 100283 3 100413 4 100795 3 100925 4 101307 3 101436 4 101819 3 101948 3 102332 2 102459 4 102844 2 102970 4 103356 2 103482 3 103868 2 103993 3 104380 2 104505 3 104892 2 105016 3 105404 2 105527 3 105916 2 106038 4 106428 2 106549 4 106940 2 107060 4 107452 2 107571 4 107964 2 108083 3 108431 5 108476 2 108594 3 108940 11 108988 2 109106 2 109374 52 109432 31 109500 2 109618 2 109884 90 110012 2 110391 89 110524 2 110902 12 110938 49 111036 2 111413 8 111459 13 111475 8 111485 7 111548 2 112060 2 112332 2 112572 2 112844 2 113084 2 113356 3 113596 2 113868 3 114108 2 114380 4 114620 2 114893 3 115132 2 115405 4 115644 2 115918 3 116156 2 116431 3 116668 2 116943 3 117180 2 117456 3 117692 2 117968 3 118204 2 118480 4 118716 2 118993 3 119228 2 119505 4 119740 1 120018 3 120252 1 120530 4 121043 3 121555 4 122068 3 122580 4 123093 3 123605 4 124118 3 124630 4 125143 3 125655 4 126168 3 126680 3 127193 3 127705 3 128217 3 128730 3 129242 3 129754 4 130267 3 130779 3 131292 3 131804 3 132317 2 132829 3 133342 2 133854 3 134366 3 134879 3 135391 3 135904 3 136416 3 136928 3 137441 3 137953 3 138466 3 138978 3 139490 3 140003 3 140515 4 141028 3 141540 3 142053 3 142565 3 143078 3 143590 3 144102 4 144615 3 145127 4 145640 3 146152 4 146665 3 147177 3 147690 3 148202 3 148714 3 149227 3 149739 3 150252 3 150764 3 151277 3 151789 3 152302 2 152814 3 153326 3 153839 3 154351 3 154864 3 155376 3 155888 3 156401 3 156913 3 157426 3 157938 3 158450 3 158963 3 159475 3 159988 3 160500 3 161012 3 161525 3 162037 3 162549 3 163062 3 163574 3 164087 3 164599 3 165112 3 165624 3 166137 3 166649 3 167162 2 167674 3 168186 3 168699 3 169211 3 169724 3 170236 3 170749 3 171261 3 171774 3 172286 3 172798 4 173311 3 173824 3 174336 3 174848 3 175361 3 175874 2 176386 3 176898 3 177411 3 177923 4 178436 3 178948 4 179461 3 179974 2 180486 3 180999 2 181511 3 182023 3 182536 2 183048 3 183561 2 184074 1
test_0066_1,0 0
test_0066_2,127185 2 127696 4 128207 5 128719 5 129231 5 129743 5 130255 5 130768 4 131281 2 166123 1 166633 4 167144 6 167656 6 168168 6 168680 6 169192 6 169705 5 170217 5 170729 4 171241 4 171752 4 172264 4 172777 2
test_0066_3,0 0
test_0067_1,0 0
test_0067_2,106922 3 107433 5 107944 6 108456 6 108969 5 109481 5 109993 4 110507 1 144485 1 144996 3 145507 4 146019 4 146531 5 147042 5 147554 5 148067 4 148579 3 173361 1 173872 4 174383 5 174895 5 175406 6 175918 6 176430 6 176942 5 177454 5 177966 4 178479 2
test_0067_3,0 0
test_0068_1,90892 2 90931 15 91403 4 91442 18 91915 4 91952 21 92426 6 92463 23 92938 7 92973 25 93447 12 93479 32 93954 17 93990 33 94465 20 94499 38 94976 29 95009 41 95487 75 95999 75 96511 75 97023 75 97535 75 98047 75 98559 76 99071 76 99583 76 100095 76 100607 76 101118 77 101630 77 102142 77 102654 77 103166 77 103678 77 104190 77 104702 77 105213 77 105725 77 106236 78 106748 78 107260 78 107771 79 108283 78 108794 79 109306 78 109817 78 110328 78 110840 77 111351 77 111863 76 112374 76 112885 77 113397 76 113908 77 114419 79 114930 80 115441 81 115953 81 116464 82 116975 83 117486 83 117997 84 118509 84 119020 84 119532 84 120043 84 120555 83 121066 83 121578 82 122089 83 122601 82 123113 82 123625 81 124136 80 124648 79 125160 78 125672 76 126184 75 126696 73 127208 72 127719 71 128231 69 128743 68 129255 68 129766 69 130278 69 130790 68 131302 68 131814 68 132326 68 132838 67 133350 67 133861 68 134373 68 134885 68 135397 68 135909 67 136421 67 136934 62 136997 2 137446 60 137958 59 138470 58 138982 57 139494 56 140006 56 140518 55 141030 55 141542 54 142054 54 142566 54 143078 53 143590 53 144102 52 144614 52 145126 51 145637 51 146149 51 146661 50 147172 50 147684 49 148196 49 148708 48 149220 48 149731 49 150244 48 150756 48 151268 48 151780 47 152293 46 152805 46 153317 45 153830 44 154342 44 154855 42 155367 41 155880 39 156393 38 156906 36 157420 34 157935 31 158449 28 158964 22 159477 13 159991 3 159998 3 172154 9 172662 14 173172 18 173681 26 174191 30 174699 35 175209 38 175720 39 176230 43 176741 46 177252 48 177762 51 178273 53 178641 6 178784 54 179152 9 179295 55 179663 10 179806 57 180174 12 180317 59 180686 13 180829 59 181197 15 181340 61 181709 15 181852 62 182220 17 182364 63 182732 17 182876 64 183244 17 183388 64 183756 17 183900 64 184267 18 184412 64 184779 18 184924 65 185291 18 185437 65 185803 18 185948 66 186315 18 186461 66 186827 19 186973 66 187339 19 187485 66 187851 19 187997 66 188362 20 188509 66 188874 19 189021 66 189386 19 189533 66 189898 19 190045 66 190409 21 190555 68 190921 21 191066 69 191432 22 191577 71 191944 22 192088 72 192455 23 192600 71 192967 23 193112 70 193478 24 193624 69 193990 24 194136 69 194502 24 194647 70 195013 26 195159 70 195525 26 195671 70 196037 26 196183 69 196548 27 196694 69 197060 27 197206 68 197572 27 197718 68 198083 29 198231 67 198595 29 198743 67 199107 29 199256 66 199618 31 199662 3 199768 66 200130 31 200173 5 200281 65 200642 31 200684 6 200793 65 201154 32 201196 6 201306 64 201665 33 201708 6 201819 5 201830 52 202177 34 202220 5 202351 43 202689 34 202732 5 202869 16 202886 20 203201 33 203244 5 203383 1 203386 31 203713 33 203757 3 203899 8 203908 21 204225 33 204270 2 204412 29 204737 33 204782 2 204926 27 205249 34 205440 25 205760 35 205954 22 206272 35 206466 22 206784 36 206980 20 207296 36 207492 19 207808 36 208004 19 208320 36 208516 19 208832 37 209029 17 209344 37 209541 17 209856 37 210053 17 210368 37 210565 16 210880 37 211077 15 211392 37 211590 13 211903 38 212102 12 212415 38 212615 10 212927 37 213127 9 213439 37 213641 5 213951 37 214462 38 214974 38 215486 38 215999 37 216511 36 217023 36 217535 35 218047 35 218559 34 219072 33 219584 32 220096 31 220609 30 221121 29 221634 27 222146 26 222659 24 223171 23 223684 21 224196 21 224709 19 225222 18 225735 17 226249 14 226766 7
test_0068_2,0 0
test_0068_3,0 0
test_0069_1,59527 5 60036 10 60547 12 61058 13 61570 14 62082 14 62594 15 63105 16 63617 17 64129 17 64641 17 65154 16 65666 17 66178 5 66184 11 66690 3 66697 11 67209 11 67722 10 68234 10 68746 11 69259 10 69296 9 69771 11 69806 13 70283 11 70317 15 70795 12 70828 17 71307 13 71339 19 71819 14 71851 20 72331 14 72351 3 72363 20 72844 14 72863 5 72874 21 73356 15 73374 7 73385 23 73868 16 73886 7 73897 23 74380 53 74892 54 75404 55 75916 55 76429 55 76941 55 77453 55 77965 55 78478 54 78991 52 79503 52 80016 51 80529 49 81041 49 81553 49 82065 42 82108 6 82578 40 82620 6 83090 32 83124 6 83133 4 83603 31 83636 6 83645 4 84115 18 84139 7 84149 5 84158 2 84627 17 84651 6 84661 5 85140 14 85163 6 85173 5 85652 13 85675 6 85686 4 86165 12 86187 6 86198 4 86678 11 86699 6 86711 3 87191 12 87210 6 87224 5 87704 20 87738 3 87742 3 88218 16 88250 8 88731 14 88763 7 89249 7 89275 8 89762 3 89786 10 90298 10 90809 11 91323 9 91835 9 92347 10 92859 10 93371 10 93883 10 94394 11 94902 16 95414 1 95417 12 95926 1 95929 12 96438 1 96441 12 96944 21 97455 22 97966 23 98478 24 98990 24 99503 22 100015 22 100528 21 101042 19 101554 18 102063 2 102066 18 102573 23 103083 25 103594 25 104106 24 104617 24 105129 14 105146 7 105640 16 105658 7 106151 17 106170 6 106662 27 107174 27 107686 27 108198 27 108710 26 109221 27 109733 27 110245 27 110757 28 111269 28 111780 29 112292 29 112803 31 113314 33 113825 35 114336 36 114848 37 115358 39 115869 41 116380 42 116890 44 117401 46 117912 47 118423 48 118934 50 119445 51 119956 52 120467 53 120979 53 121490 54 122002 54 122513 55 123025 55 123536 56 124048 56 124559 57 125071 57 125582 58 126094 59 126606 59 127117 60 127629 60 128141 60 128653 61 129165 61 129677 61 130190 60 130702 60 131214 60 131725 61 132237 61 132748 62 133260 62 133772 62 134284 62 134796 62 135308 62 135819 63 136331 63 136843 63 137355 62 137867 62 138379 63 138891 63 139402 64 139914 64 140426 63 140937 64 141449 64 141961 64 142473 65 142985 65 143497 65 144005 69 144517 2 144520 67 145029 70 145541 2 145545 66 146053 2 146056 67 146570 64 147083 63 147597 61 148110 59 148623 58 149135 58 149648 57 150160 57 150672 57 151184 57 151696 57 152205 1 152207 59 152716 62 153227 63 153738 63 154244 69 154755 69 155267 69 155779 68 156291 68 156803 68 157315 68 157827 69 158340 68 158852 67 159364 66 159876 66 160388 65 160900 65 161413 64 161925 64 162437 63 162949 63 163462 61 163974 61 164488 59 165000 59 165514 57 166027 56 166542 52 167061 45 167575 43 168088 41 168601 39 169114 38 169627 36 170140 34 170653 33 171166 31 171678 30 172190 30 172703 28 173216 28 173728 28 174240 29 174753 28 175266 27 175778 27 176291 25 176804 23 177317 22 177829 21 178342 19 178856 15 179374 7 179889 2
test_0069_2,0 0
test_0069_3,0 0
test_0070_1,0 0
test_0070_2,0 0
test_0070_3,31805 3 32318 4 32831 4 33344 4 33857 4 34370 5 34883 5 35396 5 35909 5 36422 5 36935 5 37449 4 37962 4 38475 4 38988 5 39501 5 40014 6 40527 6 41041 5 41554 6 42067 6 42580 6 43094 6 43608 5 44121 6 44635 5 45148 5 45661 6 46175 5 46688 5 47201 5 47715 3 64360 8 64868 12 65372 19 65881 18 66384 18 66894 16 67400 16 67909 13 68417 13 68926 11 69236 2 69436 9 69747 3 69946 8 70259 3 70455 8 70770 3 70966 7 71281 4 71475 8 71793 3 71986 7 72304 3 72495 8 72815 4 73006 7 73326 4 73516 7 73837 4 74026 7 74349 3 74536 7 74860 4 75047 7 75372 3 75557 7 75883 3 76067 7 76394 4 76578 6 76905 5 77089 6 77417 4 77599 6 77928 4 78109 7 78440 3 78620 6 78951 3 79130 6 79462 3 79640 6 79973 4 80151 6 80484 4 80661 6 80995 4 81172 5 81507 3 81684 4 82018 4 82196 2 82529 4 83041 4 83552 4 84063 4 84574 4 85086 3 85597 4 86108 4 86620 3 87131 4 87642 4 88153 4 88664 4 89175 4 89686 4 90198 4 90709 4 91220 4 91732 3 92243 4 92754 4 93265 4 93776 4 94287 4 94798 4 95309 4 95820 4 96332 4 96843 4 97354 4 97865 4 98377 3 98888 4 99399 4 99911 4 100422 4 100934 3 101445 4 101956 4 102467 4 102979 3 103490 4 104001 4 104513 3 105024 3 105535 4 106046 4 106557 4 107068 4 107579 4 108091 3 108602 3 109114 2 116557 19 117069 20 117583 18 126172 2 126684 3 127196 3 127709 3 128221 3 128734 3 129246 3 129758 4 130271 3 130783 3 131296 3 131808 3 132321 2 132833 3 133345 3 133858 3 134370 3 134882 3 135395 3 135907 3 136419 3 136932 3 137444 3 137957 3 138469 3 138982 2 139494 3 140006 3 140519 3 141031 3 141543 3 142056 3 142568 3 143081 3 143593 3 144106 3 144618 3 145130 4 145643 3 146155 3 146667 4 147180 3 147692 4 148205 3 148717 3 149230 3 149742 3 150254 4 150767 3 151279 4 151792 3 152304 3 152816 4 153329 3 153841 3 154354 3 154866 3 155379 3 155891 3 156403 3 156916 3 157428 3 157940 4 158453 3 158965 3 159478 3 159990 3 160503 3 161015 3 161527 3 162040 3 162552 3 163064 3 163577 3 164089 3 164602 3 165114 3 165626 3 166139 3 166651 3 167163 3 167676 3 168188 3 168701 2 169213 3 169725 3 170238 3 170750 3 171263 3 171775 3 172288 2 172800 3 173312 3 173825 3 174337 3 174850 3 175362 3 175874 3 176387 3 176899 3 177412 3 177924 3 178437 3 178949 3 179462 3 179974 3 180487 2 180999 3 181511 3 182024 3 182536 3 183049 3 183561 3 184074 3 184586 3 185099 3 185611 3 186124 3 186636 3 187149 3 187661 3 188174 3 188686 3 189199 2 189711 2
test_0071_1,175252 6 175762 11 176273 13 176784 15 177295 17 177806 18 178317 19 178829 20 179340 22 179852 22 180364 23 180875 24 181387 25 181899 25 182410 26 182922 26 183433 27 183945 28 184457 28 184968 28 185480 28 185992 29 186503 30 187015 30 187526 31 188038 31 188550 31 189062 31 189574 31 190086 30 190598 30 191110 30 191622 30 192134 30 192647 29 193159 28 193671 27 194183 27 194695 26 195208 25 195721 23 196233 23 196745 22 197258 21 197770 21 198282 21 198794 21 199306 21 199818 21 200330 20 200843 19 201355 19 201867 18 202379 18 202891 17 203404 16 203916 15 204429 13 204942 9
test_0071_2,0 0
test_0071_3,0 0
test_0072_1,181101 9 181609 14 182118 18 182628 20 183137 24 183646 28 184149 39 184656 46 185164 51 185658 69 186166 74 186676 76 187186 79 187695 82 188205 84 188716 86 189226 88 189737 89 190248 90 190759 91 191270 92 191782 92 192293 93 192805 93 193316 94 193828 94 194339 95 194851 95 195362 96 195874 96 196386 96 196897 97 197409 97 197921 97 198432 98 198944 98 199456 98 199967 99 200479 98 200991 98 201502 99 202014 98 202526 98 203038 98 203550 98 204062 97 204574 97 205086 96 205598 96 206110 96 206622 96 207135 95 207647 94 208159 94 208671 94 209183 94 209695 94 210207 94 210720 93 211232 93 211744 93 212257 92 212769 91 213281 91 213793 90 214305 90 214818 88 215331 86 215843 85 216356 84 216868 83 217381 82 217893 81 218406 78 218918 67 218989 2 219430 64 219942 61 220454 59 220967 56 221479 56 221992 54 222505 53 223020 50 223533 48 224046 47 224558 46 225070 45 225583 43 226096 36 226610 31 227124 25 227637 23 228151 17 228664 13 229179 3
test_0072_2,0 0
test_0072_3,0 0
test_0073_1,0 0
test_0073_2,172120 3 172631 5 173143 5 173655 5 174166 6 174678 6 175190 6 175702 6 176214 6 176725 7 177237 7 177750 6 178262 5 178774 5 179287 3 197250 5 197762 6 198273 7 198785 8 199297 8 199809 7 200321 7 200833 7 201346 5 201859 4 202372 2
test_0073_3,0 0
test_0074_1,171292 5 171800 12 172308 18 172818 22 173328 25 173838 29 174348 32 174858 35 175368 38 175878 40 176389 41 176900 43 177412 44 177923 45 178435 46 178946 48 179458 49 179969 50 180481 51 180992 52 181504 52 182015 53 182526 55 183038 55 183550 55 184062 56 184574 56 185086 56 185598 56 186110 56 186623 54 187135 54 187648 53 188160 53 188673 53 189185 53 189697 53 190209 53 190722 52 191234 52 191746 52 192258 51 192770 51 193282 50 193794 50 194306 50 194818 49 195331 48 195843 47 196356 46 196868 45 197381 44 197894 42 198407 40 198920 38 199434 36 199947 34 200460 32 200972 31 201485 29 201998 27 202512 23 203025 20 203543 11
test_0074_2,0 0
test_0074_3,0 0
test_0075_1,0 0
test_0075_2,60707 3 61218 4 61729 6 62241 6 62753 6 63265 7 63778 6 64290 6 64802 6 65315 4 65827 4 66341 1 136609 3 137120 5 137632 5 138144 5 138655 6 139167 6 139680 5 140192 5 140704 4 141217 2 162386 2 162897 4 163408 6 163920 6 164432 6 164944 7 165456 7 165968 6 166480 6 166993 5 167505 4 168018 2 232812 2 233323 4 233835 4 234346 6 234858 6 235370 6 235882 6 236394 6 236906 6 237418 6 237931 4 238444 3
test_0075_3,0 0
test_0076_1,0 0
test_0076_2,0 0
test_0076_3,29751 3 30264 4 30777 4 31290 4 31803 5 32316 5 32829 5 33342 5 33856 4 34369 4 34882 4 35395 5 35908 5 36421 6 36934 6 37448 5 37961 6 38475 6 38987 7 39501 6 40015 5 40528 6 41042 6 41169 4 41555 6 41671 15 42069 6 42180 18 42583 5 42682 23 43096 5 43169 8 43181 31 43609 6 43680 38 44123 5 44192 36 44637 4 44703 22 44727 5 44735 3 45150 3 45215 12 45728 4 56162 9 56672 11 57177 16 57686 16 58191 16 58701 14 59207 15 59717 12 60224 13 60734 12 61242 12 61752 10 62262 8 62772 8 63282 7 63792 8 64302 8 64813 7 65323 7 65464 2 65833 7 65976 2 66159 2 66344 7 66488 2 66670 3 66854 7 67000 2 67182 3 67364 7 67512 2 67693 3 67875 7 68024 2 68204 4 68385 7 68536 2 68715 4 68896 6 69048 2 69227 3 69406 7 69560 2 69738 4 69917 6 70072 3 70249 4 70428 5 70584 3 70760 4 70938 6 71096 3 71272 3 71448 6 71608 3 71783 4 71959 6 72120 3 72295 3 72469 6 72632 4 72807 3 72980 5 73144 4 73318 3 73490 6 73656 4 73829 4 74001 5 74168 4 74340 4 74512 4 74681 3 74852 4 75024 3 75193 3 75363 4 75536 2 75705 4 75875 3 76217 4 76386 3 76730 3 76897 3 77242 3 77408 4 77754 4 77919 4 78266 4 78431 3 78779 3 78942 3 79291 3 79453 4 79803 3 79965 3 80315 3 80476 4 80827 4 80987 4 81339 4 81498 4 81851 4 82009 5 82363 4 82521 4 82876 3 83032 4 83388 3 83544 3 83900 3 84055 4 84412 3 84566 4 84924 4 85077 4 85436 4 85589 4 85948 4 86100 4 86461 3 86611 4 86973 3 87123 3 87485 3 87634 4 87997 3 88145 4 88509 3 88656 4 89021 4 89167 4 89534 3 89678 4 90046 3 90189 5 90558 3 90701 4 91070 3 91212 4 91582 3 91723 4 92094 3 92235 4 92606 3 92746 4 93118 3 93257 4 93630 3 93768 4 94142 3 94279 4 94654 3 94790 4 95166 3 95301 5 95678 3 95813 4 96190 3 96324 4 96702 3 96836 3 97214 3 97347 4 97726 3 97858 4 98238 3 98370 4 98750 3 98881 4 99262 3 99393 3 99774 3 99904 3 100287 3 100415 4 100799 3 100927 3 101311 3 101438 4 101823 3 101949 4 102335 3 102461 3 102847 3 102972 3 103360 2 103483 4 103872 2 103994 4 104384 2 104505 4 104896 2 105016 4 105408 2 105528 3 105920 2 106039 3 106432 2 106551 3 106944 2 107062 3 107456 2 107574 2 107968 2 108086 1 108363 11 108433 9 108480 2 108866 30 108900 11 108939 16 108992 2 109370 3 109375 92 109504 2 109882 95 110016 2 110393 11 110429 52 110528 2 110905 7 110953 23 110977 7 111040 2 111312 2 111552 2 111824 2 112064 2 112336 3 112576 2 112848 3 113088 2 113360 4 113600 2 113873 3 114112 2 114386 3 114624 2 114898 3 115136 2 115411 3 115648 2 115923 3 116160 2 116436 3 116672 2 116948 3 117184 2 117460 4 117696 2 117973 3 118208 2 118485 4 118720 2 118998 3 119232 2 119510 4 119744 2 120023 3 120256 2 120535 4 120768 2 121048 3 121280 2 121560 4 121792 2 122073 3 122304 2 122585 4 122816 2 123098 3 123328 2 123610 3 123840 2 124123 3 124352 2 124635 3 124864 2 125148 3 125376 2 125660 3 125888 2 126172 3 126400 2 126685 3 126912 2 127197 3 127424 2 127710 3 127936 2 128222 3 128448 2 128734 3 128960 2 129247 3 129472 2 129759 3 129984 2 130272 2 130496 2 130784 3 131008 2 131297 2 131520 2 131809 3 132032 2 132321 3 132544 2 132834 3 133056 2 133346 3 133568 2 133859 2 134080 2 134371 3 134592 2 134883 3 135104 2 135396 3 135616 2 135908 3 136128 2 136421 3 136640 2 136933 3 137152 2 137445 4 137664 2 137958 3 138176 2 138470 3 138688 2 138983 3 139200 2 139495 3 139712 2 140008 3 140224 2 140520 3 140736 2 141032 4 141248 2 141545 3 141760 2 142057 4 142272 2 142570 3 142784 2 143082 4 143296 2 143595 3 143808 2 144107 4 144320 2 144619 4 144832 2 145132 3 145344 2 145644 4 145856 1 146157 3 146669 3 147182 3 147694 3 148206 4 148719 3 149231 4 149744 3 150256 3 150769 3 151281 3 151793 4 152306 3 152818 3 153331 3 153843 3 154356 3 154868 3 155380 4 155893 3 156405 3 156918 3 157430 3 157942 3 158455 3 158967 3 159480 3 159992 3 160504 3 161017 3 161529 3 162042 2 162554 3 163067 2 163579 3 164091 3 164604 3 165116 3 165629 3 166141 3 166653 3 167166 3 167678 3 168191 3 168703 3 169216 3 169728 3 170241 3 170753 3 171266 3 171778 3 172290 3 172803 3 173315 3 173828 3 174340 3 174853 3 175365 3 175878 3 176390 3 176903 3 177415 3 177928 3 178440 3 178953 3 179465 3 179978 3 180490 3 181003 3 181515 3 182028 3 182540 3 183052 3
test_0077_1,0 0
test_0077_2,0 0
test_0077_3,35949 5 36460 15 36972 17 37488 18 38003 17 38520 15 39038 13 39555 11 40070 10 40584 10 41098 10 41613 9 42126 10 42639 12 43153 11 43668 10 44182 9 44697 8 45211 7 45725 6 46238 6 46752 7 47265 7 47779 6 48293 5 48806 6 49320 6 49833 6 50346 5 50860 2 65839 2 66339 1 66351 2 66851 4 66863 2 67363 5 67374 3 67876 5 67886 3 68388 6 68397 3 68899 12 69399 9 69411 12 69909 25 70418 13 70434 13 70929 6 70951 8 71441 4 71466 9 71979 9 72493 8 73006 8 73519 8 74033 7 74547 6 75060 6 75574 7 76087 7 76601 6 77114 8 77628 8 78142 8 78657 7 79170 7 79684 7 80198 7 80711 7 81225 6 81741 1 122556 3 123067 4 123315 1 123578 4 123826 3 124089 4 124338 3 124600 5 124850 3 124959 1 125111 5 125362 3 125471 2 125622 5 125874 3 125983 3 126133 5 126386 3 126495 3 126644 5 126898 3 127008 2 127154 6 127410 2 127520 2 127665 6 127921 3 128032 2 128177 5 128433 3 128544 2 128688 4 128945 3 129056 2 129199 4 129457 3 129569 1 129710 4 129969 2 130081 1 130221 4 130480 3 130593 1 130732 4 130992 3 131243 5 131504 3 131754 4 132016 3 132265 5 132528 3 132776 5 133040 3 133287 5 133551 4 133798 5 134063 3 134309 5 134575 3 134819 6 135087 3 135329 6 135599 3 135840 6 136111 3 136351 7 136622 4 136862 6 137134 3 137373 6 137646 3 137884 6 138158 3 138395 7 138670 3 138906 7 139182 3 139417 7 139694 3 139928 7 140205 4 140440 6 140717 4 140951 6 141229 4 141462 6 141741 3 141973 6 142253 3 142484 6 142765 3 142995 7 143277 3 143507 6 143789 3 144018 6 144301 2 144528 7 144812 3 145040 6 145324 3 145551 6 145836 3 146062 5 146348 3 146573 5 146860 3 147084 5 147372 3 147595 5 147884 3 148106 5 148395 4 148618 5 148907 4 149129 5 149419 3 149641 4 149931 3 150153 3 150443 3 150665 2 150955 3 151467 3 151979 3 152491 3 153002 4 153514 3 154026 3 154538 3 155050 3 155562 3 156074 3 156585 4 157097 4 157609 4 158121 3 158633 3 159145 3 159657 3 160169 3 160681 3 161193 3 161704 3 162216 3 162728 3 163240 3 163752 3 164264 3 164776 3 165288 3 165800 3 166312 3 166824 3 167336 3 167848 3 168359 4 168871 4 169138 2 169383 3 169650 2 169895 3 170162 3 170407 3 170674 3 170919 3 171186 3 171431 3 171698 3 171943 3 172211 2 172455 3 172723 2 172967 2 173235 3 173479 2 173747 3 173990 3 174259 3 174502 3 174771 3 175014 3 175283 3 175526 3 175796 2 176038 3 176308 3 176550 3 176820 3 177062 3 177332 3 177574 3 177844 3 178086 3 178356 3 178598 3 178868 4 179110 2 179380 4 179622 2 179893 3 180134 2 180405 3 180645 3 180917 3 181157 2 181429 3 181669 2 181941 3 182453 4 182966 3 183478 3 183990 3 184502 4 185015 3 185527 3 186039 3 186551 3 187064 2 187576 3 188088 3 188600 3 189112 3 189625 3 190137 3 190649 3 191161 3 191674 3 192186 3 192698 3 193211 3 193723 3 194235 3 194747 3 195260 3 195772 3 196284 4 196797 3 197309 3 197821 3 198333 3 198845 3 199358 3 199870 3 200382 3 200894 3 201406 3 201919 3 202431 3 202943 3 203456 2 203968 3 204480 3 204992 3 205505 3 206017 3 206529 3 207041 3 207554 3 208066 3 208578 3 209090 3 209603 3 210115 3 210627 3 211139 3 211652 3 212164 3 212676 3 213188 3 213701 3 214213 3 214725 3 215237 3 215749 3 216261 4 216774 3 217286 3 217798 4 218311 3 218823 3 219335 3 219848 2 220360 3 220872 3 221384 3 221897 3 222409 3 222921 3 223434 2 223946 3 224458 3 224970 3 225483 2 225995 3 226507 3 227020 2 227532 3 228044 3 228556 3 229069 2 229581 2
test_0078_1,40868 10 41377 15 41886 20 42396 23 42906 27 43417 29 43927 31 44437 34 44948 35 45459 37 45970 39 46482 40 46993 41 47504 43 48015 44 48526 46 49038 46 49549 48 50061 49 50572 50 51084 51 51596 51 52107 52 52619 53 53131 53 53643 53 54154 54 54667 53 55179 53 55691 53 56203 53 56716 52 57228 52 57740 52 58252 52 58765 51 59277 51 59789 51 60301 51 60814 50 61326 50 61838 49 62351 48 62863 48 63375 48 63888 47 64400 46 64913 45 65425 45 65938 44 66452 42 66965 41 67478 40 67991 39 68504 37 69016 36 69529 35 70042 33 70556 30 71070 27 71584 23 72098 19 72613 13
test_0078_2,0 0
test_0078_3,0 0
test_0079_1,0 0
test_0079_2,0 0
test_0079_3,191254 2 191766 4 192279 3 192792 3 193305 3 193818 3 194331 3 194843 3 195356 3 195869 3 196382 3 196895 3 197408 3 197920 4 198433 4 198946 4 199459 3 199971 4 200484 4 200997 4 201510 4 202023 3 202535 4 203048 4 203561 4 204074 4 204587 4 205100 4 205613 3 206125 4 206638 4 207151 3 207664 3 208177 3 208690 3 209202 4 209715 4 210228 4 210741 4 211254 4 211767 4 212280 4 212792 6 213305 6 213819 5 214332 5 214845 5 215358 4 215871 4 216384 4 216897 4 217410 3 217923 3 218435 3 218948 2
test_0080_1,0 0
test_0080_2,0 0
test_0080_3,125513 2 126025 2 126537 3 127049 3 127562 3 128074 3 128587 3 129099 3 129611 3 130124 3 130636 3 131149 3 131661 3 132174 3 132686 3 133199 3 133711 3 134224 3 134736 4 135249 3 135761 3 136274 3 136786 3 137299 2 137811 3 138324 3 138836 3 139348 3 139861 3 140373 3 140886 3 141398 3 141911 3 142423 4 142936 3 143448 3 143961 3 144473 3 144986 3 145498 3 146011 3 146523 4 147036 3 147548 3 148061 3 148574 2 149086 3 149599 2 150111 3 150623 3 151136 3 151648 3 152160 4 152673 3 153186 3 153698 4 154211 4 154724 3 155236 4 155749 3 156261 3 156774 3 157286 3 157799 2 158311 3 158823 3 159336 3 159848 3 160361 3 160873 4 161386 3 161898 4 162411 4 162923 4 163436 4 163949 4 164461 4 164974 4 165487 3 165999 4 166512 3 167024 4 167537 3 168049 3 168562 3 169074 3 169587 3 170099 3 170612 2 171124 3 171637 3 172149 4 172661 4 173174 3 173686 4 174199 3 174712 3 175224 3 175737 3 176249 4 176762 3 177274 4 177787 4 178299 4 178812 3 179324 4 179837 3 180350 3 180862 3 181374 4 181887 4 182400 3 182912 4 183425 4 183938 3 184450 3 184963 3 185475 4 185988 3 186500 3 187013 2
test_0081_1,0 0
test_0081_2,0 0
test_0081_3,32379 7 32891 16 32909 4 33404 26 33451 4 33918 27 33961 8 34436 49 34954 46 35474 49 35994 50 36516 47 37032 5 37045 36 37562 35 38086 24 38608 13 39127 4 56133 3 56645 5 57158 5 57671 6 58185 6 58698 6 59212 6 59726 6 60240 5 60753 5 61267 5 61780 6 62294 6 62807 6 63320 7 63834 6 64348 6 64861 6 65375 6 65889 6 66403 6 66917 5 67430 5 67944 5 68458 5 68971 5 69485 5 69998 6 70385 3 70512 6 70896 4 71026 5 71407 5 71540 5 71918 5 72053 6 72429 5 72567 6 72939 6 73080 6 73450 7 73594 7 73959 9 74108 7 74470 9 74622 7 74981 10 75136 6 75493 9 75651 6 76004 9 76164 7 76515 9 76678 7 77027 8 77192 8 77538 8 77707 7 78049 8 78221 7 78560 8 78735 7 79071 8 79249 8 79582 8 79764 8 80093 8 80278 10 80605 6 80793 9 81116 6 81308 9 81627 6 81823 8 82138 7 82339 6 82649 7 82853 5 83158 9 83669 8 84179 8 84686 12 85197 12 85708 13 86216 13 86231 1 86722 17 87232 16 87740 17 88247 18 88756 18 89261 21 89753 7 89770 20 90258 16 90276 24 90769 41 91281 40 91797 34 92310 5 92317 16 92833 2 92839 3 117388 1 117899 2 118411 2 118922 3 119434 3 119946 3 120458 2 120969 3 121481 3 121993 3 122505 2 123017 2 123528 3 124040 3 124552 3 125064 3 125576 3 126088 2 126216 2 126599 3 126728 2 127111 3 127240 3 127623 3 127752 3 128135 2 128265 2 128647 2 128777 2 129158 3 129289 3 129670 3 129801 3 130182 3 130313 3 130694 3 130826 2 131206 2 131338 2 131717 3 131850 3 132229 3 132362 3 132741 2 132875 3 133253 2 133387 3 133765 2 133899 3 134276 3 134411 3 134788 3 134923 3 135300 3 135436 2 135812 3 135948 3 136324 2 136460 3 136835 3 136972 3 137347 3 137485 2 137859 3 137997 3 138371 3 138509 3 138882 4 139022 2 139394 3 139534 2 139906 3 140046 2 140417 4 140558 3 140929 4 141070 3 141441 4 141583 2 141952 5 142095 2 142464 5 142607 2 142976 5 143119 3 143487 6 143631 3 143999 5 144144 2 144255 2 144511 5 144656 2 144766 3 145023 5 145168 2 145278 2 145534 6 145680 3 145789 3 146046 6 146192 3 146300 3 146558 5 146704 3 146811 3 147070 5 147217 2 147322 4 147581 6 147729 3 147833 4 148093 6 148241 3 148344 4 148605 6 148753 3 148855 4 149117 6 149266 2 149367 3 149629 5 149778 2 149878 4 150140 6 150290 3 150389 4 150652 2 150656 2 150803 2 150900 4 151163 3 151169 1 151315 2 151411 5 151675 2 151681 1 151827 3 151922 5 152186 3 152193 1 152339 3 152433 5 152698 3 152704 2 152851 3 152943 7 153210 3 153216 2 153364 2 153455 6 153722 2 153728 2 153876 2 153966 6 154233 3 154240 1 154388 3 154477 6 154745 3 154751 2 154900 3 154988 6 155257 2 155263 2 155413 3 155499 6 155768 3 155775 2 155925 3 156010 6 156280 3 156287 2 156437 3 156521 6 156792 3 156799 2 156949 3 157032 6 157303 3 157311 1 157461 3 157544 5 157815 3 157823 1 157973 3 158055 5 158327 3 158486 3 158566 6 158839 2 158998 3 159077 6 159350 3 159510 3 159588 6 159862 3 160023 2 160099 7 160374 3 160535 3 160610 7 160885 3 161047 3 161121 8 161397 3 161559 3 161632 8 161909 3 162072 2 162143 8 162420 3 162584 3 162654 8 162932 3 163096 3 163165 9 163443 3 163608 3 163676 9 163955 3 164121 2 164187 9 164467 3 164633 3 164697 11 164979 2 165145 3 165208 11 165490 3 165657 3 165719 5 165726 4 166002 3 166169 3 166230 4 166238 4 166514 3 166681 3 166741 4 166749 4 167025 3 167193 3 167251 5 167261 3 167537 3 167706 2 167762 5 167772 4 168049 3 168218 3 168273 5 168284 4 168561 2 168730 3 168784 5 168795 4 169072 3 169242 3 169295 5 169306 4 169584 3 169754 3 169806 5 169818 3 170096 3 170267 2 170317 5 170329 3 170608 2 170779 3 170828 5 170840 4 171119 3 171291 3 171339 5 171351 4 171631 3 171803 3 171850 5 171862 4 172143 2 172315 3 172361 4 172374 4 172655 2 172828 2 172872 4 172885 4 173167 2 173340 3 173383 4 173397 4 173679 1 173852 3 173894 4 173908 4 174365 2 174405 4 174420 3 174877 3 174916 4 174932 2 175389 3 175427 5 175444 1 175901 3 175938 4 176413 3 176449 5 176926 2 176960 4 177438 2 177471 4 177950 3 177982 4 178462 3 178493 5 178975 2 179005 4 179487 3 179516 4 179999 3 180027 4 180511 3 180538 4 181023 3 181049 4 181536 2 181560 5 182048 3 182072 4 182560 3 182583 4 183073 2 183096 2 183585 3 184097 3 184609 3 185122 2 185634 2 186146 3 186658 3 187171 2 187683 2 188195 3 188707 3 189219 3 189732 2 190244 2 190756 2 191268 2 191780 3 192292 3 192804 3 193316 3 193829 2 194341 2 194853 2 195365 3 195877 3 196390 2 196902 2 197414 2 197926 3 198438 3 198950 3 199463 2 199975 3 200487 3 200999 3 201511 3 202024 2 202536 3 203048 3 203560 3 204073 2 204585 3 205097 3 205610 2 206122 2 206634 2 207146 2 207658 2 208170 2 208683 2 209195 1
test_0082_1,0 0
test_0082_2,0 0
test_0082_3,53687 2 54199 3 54703 3 54710 5 55205 14 55222 6 55715 25 56225 28 56736 30 57246 7 57262 16 57755 9 57775 16 58264 12 58288 2 58296 8 58775 11 58809 7 59286 9 59322 7 59797 7 59834 8 60308 6 60350 4 60818 7 60863 3 61327 8 61642 3 61838 8 62154 4 62348 9 62666 5 62859 8 63179 6 63370 7 63692 6 63881 7 64205 7 64392 7 64718 7 64904 6 65231 8 65415 6 65744 8 65926 6 66258 7 66437 6 66771 7 66948 6 67284 7 67459 6 67797 7 67970 6 68311 6 68480 7 68825 5 68991 7 69338 6 69502 6 69851 6 70012 7 70365 5 70523 7 70879 4 71034 6 71392 3 71545 6 71905 1 72056 6 72566 7 73076 8 73586 8 74096 9 74607 8 75118 7 75630 4 76143 1 111232 2 111744 3 112256 3 112769 3 113281 3 113794 3 114306 3 114819 3 115331 3 115844 3 116356 4 116869 3 117381 4 117894 3 118407 3 118919 4 119432 3 119944 4 120457 4 120970 4 121483 4 121995 5 122508 5 123021 4 123534 4 124047 4 124559 6 125072 6 125585 6 126098 6 126611 6 127124 6 127637 6 128150 6 128664 6 129177 6 129690 6 130204 5 130717 6 131230 6 131743 6 132256 7 132769 8 133283 8 133797 9 134311 9 134824 10 135338 14 135360 5 135853 25 136367 22 136883 15 137399 4 144150 1 144661 3 145173 4 145686 3 146198 4 146710 4 147222 5 147735 5 148247 6 148759 6 149271 7 149784 7 150296 7 150808 8 151320 9 151832 9 152345 3 152350 4 152857 3 152863 3 153369 3 153375 4 153881 3 153888 4 154394 2 154400 5 154906 3 154913 5 155418 3 155426 4 155931 3 155938 5 156443 3 156451 5 156955 3 156963 5 157468 3 157476 5 157980 3 157989 5 158492 3 158502 4 159005 3 159015 4 159517 3 159527 5 160029 3 160040 4 160542 3 160552 13 161054 3 161065 16 161566 3 161577 19 162078 3 162090 21 162591 3 162617 7 163103 3 163131 6 163615 4 163646 5 164128 3 164159 4 164640 3 164672 4 165153 3 165185 4 165665 3 165697 4 166177 4 166210 4 166690 3 166723 3 167202 3 167235 4 167715 3 167748 3 168227 3 168260 4 168740 3 168773 3 169252 4 169285 4 169765 3 169798 3 170277 4 170310 4 170790 4 170823 3 171303 4 171336 3 171816 4 171848 3 172328 5 172361 2 172841 6 173355 4 173868 4 174381 4 174894 3 175407 3 175919 4 176432 3 176945 3 177457 3 177970 3 178482 3 178994 4 179507 4 180020 3 180532 4 181045 4 181557 4 182070 3 182582 4 183095 4 183608 3 184120 4 184633 3 185145 4 185658 4 186170 5 186683 4 187196 4 187708 5 188221 5 188734 5 189247 5 189760 4 190273 4 190785 5 191298 5 191811 5 192323 6 192836 5 193349 4 193861 4 194374 4 194887 3 195399 4 195911 4 196424 4 196936 4 197449 4 197961 4 198474 4 198986 4 199499 4 200011 4 200524 3 201036 4 201549 3 202061 3 202573 3 203085 3 203597 3 204109 4 204621 4 205134 3 205647 2 206159 2
test_0083_1,0 0
test_0083_2,0 0
test_0083_3,59805 4 60316 5 60826 7 61337 7 61848 7 62358 7 62868 8 63378 9 63889 9 64399 9 64910 8 65421 8 65933 7 66444 7 66955 7 67466 7 67978 6 68489 6 68999 7 69510 7 70021 7 70532 6 71043 6 71554 6 72064 6 72575 6 73086 6 73597 6 74107 7 74617 8 75128 7 75640 5 76151 5 76662 5 77174 4 77687 2
test_0084_1,76627 6 77137 10 77648 12 78159 13 78669 16 79180 18 79691 19 80202 21 80712 24 81223 25 81733 28 82243 31 82754 34 83265 36 83775 39 84286 40 84797 42 85308 43 85819 45 86330 46 86842 47 87353 48 87864 50 88376 50 88887 52 89398 53 89910 54 90421 55 90932 56 91444 57 91955 58 92467 59 92978 60 93490 60 94001 61 94513 62 95024 63 95536 63 96047 64 96559 65 97071 65 97582 66 98094 66 98605 67 99117 67 99629 67 100140 68 100652 69 101164 68 101676 68 102187 69 102699 69 103211 69 103723 69 104234 70 104746 70 105258 70 105769 71 106281 71 106793 71 107304 72 107816 72 108328 72 108840 71 109351 72 109863 72 110375 71 110887 71 111398 72 111910 72 112422 71 112934 71 113445 73 113957 73 114469 72 114981 72 115493 72 116005 71 116517 71 117029 70 117541 70 118053 69 118565 68 119077 68 119588 68 120100 68 120612 67 121124 66 121636 65 122148 65 122660 64 123172 63 123684 63 124197 61 124709 60 125221 59 125733 59 126245 58 126758 56 127270 56 127782 55 128294 54 128806 54 129318 53 129831 52 130343 51 130855 50 131368 49 131880 48 132393 46 132906 45 133418 45 133930 44 134442 43 134955 42 135467 41 135979 40 136491 39 137004 37 137516 36 138029 34 138543 31 139056 29 139569 26 140083 22 140597 18 141113 12 141631 5
test_0084_2,0 0
test_0084_3,0 0
test_0085_1,0 0
test_0085_2,0 0
test_0085_3,78735 2 79247 2 79759 2 80270 3 80782 3 81294 3 81806 2 82317 3 82829 3 83341 3 83853 2 84364 3 84876 3 85388 3 85899 3 86411 3 86923 3 87434 3 87946 3 88457 4 88969 3 89481 3 89993 2 90504 3 91016 3 91528 3 92039 3 92551 3 93063 2 93569 1 93575 2 94080 2 94087 2 94592 2 94598 3 95104 2 95110 3 95616 2 95622 3 96128 2 96133 3 96640 2 96645 3 97151 2 97157 2 97663 2 97668 3 98175 1 98180 3 98687 1 98692 3 99199 1 99204 2 99711 1 99715 3 100222 3 100227 2 100734 3 100739 2 101246 7 101758 7 102270 6 102782 6 103294 6 103805 6 104317 6 104829 6 105341 6 105853 6 106365 5 106877 5 107389 4 107901 4 108413 4 108924 5 109436 5 109948 4 110460 4 110971 4 111483 4 111995 4 112507 3 113019 3 113531 3 114043 2 114554 3 115066 3 115578 3 116090 3 116602 3 117114 2 117625 3 118137 3 118649 3 119161 3 119673 2 120185 2 120696 3 121208 3 121720 3 122232 3 122743 3 123255 3 123767 3 124279 2 124791 2 125303 2 125814 3 126326 3 126838 3 127350 3 127862 2 128373 3 128885 3 129397 3 129909 2 130421 2 130932 3 131444 3 131956 3 132468 3 132980 2 133492 2 134004 2 134516 1 135028 1
test_0086_1,113465 14 113974 20 114483 27 114994 32 115504 38 116015 41 116525 46 117035 49 117546 52 118057 54 118568 56 119079 57 119590 60 120102 60 120613 62 121124 63 121636 63 122147 64 122659 64 123170 65 123682 65 124194 65 124705 65 125217 65 125729 65 126241 65 126753 65 127265 65 127777 64 128289 64 128801 63 129313 63 129826 62 130338 62 130850 62 131362 62 131875 61 132387 60 132900 58 133412 57 133924 55 134437 53 134949 52 135462 50 135974 49 136487 47 137000 44 137512 43 138024 41 138537 38 139049 36 139561 34 140074 30 140587 26 141100 22 141613 19 142128 12 142644 3
test_0086_2,0 0
test_0086_3,0 0
test_0087_1,0 0
test_0087_2,143624 3 144135 4 144647 5 145158 6 145670 6 146181 7 146693 6 147204 7 147716 7 148228 7 148740 7 149252 6 149764 6 150276 5 150789 4 151302 2
test_0087_3,0 0
test_0088_1,196336 7 196846 11 197356 14 197867 17 198377 21 198888 23 199399 27 199911 29 200423 30 200935 31 201446 34 201958 35 202469 37 202981 38 203492 40 204003 42 204514 44 205026 44 205537 46 206048 48 206560 49 207071 51 207583 52 208095 53 208607 55 209119 56 209631 59 210144 59 210656 60 211168 61 211681 60 212194 60 212706 61 213219 60 213731 61 214243 61 214755 62 215267 62 215780 62 216292 62 216804 62 217317 61 217830 60 218343 59 218856 58 219369 57 219883 55 220396 54 220908 54 221420 54 221933 6 221941 44 222445 5 222454 43 222957 5 222967 36 223007 1 223470 4 223480 34 223983 3 223992 34 224504 35 225015 36 225527 36 226041 34 226553 33 227067 29 227579 28 228091 27 228602 28 229112 30 229621 32 230131 33 230644 30 231156 30 231669 27 232184 21 232699 16
test_0088_2,0 0
test_0088_3,0 0
test_0089_1,0 0
test_0089_2,192656 3 193166 7 193677 8 194189 8 194701 9 195213 9 195725 9 196238 8 196750 8 197262 7 197774 7 198290 3
test_0089_3,0 0
test_0090_1,0 0
test_0090_2,0 0
test_0090_3,93945 2 94457 2 94969 3 95482 3 95994 3 96506 3 97019 3 97531 3 98044 3 98556 3 99068 4 99581 3 100093 3 100606 3 101118 3 101631 3 102143 3 102656 3 103168 3 103680 3 104193 3 104705 3 105218 3 105730 3 106242 4 106755 3 107267 3 107780 3 108292 3 108804 4 109317 3 109829 4 110342 3 110854 3 111367 3 111879 3 112391 4 112904 3 113416 3 113929 3 114441 3 114954 3 115466 3 115978 3 116491 3 117003 3 117515 4 118028 3 118540 3 119053 3 119565 3 120078 3 120590 3 121102 3 121615 3 122127 3 122640 3 123152 3 123664 4 124177 3 124689 4 125202 3 125714 3 126227 3 126739 3 127252 3 127764 3 128276 3 128789 3 129301 3 129814 3 130326 3 130838 4 131351 3 131863 3 132376 3 132888 3 133401 3 133913 3 134426 2 134938 3 135450 3 135963 3 136475 3 136988 3 137500 3 138012 3 138525 3 139037 3 139549 4 140062 3 140574 3 141086 3 141599 1 157344 20 157856 21 158368 20 158881 2 179117 3 179629 3 180140 3 180651 4 181162 4 181673 5 182185 4 182696 4 183208 3 183719 4 184230 4 184741 5 185252 5 185764 4 186275 4 186787 4 187298 4 187809 4 188320 4 188831 5 189342 5 189854 4 190365 4 190877 3 191388 4 191899 4 192411 3 192922 4 193433 4 193944 4 194456 4 194967 4 195478 4 195989 5 196501 4 197013 3 197524 4 198035 4 198547 4 199058 4 199383 3 199569 4 199893 6 200080 4 200404 6 200591 4 200914 7 201103 4 201424 7 201614 4 201934 8 202125 5 202444 7 202637 4 202954 7 203149 3 203466 5 203661 3 203977 5 204489 3
test_0091_1,0 0
test_0091_2,0 0
test_0091_3,40554 2 41065 3 41578 2 42090 2 42602 2 43114 3 43626 3 44139 2 44651 3 45163 3 45675 3 46187 3 46700 2 47212 3 47724 3 48236 3 48749 3 49261 3 49773 3 50285 3 50798 2 51310 3 51822 3 52334 3 52847 2 53359 3 53871 3 54383 3 54896 2 55408 2 55920 3 56432 3 56945 2 57457 2 57969 3 58481 3 58993 3 59506 2 60018 2 60530 3 61042 3 61555 2 62067 2 62579 3 63091 3 63604 2 63626 4 64116 2 64133 9 64628 3 64644 9 65140 3 65155 9 65653 2 65665 8 66165 3 66176 7 66653 1 66677 3 66686 8 67163 7 67189 3 67196 7 67675 13 67701 4 67707 7 68189 18 68212 12 68703 31 69219 25 69736 19 70263 4 70775 4 71288 3 71800 3 72312 3 72825 2 73337 3 73849 3 74361 3 74874 2 75386 3 75898 3 76411 2 76923 3 77435 3 77948 2 78460 2 78972 3 79484 3 79997 2 80509 3 81021 2 81534 1 93007 1 93519 2 94031 2 94543 2 95055 3 95567 3 96079 3 96592 3 97104 3 97616 3 98129 3 98641 3 99153 3 99665 3 100177 3 100690 3 101202 3 101714 3 102227 3 102739 3 103251 3 103763 3 104276 3 104788 3 105300 3 105812 3 106325 3 106837 3 107349 3 107861 3 108374 3 108886 3 109398 4 109910 4 110423 3 110935 3 111447 3 111959 4 112472 3 112984 3 113497 2 114009 3 114521 3 115033 2 197943 7 198455 15 198967 19 199487 20 200005 16 200523 15 201040 14 201556 14 202071 14 202588 12 203106 10 203622 11 204137 11 204653 10 205168 9 205683 9 206198 8 206713 7 207227 7 207742 6 208257 5 208771 6 209285 7 209800 5 210313 6 210827 6 211341 6 211855 6 212369 5 212883 5 213396 4 213911 1
test_0092_1,0 0
test_0092_2,0 0
test_0092_3,26592 2 27104 2 27617 2 28129 3 28642 3 29155 2 29667 3 30180 2 30692 3 31205 2 31717 3 32230 2 32742 2 33255 2 33767 2 34280 1 35817 1 102252 1 102764 2 103276 2 103788 3 104300 3 104813 2 105325 3 105837 3 106349 3 106862 2 107374 3 107886 3 108399 3 108729 1 108911 3 109240 4 109423 3 109753 4 109936 3 110266 5 110448 3 110779 6 110960 3 111293 6 111473 3 111807 6 111985 3 112321 6 112497 4 112835 5 113010 3 113349 6 113522 3 113863 6 114034 4 114377 6 114547 3 114891 6 115059 3 115405 6 115571 4 115918 6 116083 4 116432 7 116596 3 116946 7 117108 3 117460 8 117620 4 117974 8 118132 4 118488 9 118645 3 119002 10 119157 3 119516 10 119669 3 120030 13 120181 3 120546 16 120694 2 121060 18 121206 3 121577 24 121718 3 122095 20 122230 3 122612 15 122743 2 123255 3 123767 3 124279 3 124792 2 125304 3 125816 3 126329 2 126841 2 127353 3 127865 3 128378 2 128890 3 129402 3 129915 2 130427 2 130939 3 131451 3 131964 2 132476 3 132988 3 133500 3 134013 2 134303 2 134525 3 134814 3 135037 3 135326 3 135550 2 135837 4 136062 2 136349 3 136574 3 136861 3 137086 3 137372 3 137599 2 137884 3 138111 3 138395 3 138623 3 138907 3 139136 2 139419 2 139648 3 139930 3 140160 3 140441 4 140672 3 140953 3 141185 3 141465 3 141697 3 141976 4 142209 3 142487 4 142722 3 142999 4 143234 3 143511 3 143747 3 144022 4 144259 3 144533 5 144772 2 145045 4 145193 1 145284 3 145557 4 145705 2 145796 3 146068 4 146217 3 146309 3 146579 5 146729 3 146821 3 147091 4 147241 4 147334 3 147602 5 147754 3 147846 3 148113 5 148266 3 148359 3 148625 5 148779 3 148871 3 149136 5 149291 3 149383 4 149648 4 149804 3 149896 3 150159 5 150316 3 150408 4 150670 6 150829 3 150921 3 151182 5 151341 3 151433 4 151693 6 151854 3 151946 3 152204 6 152366 3 152459 3 152715 6 152878 4 152971 3 153227 6 153391 3 153484 3 153738 6 153903 4 153996 4 154250 5 154416 3 154509 3 154761 5 154928 4 155022 3 155272 5 155441 3 155534 4 155783 5 155953 3 156047 4 156295 4 156466 3 156560 4 156806 4 156978 3 157072 4 157318 3 157490 4 157585 4 157829 4 158003 3 158098 4 158340 4 158515 4 158611 4 158851 4 159028 3 159124 4 159362 5 159540 4 159637 4 159873 5 160053 3 160149 5 160384 5 160565 4 160662 5 160895 5 161078 3 161175 5 161407 5 161590 4 161688 5 161918 5 162102 4 162201 5 162429 5 162615 4 162714 5 162940 5 163127 4 163226 5 163451 6 163640 4 163739 5 163963 5 164153 3 164253 4 164474 5 164665 3 164766 4 164985 5 165178 3 165279 4 165496 4 165690 3 165792 4 166007 4 166203 3 166305 3 166518 4 166715 3 166818 2 167029 4 167228 3 167540 4 167740 4 168051 5 168253 3 168562 5 168766 3 169073 5 169278 3 169584 5 169791 3 170095 5 170303 3 170606 5 170816 3 171116 6 171328 3 171627 6 171841 3 172138 5 172353 3 172649 5 172865 3 173160 5 173378 3 173671 5 173890 3 174183 4 174403 3 174695 3 174915 3 175428 3 175940 3 176453 3 176965 3 177478 3 177990 3 178503 3 179016 2 179528 3 180041 3 180553 3 181066 3 181578 3 182091 3 182603 3 183116 3 183628 4 184141 3 184654 3 185166 4 185679 4 186192 3 186704 4 187217 3 187729 4 188242 3 188754 4 189267 4 189780 3 190292 4 190805 4 191318 4 191830 4 192343 4 192855 5 193368 5 193881 4 194394 4 194907 4 195420 3 195932 4 196445 3 196958 3 197471 1
test_0093_1,150845 3 151354 8 151864 10 152375 12 152886 13 153396 16 153905 19 154414 23 154924 26 155433 30 155943 33 156454 35 156965 36 157476 38 157987 39 158499 39 159010 41 159521 42 160033 43 160545 43 161056 44 161568 44 162080 45 162591 46 163103 46 163614 47 164126 47 164638 47 165149 48 165661 48 166173 48 166685 48 167197 48 167709 48 168220 49 168732 50 169244 50 169756 50 170268 49 170780 49 171292 49 171804 48 172316 48 172827 48 173339 48 173851 48 174363 48 174875 48 175387 48 175899 47 176411 47 176923 47 177435 46 177947 45 178459 45 178972 43 179485 42 179997 41 180509 41 181022 39 181534 38 182046 36 182559 33 183072 30 183584 29 184097 27 184609 26 185121 24 185633 23 186145 23 186657 22 187170 19 187683 16 188196 13 188709 11 189223 7
test_0093_2,0 0
test_0093_3,0 0
test_0094_1,178117 4 178627 7 179137 10 179648 12 180159 14 180670 16 181181 18 181693 19 182204 22 182716 23 183227 25 183739 25 184251 26 184763 26 185275 27 185787 27 186299 28 186811 29 187323 29 187835 30 188347 30 188859 31 189371 31 189883 32 190395 32 190907 33 191419 33 191931 33 192443 34 192955 34 193467 34 193979 35 194490 36 195002 36 195514 37 196026 37 196538 37 197050 37 197562 37 198074 36 198586 36 199098 36 199610 36 200123 35 200635 35 201148 34 201662 32 202174 32 202686 32 203199 31 203711 32 204223 32 204736 31 205248 31 205761 30 206273 30 206785 30 207298 29 207810 28 208323 27 208836 25 209350 23 209864 20 210377 19 210890 17 211403 15 211916 13 212429 11 212942 10 213455 7
test_0094_2,0 0
test_0094_3,0 0
test_0095_1,157542 5 158052 8 158562 12 159073 14 159584 15 160094 18 160605 19 161116 21 161628 22 162139 23 162650 25 163161 26 163672 27 164184 27 164695 28 165207 28 165719 27 166231 27 166743 27 167255 27 167767 27 168279 27 168792 25 169304 24 169816 24 170328 23 170841 21 171353 21 171866 19 172378 18 172890 18 173402 16 173915 13 174427 10 174942 5
test_0095_2,0 0
test_0095_3,0 0
test_0096_1,0 0
test_0096_2,200238 3 200749 4 201261 5 201773 5 202285 5 202797 5 203309 4 203821 3
test_0096_3,0 0
test_0097_1,94077 6 94586 10 95096 13 95607 15 96118 16 96629 17 97140 18 97652 19 98163 21 98675 21 99186 23 99697 24 100209 25 100720 26 101232 26 101744 26 102256 26 102768 26 103279 27 103791 27 104304 26 104816 26 105328 26 105840 26 106352 25 106864 24 107376 23 107888 22 108400 22 108912 21 109424 20 109936 18 110449 15 110963 11 111476 9 111989 8 112501 7 113012 9 113524 8 114034 11 114545 12 115056 14 115568 14 116079 15 116591 15 117103 15 117615 14 118127 14 118638 15 119150 15 119662 14 120174 14 120686 14 121198 13 121711 11 122223 11 122735 10 123247 10 123759 10 124270 11 124781 13 125291 15 125802 16 126312 19 126822 21 127333 22 127844 24 128355 25 128866 26 129378 26 129888 28 130400 29 130911 30 131422 32 131932 35 132443 37 132953 39 133465 39 133976 41 134487 42 134998 43 135510 43 136021 43 136532 44 137043 45 137554 46 138065 47 138576 48 139088 48 139599 49 140111 49 140622 49 141134 49 141645 50 142156 51 142668 50 143180 50 143691 51 144203 51 144715 51 145227 50 145738 50 146250 48 146762 48 147274 46 147786 46 148298 45 148811 41 149323 39 149835 39 150348 38 150860 38 151372 38 151884 38 152397 36 152909 35 153422 33 153934 32 154447 30 154959 29 155472 27 155984 26 156496 24 157008 22 157521 19 158033 18 158547 15 159062 9
test_0097_2,0 0
test_0097_3,0 0
test_0098_1,0 0
test_0098_2,154039 1 154549 5 155060 6 155572 7 156084 7 156596 6 157108 6 157622 4 158135 3 177917 2 178428 4 178939 5 179451 6 179962 8 180474 8 180986 9 181498 9 182011 8 182523 8 183036 6 183549 4 184062 3 185089 1 185600 2 186112 2 191625 2 192136 4 192647 5 193159 5 193671 5 194183 5 194695 5 195207 5 195719 5 196232 3 196745 1 202820 2 203332 3 203843 4 204355 5 204867 5 205379 5 205891 6 206403 6 206915 5 207427 5 207939 5 208452 3 208964 2 209476 1
test_0098_3,0 0
test_0099_1,0 0
test_0099_2,101233 1 101743 5 102254 7 102766 7 103277 8 103789 8 104300 9 104812 8 105324 8 105836 8 106349 6 106861 5 107374 3 152941 5 153452 7 153964 7 154475 7 154987 7 155499 6 156011 5 156524 3 157037 1
test_0099_3,0 0
test_0100_1,0 0
test_0100_2,81507 4 82018 6 82530 7 83042 7 83554 7 84067 6 84579 5 85092 2
test_0100_3,0 0
test_0101_1,113348 2 113849 4 113857 12 114356 27 114866 31 115376 34 115887 37 116398 39 116909 41 117420 43 117932 44 118443 46 118954 48 119465 50 119977 50 120488 52 121000 53 121511 55 122022 57 122534 57 123045 59 123556 61 124068 61 124579 63 125091 63 125158 4 125603 64 125669 5 126114 66 126181 5 126626 72 127137 72 127649 70 128160 70 128672 70 129184 71 129695 72 130207 72 130719 73 131230 74 131742 75 132254 75 132766 76 133278 76 133790 77 134302 77 134814 78 135326 78 135838 79 136350 80 136862 80 137374 81 137887 81 138399 81 138911 81 139423 82 139935 83 140447 84 140960 83 141472 84 141984 84 142496 85 143008 85 143520 86 144033 85 144545 85 145058 85 145570 85 146082 85 146595 84 147107 84 147620 83 148132 83 148645 81 149157 81 149669 81 150181 81 150694 80 151206 81 151718 81 152230 81 152743 80 153256 79 153768 79 154281 78 154793 78 155306 77 155818 77 156331 76 156843 76 157356 75 157868 75 158381 74 158894 72 159406 72 159919 71 160431 71 160943 71 161456 70 161968 70 162481 69 162993 68 163506 68 164018 68 164531 67 165043 67 165555 66 166068 65 166580 65 167092 65 167605 64 168117 64 168630 63 169142 63 169655 62 170167 62 170680 61 171192 61 171705 59 172218 58 172730 58 173243 57 173755 56 174268 55 174780 55 175293 54 175806 52 176319 51 176832 49 177345 48 177858 46 178370 46 178883 45 179396 43 179908 43 180421 42 180934 41 181447 39 181959 39 182472 37 182985 36 183497 35 184010 34 184524 31 185037 30 185550 28 186063 27 186576 25 187090 22 187606 16 188120 13 188634 10
test_0101_2,0 0
test_0101_3,0 0
test_0102_1,0 0
test_0102_2,0 0
test_0102_3,33916 6 34427 16 34939 26 34988 2 35453 31 35497 9 35971 29 36006 16 36488 50 37010 52 37530 54 38053 49 38582 38 39104 30 39623 23 40151 5 56645 2 57157 5 57670 5 58183 6 58697 5 59210 7 59724 6 60238 6 60752 5 61265 6 61779 5 62292 7 62805 7 63319 7 63832 7 64346 7 64860 6 65374 6 65887 7 66401 7 66915 6 67429 5 67942 6 68456 6 68970 5 69484 5 69997 6 70511 6 71025 6 71539 6 72052 6 72431 3 72566 6 72942 4 73080 6 73453 4 73593 7 73964 5 74107 7 74475 5 74622 6 74983 9 75136 6 75494 9 75650 6 76006 9 76164 6 76517 9 76678 7 77029 8 77192 7 77540 8 77706 7 78051 9 78220 7 78562 9 78734 8 79073 9 79248 8 79585 8 79763 8 80096 8 80277 9 80607 8 80792 10 81118 8 81307 10 81629 8 81822 10 82140 7 82338 8 82652 6 82852 7 83163 6 83367 4 83675 4 84186 4 84697 4 85209 2 118412 2 118924 2 119436 2 119947 3 120459 3 120971 2 121483 2 121994 3 122506 3 123018 3 123530 3 124042 2 124553 3 125065 3 125577 3 126089 3 126601 2 126729 1 127113 2 127241 2 127625 2 127753 2 128136 3 128265 2 128648 3 128777 3 129160 3 129289 3 129672 2 129801 3 130183 3 130314 2 130695 3 130826 3 131207 3 131338 3 131719 2 131851 2 132231 2 132363 3 132742 3 132875 3 133254 3 133387 3 133766 3 133899 3 134278 3 134412 2 134790 2 134924 3 135301 3 135436 3 135813 3 135948 3 136325 3 136461 2 136837 3 136973 3 137349 2 137485 3 137861 2 137998 2 138372 3 138510 2 138884 3 139022 3 139396 3 139534 3 139908 3 140047 2 140419 3 140559 2 140931 3 141071 3 141443 3 141583 3 141954 4 142095 3 142466 4 142607 3 142977 5 143120 2 143489 4 143632 2 144001 4 144144 3 144257 1 144513 4 144656 3 144767 3 145024 5 145169 2 145279 3 145536 5 145681 2 145790 3 146048 5 146193 3 146301 3 146560 5 146705 3 146812 3 147071 6 147217 3 147324 3 147583 6 147729 3 147835 3 148095 6 148242 2 148346 3 148607 5 148754 2 148857 4 149118 6 149266 3 149368 4 149630 6 149778 3 149879 4 150142 6 150291 2 150390 4 150653 7 150803 2 150901 5 151165 7 151315 3 151412 5 151677 2 151681 2 151827 3 151923 5 152189 2 152193 2 152340 2 152434 5 152700 3 152704 3 152852 2 152945 6 153212 7 153364 3 153456 6 153723 4 153728 3 153876 3 153967 7 154235 3 154240 2 154389 3 154479 5 154747 2 154752 2 154901 3 154989 7 155258 3 155264 2 155413 3 155500 7 155770 3 155776 2 155925 3 156012 6 156282 3 156288 2 156437 3 156523 6 156794 2 156800 2 156950 2 157034 6 157305 3 157312 2 157462 3 157545 6 157817 3 157824 2 157974 3 158056 6 158329 3 158336 2 158486 3 158568 5 158841 2 158848 1 158999 3 159079 6 159352 3 159511 3 159590 6 159864 3 160023 3 160101 6 160376 3 160535 3 160612 6 160887 3 161047 3 161123 7 161399 3 161560 3 161634 8 161911 3 162072 3 162145 8 162422 3 162584 3 162656 8 162934 3 163097 2 163167 8 163446 3 163609 3 163678 8 163957 3 164121 3 164189 9 164469 3 164633 3 164700 9 164981 3 165146 2 165211 10 165492 3 165658 2 165721 11 166004 3 166170 3 166232 11 166516 3 166682 3 166743 5 166750 4 167027 3 167194 3 167254 4 167262 4 167539 3 167706 3 167764 5 167774 3 168051 3 168218 3 168275 5 168285 4 168563 2 168731 3 168786 5 168797 3 169074 3 169243 3 169297 5 169308 4 169586 3 169755 3 169808 5 169820 3 170098 3 170267 3 170319 5 170331 3 170609 3 170779 3 170830 5 170842 4 171121 3 171292 2 171341 5 171353 4 171633 3 171804 3 171852 5 171864 4 172145 2 172316 3 172363 5 172376 4 172657 2 172828 3 172874 4 172887 4 173168 3 173341 3 173385 5 173398 4 173680 3 173853 3 173896 4 173910 4 174192 3 174365 3 174407 5 174421 4 174704 2 174877 3 174918 5 174933 3 175216 1 175390 2 175429 5 175445 3 175902 2 175940 4 175957 2 176414 3 176451 5 176926 3 176962 5 177438 3 177473 5 177951 3 177985 4 178463 3 178496 4 178975 3 179007 4 179487 3 179518 4 180000 2 180030 4 180512 3 180541 4 181024 3 181052 4 181537 2 181562 5 182049 3 182073 5 182561 3 182585 4 183073 3 183096 4 183586 2 183608 4 184098 2 184121 1 184610 3 185122 3 185635 2 186147 3 186659 3 187171 3 187684 2 188196 2 188708 3 189220 3 189732 3 190245 2 190757 2 191269 3 191781 3 192293 3 192806 2 193318 2 193830 2 194342 2 194854 2 195366 3 195878 3 196391 2 196903 2 197415 3 197927 3 198439 3 198951 3 199463 3 199976 2 200488 3 201000 3 201512 3 202024 3 202537 3 203049 3 203561 3 204073 3 204586 2 205098 2 205610 3 206122 3 206634 3 207147 2 207659 3 208171 3 208683 3 209196 2 209708 2 210221 1
test_0103_1,0 0
test_0103_2,194088 2 194599 4 195110 6 195622 6 196133 7 196645 7 197157 7 197669 6 198182 4 198694 3
test_0103_3,0 0
test_0104_1,47865 5 48376 7 48887 10 49398 11 49910 13 50421 15 50933 16 51438 23 51946 27 52457 28 52968 28 53479 29 53815 5 53991 1 53994 26 54096 6 54325 9 54502 3 54508 29 54607 10 54836 11 55013 4 55020 33 55117 14 55347 13 55524 6 55532 37 55627 17 55858 14 56035 7 56045 37 56138 19 56370 15 56546 9 56557 39 56649 21 56881 16 57057 52 57159 25 57392 17 57566 56 57670 28 57904 18 58077 58 58181 32 58415 19 58588 60 58691 35 58927 19 59097 64 59202 41 59438 20 59606 68 59695 3 59713 44 59950 20 60117 70 60206 6 60214 6 60223 48 60462 20 60628 72 60717 14 60734 52 60974 21 61139 74 61222 4 61229 14 61245 57 61486 21 61651 75 61730 8 61741 75 61998 21 62162 78 62241 9 62253 76 62510 22 62674 88 62765 77 63022 22 63184 90 63277 78 63534 23 63696 90 63789 78 64046 23 64210 88 64301 79 64558 23 64724 86 64812 80 65070 24 65237 86 65324 80 65582 24 65749 86 65836 80 66095 23 66262 166 66607 24 66776 84 66862 78 67120 23 67290 82 67374 78 67632 23 67803 161 68146 22 68316 160 68659 21 68830 159 69171 21 69344 158 69683 21 69856 159 70196 20 70367 160 70708 20 70874 166 71221 18 71386 166 71733 17 71898 167 72245 16 72411 167 72757 15 72924 167 73270 14 73438 166 73782 13 73951 165 74295 11 74463 165 74808 8 74975 166 75322 3 75486 167 75995 170 76505 172 77017 173 77527 175 78039 175 78550 176 79061 177 79572 177 80083 178 80594 178 81105 178 81617 178 82129 176 82641 140 82793 22 83153 137 83307 19 83666 136 83819 18 84178 135 84332 17 84691 133 84845 15 85203 132 85361 8 85715 132 86228 130 86740 124 86865 3 87252 123 87764 122 88277 119 88789 118 89301 118 89814 115 90326 114 90839 112 91351 112 91863 112 92376 111 92888 111 93400 110 93912 109 94424 109 94936 109 95449 108 95961 107 96473 107 96985 106 97498 105 98010 104 98522 104 99034 103 99546 103 100058 103 100571 101 101083 100 101595 99 102107 98 102619 98 103131 97 103644 95 104157 94 104670 92 105182 91 105695 90 106207 89 106718 87 107230 86 107742 85 108255 84 108767 83 109279 81 109791 77 110303 76 110815 71 111327 70 111839 69 112352 67 112864 67 113376 67 113888 66 114400 66 114912 66 115424 67 115936 66 116448 66 116960 66 117472 66 117984 66 118496 65 119009 64 119521 64 120033 63 120545 63 121057 62 121570 61 122082 60 122594 60 123106 60 123618 59 124130 59 124642 59 125154 58 125666 58 126178 58 126691 56 127203 55 127715 55 128227 54 128738 54 129250 28 129282 22 129762 28 129794 21 130274 27 130306 21 130786 28 130818 21 131298 28 131330 21 131810 29 131842 20 132322 29 132354 19 132834 31 132866 18 133347 48 133859 48 134371 48 134883 48 135396 47 135908 47 136420 3 136426 41 136941 38 137454 37 137967 35 138479 35 138990 36 139502 37 140014 37 140525 37 140948 5 141037 37 141454 11 141549 37 141960 17 142062 35 142470 19 142575 33 142980 21 143088 32 143492 21 143601 30 144004 22 144114 29 144516 23 144626 28 145029 4 145037 14 145138 27 145550 12 145650 26 146064 10 146162 25 146576 12 146675 23 147088 12 147187 23 147600 14 147700 22 148111 15 148213 21 148605 6 148623 15 148726 20 149115 9 149136 14 149238 20 149625 12 149647 14 149750 21 150135 15 150160 12 150262 22 150645 17 150672 12 150774 22 151155 20 151184 11 151286 22 151665 22 151697 10 151798 23 152176 23 152210 9 152311 22 152686 25 152722 9 152823 22 153196 27 153235 8 153336 21 153707 28 153747 7 153848 22 154217 31 154259 7 154359 23 154727 37 154765 1 154770 8 154871 23 155238 40 155282 8 155384 22 155749 42 155794 8 155896 22 156260 43 156305 10 156408 23 156771 45 156817 10 156920 23 157282 56 157432 23 157793 57 157945 22 158305 57 158457 22 158817 51 158869 5 158970 21 159329 51 159382 3 159482 21 159841 50 159994 20 160353 54 160506 20 160866 54 161019 18 161378 54 161531 17 161890 53 162044 16 162403 52 162557 14 162916 50 163070 12 163428 49 163584 8 163941 47 164097 5 164454 46 164966 46 165478 46 165991 44 166503 44 167016 42 167528 42 168041 41 168553 41 169065 41 169577 41 170090 39 170601 40 171114 39 171626 39 172138 39 172650 38 173162 38 173674 37 174186 37 174699 36 175212 35 175724 35 176236 35 176748 35 177260 35 177771 36 178282 36 178795 35 179308 34 179820 35 180332 35 180845 34 181357 34 181870 32 182383 31 182895 31 183408 30 183921 29 184433 29 184946 28 185459 26 185971 26 186484 25 186997 23 187511 21 188024 19 188537 18 189049 18 189562 17 190074 16 190586 15 191099 13 191612 11 192127 6
test_0104_2,0 0
test_0104_3,0 0
test_0105_1,0 0
test_0105_2,80431 3 80942 5 81453 7 81965 7 82476 8 82988 9 83500 9 84012 9 84524 9 85037 8 85550 7 86063 6 86577 4 180274 3 180785 5 181297 5 181808 6 182320 6 182832 6 183344 6 183856 6 184369 4 184882 2 220236 4 220746 8 221257 9 221769 10 222281 10 222792 10 223304 10 223816 9 224328 9 224840 8 225352 8 225864 7 226377 5
test_0105_3,0 0
test_0106_1,108162 4 108674 5 109185 7 109697 13 110209 13 110721 13 111233 13 111745 13 112257 13 112769 13 113281 14 113793 14 113843 5 114305 14 114352 11 114817 13 114864 13 115329 13 115352 3 115375 15 115841 12 115863 5 115886 17 116353 12 116375 6 116397 19 116865 12 116887 10 116909 20 117377 12 117399 12 117420 21 117889 12 117911 12 117928 3 117932 22 118401 13 118422 15 118438 29 118913 14 118930 23 118956 24 119425 40 119468 24 119937 40 119980 25 120449 41 120491 26 120961 69 121473 21 121496 46 121985 21 122009 45 122497 21 122521 45 123009 22 123032 47 123521 6 123530 61 124034 4 124042 61 124554 61 125066 62 125578 62 126090 62 126601 63 127113 63 127625 18 127647 42 128137 18 128159 42 128649 18 128672 41 129161 18 129184 41 129673 18 129696 41 130185 18 130208 41 130697 18 130719 42 131209 18 131231 42 131722 17 131743 43 132235 16 132256 42 132747 16 132768 42 133259 16 133280 42 133772 15 133792 42 134284 14 134304 42 134796 14 134816 43 135308 14 135329 42 135821 12 135841 42 136334 11 136353 42 136847 9 136865 42 137360 7 137377 42 137889 6 137897 34 138402 5 138410 33 138914 4 138922 33 139427 2 139434 33 139946 33 140458 33 140970 33 141482 33 141994 33 142506 34 143018 34 143530 34 144042 34 144554 34 145066 34 145578 34 146090 35 146602 34 147114 34 147627 33 148139 33 148651 33 149162 35 149674 35 150186 35 150698 35 151210 35 151722 35 152234 35 152746 35 153258 35 153770 35 154282 35 154794 35 155306 35 155818 35 156330 35 156842 35 157354 35 157866 36 158378 36 158890 36 159403 35 159915 35 160427 35 160939 35 161452 34 161964 34 162476 34 162988 34 163500 33 164012 33 164524 33 165036 33 165548 33 166060 33 166572 32 167084 32 167596 32 168108 32 168620 31 169133 30 169645 30 170157 30 170669 30 171181 30 171694 29 172205 30 172718 29 173230 29 173742 29 174254 28 174767 27 175279 27 175791 27 176304 26 176816 26 177328 26 177841 24 178354 23 178866 23 179378 22 179890 22 180402 21 180915 19 181427 19 181940 17 182453 15 182965 14 183479 10 183992 7
test_0106_2,0 0
test_0106_3,0 0
test_0107_1,84207 4 84716 9 85227 11 85738 13 86249 15 86761 15 87272 16 87784 17 88295 18 88807 18 89319 19 89830 20 90342 21 90853 22 91365 22 91877 22 92388 23 92900 24 93411 25 93923 25 94434 26 94946 26 95458 26 95969 27 96481 27 96993 27 97505 27 98016 28 98528 28 99040 29 99552 29 100064 29 100576 29 101088 29 101600 29 102112 29 102624 29 103136 29 103648 29 104160 29 104672 29 105184 29 105696 29 106208 29 106719 30 107231 30 107743 30 108255 30 108767 30 109278 31 109790 31 110302 31 110814 31 111326 31 111838 31 112350 31 112862 32 113374 32 113886 32 114398 32 114910 32 115422 32 115934 32 116446 33 116958 33 117470 33 117982 33 118494 33 119006 33 119518 33 120030 33 120542 34 121054 34 121566 34 122078 34 122590 34 123102 34 123614 35 124126 35 124638 35 125150 35 125662 35 126174 36 126686 36 127198 36 127710 36 128222 36 128734 36 129246 37 129758 37 130270 37 130782 37 131294 38 131806 38 132317 39 132829 40 133341 40 133853 40 134365 40 134877 40 135389 41 135900 42 136412 42 136924 42 137436 43 137947 44 138459 44 138971 45 139482 46 139994 46 140506 47 141018 47 141529 49 142041 49 142553 50 143065 50 143577 51 144089 51 144601 52 145113 52 145625 53 146137 53 146649 54 147161 55 147673 56 148185 57 148697 57 149209 58 149721 59 150233 60 150745 61 151258 61 151770 62 152283 62 152795 63 153308 64 153820 66 154333 68 154846 70 155358 73 155871 74 156385 75 156899 75 157413 76 157926 77 158446 71 158964 67 159481 63 160000 56 160521 48 161035 47 161549 45 162063 43 162577 42 163091 40 163605 38 164118 37 164631 35 165145 33 165658 32 166172 30 166685 29 167199 27 167712 26 168226 24 168740 22 169253 21 169767 18 170280 16 170795 11
test_0107_2,0 0
test_0107_3,0 0
test_0108_1,92450 1 92960 5 93471 7 93982 9 94493 11 95004 13 95515 14 96026 15 96537 17 97049 17 97561 17 98072 19 98584 19 99095 20 99607 20 100118 21 100630 21 101141 22 101653 22 102164 23 102676 23 103188 23 103699 25 104211 25 104722 26 105234 26 105745 27 106257 27 106746 1 106768 28 107256 7 107279 29 107766 11 107790 30 108278 16 108301 31 108789 19 108812 32 109301 55 109812 56 110324 56 110836 56 111347 57 111859 57 112371 57 112882 58 113394 58 113905 59 114417 58 114929 58 115440 59 115952 58 116464 58 116975 59 117487 59 117998 59 118510 59 119022 58 119534 58 120046 57 120557 57 121069 55 121581 53 122092 52 122604 50 123116 48 123628 46 124139 45 124651 44 125163 43 125675 41 126187 40 126699 40 127210 40 127722 39 128234 39 128746 38 129258 37 129770 36 130282 36 130794 35 131305 35 131817 34 132329 33 132841 33 133353 32 133865 31 134377 31 134889 30 135401 30 135913 29 136425 29 136937 28 137449 28 137961 27 138474 26 138987 25 139499 24 140012 23 140524 23 141037 21 141550 20 142062 19 142574 19 143087 18 143599 17 144111 17 144623 16 145136 15 145649 13 146162 12 146676 9 147189 7 147702 5 199460 4 199971 6 200482 8 200993 10 201504 11 202016 12 202527 14 203039 15 203551 15 204062 17 204574 17 205086 17 205597 19 206109 19 206620 20 207132 21 207644 21 208156 21 208668 21 209180 21 209692 21 210204 22 210715 23 211227 23 211739 23 212251 23 212763 23 213275 23 213787 23 214299 23 214811 23 215323 23 215835 23 216347 23 216859 23 217371 22 217884 21 218396 21 218909 20 219421 20 219934 19 220446 19 220958 19 221470 19 221983 18 222496 17 223008 16 223521 15 224033 15 224546 14 225058 14 225571 12 226083 12 226595 12 227107 11 227619 10 228131 9 228643 9 229155 7 229667 6 230180 3
test_0108_2,0 0
test_0108_3,0 0
test_0109_1,138061 5 138571 8 139082 10 139593 12 140104 14 140615 15 141126 17 141638 18 142149 19 142661 20 143172 21 143684 22 144195 23 144707 24 145218 25 145730 26 146241 27 146753 27 147264 28 147776 29 148287 30 148799 30 149311 30 149823 30 150335 30 150846 31 151358 31 151869 32 152381 32 152893 32 153405 32 153917 31 154429 31 154941 31 155452 32 155964 32 156476 32 156988 32 157500 32 158012 32 158524 32 159036 32 159548 32 160061 31 160573 31 161085 31 161597 31 162109 31 162621 30 163133 30 163645 30 164157 30 164669 30 165181 30 165693 30 166205 31 166717 31 167228 32 167740 32 168252 32 168764 31 169276 31 169788 31 170301 30 170813 29 171326 28 171840 25 172352 25 172865 23 173377 23 173889 22 174402 20 174914 20 175427 18 175940 16 176453 14 176966 7 208286 4 208796 7 209306 10 209817 13 210328 15 210839 17 211351 19 211862 21 212374 21 212886 22 213398 22 213909 24 214421 24 214932 25 215444 25 215956 26 216467 27 216979 27 217491 28 218003 28 218515 28 219027 28 219539 28 220051 28 220563 28 221074 29 221587 27 222099 27 222611 27 223123 27 223635 27 224147 27 224659 27 225172 26 225684 26 226196 26 226708 26 227221 25 227733 25 228245 25 228756 26 229268 26 229780 26 230293 25 230805 24 231317 24 231830 22 232342 22 232854 21 233366 21 233878 20 234391 19 234903 18 235418 15 235931 13 236444 11 236956 10 237469 6 237982 2
test_0109_2,0 0
test_0109_3,0 0
test_0110_1,0 0
test_0110_2,0 0
test_0110_3,59255 2 59768 2 60280 3 60792 3 61305 3 61818 3 62330 3 62843 3 63355 4 63868 3 64266 1 64381 3 64777 2 64893 4 65288 3 65406 3 65799 4 65919 3 66310 4 66431 3 66821 4 66944 3 67331 5 67456 4 67842 5 67969 3 68353 5 68482 3 68865 4 68994 3 69376 4 69507 3 69887 5 70019 3 70398 5 70532 3 70910 4 71044 4 71421 4 71557 3 71932 4 72070 3 72444 4 72582 4 72955 4 73095 3 73466 4 73607 4 73977 5 74120 3 74489 4 74632 4 75000 4 75145 3 75511 4 75657 3 76023 4 76170 3 76534 4 76682 3 77045 4 77194 4 77556 4 77707 3 78067 4 78220 3 78578 5 78733 3 79089 5 79245 3 79601 4 79758 3 80112 4 80270 3 80623 4 80783 3 81134 4 81295 3 81646 3 81807 3 82157 4 82320 3 82668 4 82832 3 83179 4 83345 3 83690 4 83857 4 84201 5 84370 3 84712 5 84882 4 85223 5 85395 3 85735 4 85908 3 86246 4 86420 3 86757 4 86932 4 87268 4 87445 3 87779 4 87957 3 88290 4 88470 3 88800 5 88982 3 89311 5 89494 4 89823 4 90007 4 90333 5 90520 3 90844 5 91032 4 91355 5 91545 3 91866 5 92058 3 92377 5 92570 3 92888 5 93083 3 93399 5 93595 3 93910 5 94108 3 94421 5 94620 3 94932 4 95133 3 95443 5 95645 4 95954 4 96158 3 96465 5 96671 2 96976 4 97183 3 97487 4 97695 3 97997 5 98208 3 98508 5 98720 3 99018 6 99233 3 99529 5 99745 3 100040 5 100258 3 100551 5 100770 3 101062 5 101283 3 101573 5 101795 3 102084 5 102308 3 102595 4 102820 4 103106 4 103333 3 103617 4 103845 3 104128 4 104358 3 104639 4 104870 3 105150 4 105383 3 105661 4 105895 3 106172 4 106408 2 106683 5 106920 3 107194 5 107432 3 107705 5 107945 3 108216 4 108458 3 108727 4 108970 3 109238 4 109482 4 109749 5 109995 3 110261 4 110507 3 110773 3 111020 3 111285 2 111532 3 112045 3 112557 3 113070 3 113582 3 114094 4 114607 3 115120 3 115632 3 116145 3 116657 3 117170 3 117682 3 118195 3 118707 3 119220 3 119732 3 120244 4 120757 3 121269 3 121782 3 122294 3 122806 4 123319 3 123832 3 124344 3 124856 4 125369 3 125881 3 126394 3 126906 3 127419 3 127931 3 128444 3 128956 3 129469 2 129981 3 130493 3 131006 3 131518 3 132030 3 132543 2 156248 3 156761 3 157273 4 157786 4 158299 4 158812 3 159324 5 159837 4 160350 4 160862 5 161375 6 161888 6 162402 5 162915 5 163428 5 163941 5 164454 5 164967 5 165480 5 165993 5 166506 5 167019 5 167532 5 168046 4 168559 4 169072 5 169585 5 170098 5 170611 5 171125 3 184168 3 184680 4 185193 5 185705 6 186219 6 186733 5 187246 5 187759 5 188273 5 188786 5 189299 6 189813 5 190326 6 190840 5 191353 6 191867 5 192380 6 192893 7 193407 6 193920 7 194433 9 194948 7 195462 7 195975 7 196489 9 196568 5 197003 8 197078 8 197516 9 197586 12 198030 9 198091 17 198545 18 198589 27 199059 19 199098 28 199573 62 200089 52 200605 43 201121 15 201640 3
test_0111_1,0 0
test_0111_2,90208 2 90719 4 91231 5 91742 6 92254 6 92766 6 93278 5 93791 3 94304 1 123869 1 124379 5 124891 6 125402 7 125914 7 126426 7 126938 7 127450 6 127963 5 128475 4 185744 2 186255 4 186767 5 187278 7 187790 7 188302 7 188814 7 189326 7 189838 6 190350 5 190863 3
test_0111_3,0 0
test_0112_1,0 0
test_0112_2,107378 4 107890 4 108401 6 108913 6 109425 6 109937 6 110449 5 110456 3 110962 3 110968 4 111479 5 111991 5 112503 5 113015 4 113527 4 114039 3 194130 2 194449 3 194641 4 194960 4 195153 5 195472 5 195664 6 195983 6 196176 7 196495 6 196688 7 197007 6 197200 7 197519 6 197711 8 198031 6 198223 8 198543 5 198735 7 199056 4 199247 7 199759 7 200272 5 200285 2 200784 5 200796 4 201297 4 201307 6 201809 3 201819 6 202330 7 202842 7 203354 7 203866 7 204379 5 204891 5 205404 3
test_0112_3,0 0
test_0113_1,0 0
test_0113_2,157109 4 157620 6 158132 6 158644 7 159156 6 159668 6 160181 5 160694 4 161206 3 161719 2 162231 2 162743 1 191112 3 191623 4 192134 5 192646 5 193158 6 193670 6 194182 6 194694 5 195206 5 195719 3 201795 2 202306 4 202818 4 203330 5 203842 5 204354 5 204866 6 205378 6 205890 5 206403 4 206915 4 207427 3
test_0113_3,0 0
test_0114_1,0 0
test_0114_2,0 0
test_0114_3,56755 2 57267 3 57765 2 57771 3 57779 4 58273 14 58291 5 58783 25 59293 28 59804 29 60314 7 60330 16 60823 9 60843 16 61333 11 61364 8 61843 12 61877 7 62354 9 62389 8 62865 6 62902 7 63375 7 63418 4 63885 7 63931 2 64396 7 64906 8 65416 8 65927 7 66438 7 66949 7 67460 7 67972 6 68483 6 68994 6 69505 6 70016 6 70527 5 71037 6 71548 6 72059 6 72570 6 73081 6 73591 7 74102 6 74613 6 75123 7 75634 7 76144 8 76654 8 77165 8 77675 8 78186 7 78698 5 79211 1 114812 2 115324 3 115836 3 116349 3 116861 3 117374 3 117886 3 118398 4 118911 3 119424 3 119936 3 120449 3 120961 4 121474 3 121986 4 122499 3 123011 4 123524 4 124037 4 124550 4 125062 4 125575 4 126088 4 126601 4 127114 4 127627 4 128139 5 128652 6 129165 5 129678 6 130191 6 130704 6 131217 6 131730 6 132243 6 132757 6 133270 6 133783 6 134296 6 134810 6 135323 6 135836 7 136349 7 136863 8 137377 8 137891 9 138405 9 138918 17 138937 8 139433 24 139948 20 140462 14 147218 1 147729 3 148241 3 148754 3 149266 3 149778 4 150290 4 150802 5 151315 5 151827 6 152339 7 152852 6 153364 7 153876 8 154388 8 154900 9 155413 9 155925 3 155930 4 156437 3 156443 4 156949 3 156955 5 157462 2 157468 5 157974 3 157981 4 158486 3 158493 5 158998 3 159006 4 159511 3 159518 5 160023 3 160031 5 160536 2 160544 5 161048 3 161056 5 161560 3 161569 5 162072 4 162082 4 162585 3 162595 4 163097 3 163108 4 163609 4 163620 6 164122 3 164132 13 164634 3 164645 18 165146 3 165158 20 165658 4 165683 9 166171 3 166197 8 166683 3 166712 6 167196 3 167226 5 167708 3 167739 5 168220 3 168252 4 168733 3 168765 4 169245 3 169278 4 169758 3 169790 4 170270 3 170303 4 170782 4 170816 3 171295 3 171328 4 171807 3 171841 3 172320 3 172353 4 172832 4 172866 3 173345 3 173378 4 173858 3 173891 3 174371 3 174403 4 174883 5 174916 3 175396 5 175429 2 175909 5 176422 5 176936 4 177449 3 177962 3 178474 3 178987 3 179500 3 180012 3 180525 3 181037 3 181550 3 182062 3 182575 3 183087 4 183600 3 184113 3 184625 4 185138 3 185650 4 186163 3 186675 4 187188 4 187700 4 188213 4 188726 4 189238 4 189751 4 190264 4 190776 5 191289 5 191802 5 192315 5 192827 5 193340 5 193853 5 194366 5 194878 6 195391 5 195903 6 196416 5 196929 4 197442 4 197954 4 198467 3 198979 4 199492 3 200004 4 200517 4 201029 4 201542 4 202054 4 202567 3 203079 4 203592 3 204104 4 204617 3 205129 3 205641 3 206153 3 206665 3 207177 3 207689 4 208202 3 208714 3
test_0115_1,0 0
test_0115_2,0 0
test_0115_3,28790 2 29302 4 29814 6 30326 8 30841 7 31355 8 31869 8 32384 8 32898 7 33412 7 33925 8 34440 6 34954 6 35468 6 35981 7 36495 7 37009 6 37522 7 38036 6 38549 6 39063 6 39576 7 40089 8 40602 9 41116 8 41629 9 42143 8 42657 8 43171 7 43684 9 44197 11 44713 9 45227 10 45742 11 46255 13 46770 12 47285 13 47802 8 48317 6 48832 2 102177 13 102686 16 103191 22 103689 33 104186 46 104663 2 104687 1 104692 38 105163 66 105234 3 105673 52 106185 45 106704 28 107222 2 107226 3 107230 5 145273 1 145785 1 146296 3 146808 3 147320 3 147832 2 148344 2 148855 3 149367 3 149879 3 150391 3 150902 4 151414 3 151926 3 152438 3 152950 3 153264 1 153462 3 153776 2 153974 3 154288 2 154486 3 154800 2 154997 4 155312 3 155509 3 155824 3 156021 3 156337 3 156533 3 156849 3 157045 3 157268 1 157361 3 157557 3 157779 2 157873 3 158068 4 158291 2 158385 3 158580 3 158803 2 158898 2 159092 3 159314 3 159410 2 159604 3 159826 3 159922 3 160116 3 160338 3 160434 3 160628 3 160850 3 160946 3 161139 4 161361 3 161458 3 161651 4 161873 3 161971 3 162163 3 162385 3 162483 3 162675 3 162897 3 162995 3 163187 3 163409 3 163507 3 163698 4 163920 3 164019 3 164210 4 164432 3 164531 3 164722 3 164944 3 165043 3 165234 3 165456 3 165556 2 165746 3 165968 3 166068 2 166258 3 166480 3 166580 3 166770 3 166992 3 167092 3 167282 3 167504 3 167605 2 167794 3 168016 2 168117 3 168305 4 168528 2 168629 3 168817 3 169039 3 169141 3 169329 3 169551 3 169654 2 169841 3 170063 3 170166 3 170353 3 170575 3 170678 3 170865 2 171087 3 171190 3 171377 2 171599 2 171702 3 171889 2 172110 3 172214 4 172400 3 172622 3 172727 3 172912 3 173134 3 173239 3 173424 3 173646 3 173751 3 173936 3 174158 3 174263 3 174448 3 174670 2 174776 3 174960 3 175182 2 175288 3 175472 3 175693 3 175800 3 175984 3 176205 3 176312 4 176496 3 176717 3 176825 3 177008 3 177229 3 177337 3 177520 3 177741 3 177849 3 178032 3 178253 3 178361 3 178544 3 178765 2 178874 3 179056 3 179277 2 179386 3 179568 3 179788 3 179898 3 180080 3 180300 3 180411 3 180592 3 180812 3 180923 3 181104 3 181324 3 181435 3 181616 3 181836 3 181947 3 182128 3 182348 3 182459 3 182640 3 182860 3 182971 3 183152 3 183372 3 183483 3 183664 3 183883 3 183995 3 184176 3 184395 3 184507 3 184688 3 184907 3 185020 3 185200 3 185419 3 185532 3 185712 3 185931 3 186044 3 186224 3 186442 4 186556 3 186736 3 186954 4 187069 3 187248 3 187466 4 187581 3 187760 2 187978 4 188093 3 188272 2 188490 4 188605 3 188617 4 188626 1 188784 2 189003 3 189117 3 189127 7 189137 3 189295 3 189515 3 189629 4 189637 15 189807 3 190027 3 190142 3 190148 6 190155 9 190319 3 190539 3 190654 4 190660 5 190667 7 190831 3 191051 3 191166 10 191180 2 191343 3 191563 3 191678 7 191855 3 192075 3 192190 6 192367 3 192587 3 192703 4 192879 3 193099 3 193215 4 193391 3 193611 3 193727 4 193903 3 194123 3 194234 1 194240 3 194415 3 194635 3 194752 4 194927 3 195147 3 195264 4 195439 3 195659 3 195777 3 195951 3 196171 3 196289 3 196463 3 196683 3 196801 3 196975 3 197195 3 197313 3 197487 3 197707 3 197825 3 197999 3 198218 4 198338 3 198511 3 198730 4 198850 3 199023 3 199243 3 199362 3 199535 3 199755 3 199874 4 200047 3 200267 3 200387 3 200559 3 200779 3 200899 3 201071 3 201291 3 201411 3 201583 3 201803 3 201923 4 202095 2 202315 3 202436 3 202607 2 202827 3 202948 3 203118 3 203339 3 203460 4 203630 3 203851 3 203973 3 204142 3 204363 2 204485 3 204654 3 204875 2 204997 3 205166 3 205510 2 205678 3 206022 3 206190 3 206534 3 206702 3 207046 3 207214 3 207559 3 207726 3 208071 3 208238 3 208583 3 208750 3 209095 3 209262 3 209608 3 209774 3 210120 3 210286 3 210633 2 210798 2 211145 2 211310 2 211657 3 211823 1 212170 2 212682 2 213194 2 213706 2 214218 2 214731 1
test_0116_1,0 0
test_0116_2,0 0
test_0116_3,59098 2 59610 2 60122 2 60634 2 61146 2 61658 3 62170 3 62683 2 63195 2 63707 3 64219 3 64731 3 65244 3 65756 3 66268 3 66781 3 67293 3 67805 3 68317 3 68829 3 69342 3 69854 3 70366 3 70878 3 71391 3 71903 3 72415 3 72927 3 73440 3 73952 3 74464 3 74976 3 75488 4 75664 1 76001 3 76175 2 76513 3 76687 2 77025 3 77198 3 77537 3 77710 3 78050 2 78222 3 78562 3 78734 2 79074 3 79245 3 79586 3 79757 3 80099 3 80269 3 80611 3 80780 3 81123 3 81292 3 81635 3 81804 3 82147 3 82316 3 82660 2 82827 3 83172 3 83339 3 83684 3 83851 3 84196 3 84362 3 84708 3 84874 3 85220 3 85385 4 85733 3 85897 3 86245 3 86409 3 86757 3 86921 3 87269 3 87432 3 87781 3 87944 3 88294 3 88456 3 88806 3 88967 3 89318 3 89479 3 89830 4 89991 3 90343 3 90503 2 90855 3 91009 1 91015 2 91367 3 91520 2 91526 3 91879 3 92032 2 92038 3 92392 3 92544 2 92550 2 92904 3 93055 3 93061 3 93416 3 93567 3 93573 3 93928 3 94079 2 94085 2 94441 3 94591 2 94597 2 94953 3 95103 1 95108 3 95465 3 95615 1 95620 3 95977 3 96127 1 96132 2 96490 2 96638 2 96643 3 97002 3 97150 3 97155 3 97514 3 97662 3 97667 2 98026 3 98174 7 98539 2 98686 7 99051 3 99198 7 99563 3 99710 6 100076 2 100222 6 100588 2 100733 7 101100 3 101245 6 101612 3 101757 6 102124 3 102269 6 102637 2 102781 6 103149 3 103293 5 103661 3 103805 5 104173 3 104316 5 104686 2 104828 5 105198 2 105340 5 105710 2 105852 5 106222 3 106364 5 106734 3 106876 4 107247 2 107388 4 107759 2 107900 4 108271 3 108411 4 108783 3 108923 4 109296 2 109435 3 109808 2 109947 3 110320 2 110459 3 110832 2 110971 2 111345 1 111482 3 111994 3 112506 3 113018 3 113530 3 114042 2 114553 3 115065 3 115577 3 116089 3 116601 2 117113 2 117625 2 118136 3 118648 3 119160 3 119672 2 120183 3 120695 3 121207 3 121719 2 122231 2 122742 3 123254 3 123766 3 124278 3 124790 3 125302 2 125813 3 126325 3 126837 2 127349 2 127861 2 128372 3 128884 3 129396 3 129908 3 130420 2 130932 2 131444 2 131956 1 132468 1 167509 4 168021 7 168534 8 169049 8 169564 8 170079 10 170594 9 171109 9 171624 8 172139 7 172654 6 173168 6 173682 7 174196 7 174711 6 175225 6 175739 6 176253 5 176767 6 177281 6 177795 6 178309 5 178823 5 179337 5 179851 5 180364 6 180878 6 181392 5 181906 5 182419 5 182933 5 183446 6 183960 6 184473 6 184987 6 185501 6 186015 6 186528 6 187041 7 187555 6 188069 6 188583 6 189096 6 189610 5 190124 5 190637 6 191150 7 191664 6 192178 6 192692 5 193206 4 193719 4 194233 2
test_0117_1,0 0
test_0117_2,0 0
test_0117_3,68971 1 69483 3 69995 3 70508 3 71020 3 71533 3 72045 4 72558 4 73071 3 73583 4 74096 4 74608 4 75121 3 75634 3 76146 3 76659 3 77172 3 77684 3 78197 3 78709 4 79222 3 79734 4 80247 3 80760 3 81272 3 81785 3 82297 4 82810 3 83322 4 83835 3 84348 3 84860 3 85372 4 85885 3 86398 3 86910 3 87423 3 87936 2 88448 3 88961 3 89473 3 89986 3 90498 3 91010 3 91523 3 92035 3 92548 3 93060 4 93573 3 94085 4 94598 3 95110 3 95623 3 96135 3 96647 4 97160 4 97672 4 98185 4 98697 4 99210 4 99723 3 100235 4 100748 3 101261 3 101773 4 102286 3 102798 3 103311 3 103823 4 104336 3 104848 3 105361 3 105873 3 106386 2 106898 3 107410 3 107923 3 108435 4 108948 3 109461 3 109973 3 110486 3 110998 3 111511 3 112023 3 112536 3 113048 3 113561 2 114073 3 114586 2 115098 3 115610 4 116123 3 116635 4 117148 3 117660 4 118173 3 118685 4 119198 3 119710 4 120223 3 120735 4 121248 3 121760 4 122273 3 122786 3 123298 3 123811 3 124323 3 124835 4 125348 3 125860 3 126373 3 126885 3 127398 3 127910 3 128422 3 128934 4 129447 4 129959 4 130472 4 130985 3 131497 3 132010 3 132522 3 133035 3 133547 3 134060 3 134572 3 135084 4 135597 3 136109 3 136622 2 137134 3 137646 3 138159 2 138671 2 199552 1 200063 5 200575 7 201087 9 201600 11 201653 13 202115 13 202157 22 202630 15 202662 29 203144 57 203659 47 204174 28 204691 12
test_0118_1,0 0
test_0118_2,115374 3 115886 4 116397 6 116909 6 117421 6 117933 7 118445 7 118957 7 119470 6 119982 6 120495 4
test_0118_3,0 0
test_0119_1,0 0
test_0119_2,0 0
test_0119_3,40046 1 40558 2 41070 2 41582 2 42094 2 42606 3 43118 3 43631 2 44143 3 44655 3 45167 3 45679 3 46192 3 46704 3 47216 3 47728 3 48241 3 48753 3 49265 3 49777 3 50290 3 50802 3 51314 3 51827 2 52339 3 52851 3 53363 3 53876 2 54388 2 54900 3 55412 3 55925 2 56437 3 56949 3 57461 3 57973 3 58486 2 58998 3 59510 3 60022 3 60535 2 61047 3 61559 3 62071 3 62584 2 63096 2 63608 3 63628 5 64120 3 64137 8 64633 2 64648 9 65145 3 65159 8 65657 3 65669 8 66169 3 66179 8 66681 3 66690 7 67167 9 67193 3 67201 6 67679 13 67705 4 67711 7 68193 20 68217 10 68707 31 69223 25 69740 19 70267 4 70780 3 71292 3 71805 2 72317 3 72829 3 73341 3 73854 3 74366 3 74878 3 75391 3 75903 3 76415 3 76928 2 77440 3 77952 3 78465 2 78977 3 79489 3 80002 2 80514 2 81026 2 81538 2 91988 1 92500 2 93012 2 93524 2 94036 3 94548 3 95060 3 95573 3 96085 3 96597 3 97109 3 97622 3 98134 3 98646 3 99159 3 99671 3 100183 3 100695 3 101208 3 101720 3 102232 3 102745 3 103257 3 103769 3 104281 3 104794 3 105306 3 105818 3 106330 3 106843 3 107355 3 107867 3 108379 4 108892 3 109404 3 109916 3 110429 3 110941 3 111453 3 111966 3 112478 3 112991 2 113503 3 114015 3 114528 2 115040 2 115552 3 116065 2 116577 2 117089 3 117601 3 118114 2 118626 3 119138 3 119651 2 120163 3 120675 3 121188 2 121700 3 122212 3 122725 2 123237 3 123749 3 124262 2 124774 2 125286 3 125799 2 126311 2 196413 5 196925 13 197437 21 197956 20 198476 18 198993 16 199510 16 200026 15 200543 14 201058 14 201577 11 202092 13 202608 11 203123 11 203640 8 204155 8 204670 8 205184 8 205699 7 206213 7 206728 7 207242 7 207757 6 208271 6 208785 6 209298 7 209813 6 210326 6 210841 5 211354 4
test_0120_1,0 0
test_0120_2,0 0
test_0120_3,67963 1 68475 2 68987 3 69499 4 70012 3 70525 3 70868 1 71038 3 71379 2 71550 3 71891 2 72063 3 72402 3 72575 4 72914 3 73088 3 73425 3 73600 4 73937 3 74113 3 74448 3 74625 4 74960 3 75138 3 75471 3 75650 4 75983 3 76163 4 76494 4 76675 4 77006 3 77188 4 77517 4 77700 4 78029 3 78212 4 78541 2 78725 4 79052 3 79237 4 79563 4 79750 4 80075 3 80263 3 80586 4 80775 4 81098 3 81288 3 81499 1 81609 4 81800 4 82010 3 82121 3 82313 3 82523 2 82632 4 82825 4 83035 2 83144 3 83338 4 83547 3 83655 4 83850 4 84059 3 84167 3 84363 4 84571 3 84679 3 84876 3 85083 3 85190 3 85388 4 85595 3 85702 3 85901 3 86107 3 86213 4 86258 1 86413 4 86620 2 86725 3 86770 2 86926 3 87132 2 87237 3 87282 2 87439 3 87644 2 87748 4 87794 3 87951 4 88156 3 88260 3 88307 2 88464 3 88668 3 88771 4 88819 3 88976 4 89180 3 89283 3 89331 3 89489 3 89692 3 89795 3 89844 2 90002 3 90204 3 90307 3 90356 3 90514 3 90716 3 90818 3 90868 3 91027 3 91229 3 91330 3 91381 3 91539 4 91741 3 91842 3 91893 3 92052 3 92253 3 92353 3 92406 3 92564 4 92765 3 92865 3 92918 3 93077 3 93277 3 93377 2 93430 3 93589 4 93789 3 93888 3 93943 3 94102 4 94301 3 94400 3 94455 3 94615 3 94814 2 94911 3 94968 3 95127 4 95326 2 95423 3 95480 3 95640 3 95838 3 95934 3 95992 3 96152 4 96350 3 96446 3 96505 3 96665 4 96862 3 96958 3 97017 3 97178 4 97374 3 97469 3 97530 3 97690 4 97886 4 97981 3 98042 3 98203 4 98399 3 98493 3 98555 2 98716 4 98911 3 99005 2 99067 3 99229 3 99423 3 99516 3 99579 3 99742 3 99935 3 100028 3 100092 3 100254 4 100447 3 100539 4 100604 3 100767 3 100959 4 101051 3 101117 3 101280 3 101472 3 101563 3 101629 3 101792 3 101984 3 102075 3 102142 3 102305 3 102496 3 102587 3 102654 3 102817 3 103008 3 103098 3 103167 2 103330 2 103520 3 103610 3 103679 3 104032 3 104122 3 104191 3 104544 3 104633 3 104704 2 105056 4 105145 3 105216 3 105568 4 105657 3 105728 3 106081 3 106169 3 106240 4 106593 3 106680 3 106753 3 107105 3 107192 3 107265 4 107617 3 107704 3 107778 3 108129 4 108216 3 108291 3 108642 3 108728 2 108803 3 109154 3 109239 3 109316 2 109666 3 109751 3 109828 3 110179 3 110263 3 110340 3 110691 3 110775 3 110853 3 111203 3 111287 3 111365 3 111715 3 111799 3 111878 3 112227 3 112311 3 112390 3 112740 2 112823 3 112903 3 113252 3 113335 2 113415 3 113764 3 113847 2 113928 3 114277 2 114358 3 114440 3 114789 2 114870 3 114953 2 115301 3 115382 3 115465 3 115813 3 115894 3 115977 3 116326 2 116406 3 116490 3 116838 2 116918 3 117002 3 117350 3 117430 3 117514 3 117862 3 117942 3 118027 3 118374 3 118454 3 118539 3 118887 2 118965 4 119052 3 119399 2 119477 4 119564 3 119911 2 119989 3 120077 3 120423 3 120501 3 120589 3 120936 2 121013 3 121102 3 121448 2 121525 3 121614 3 121960 3 122037 3 122126 4 122472 3 122548 4 122639 3 122984 4 123060 4 123152 3 123497 3 123572 3 123664 3 124009 4 124084 3 124177 3 124521 4 124596 3 124689 3 125034 3 125108 3 125202 3 125546 4 125619 3 125714 3 126058 4 126131 3 126226 4 126570 4 126643 3 126739 3 127083 3 127155 3 127251 3 127595 4 127667 3 127764 3 128107 4 128179 3 128276 3 128619 4 128690 3 128788 4 129131 4 129202 3 129301 3 129644 3 129714 3 129814 3 130156 3 130226 3 130326 3 130668 4 130737 4 130839 3 131181 3 131249 3 131351 3 131693 3 131761 3 131864 3 132206 2 132273 3 132376 3 132718 3 132785 3 132889 3 133230 3 133296 3 133401 4 133742 3 133808 3 133914 3 134103 3 134255 2 134320 3 134426 4 134613 7 134767 3 134832 3 134939 3 135124 9 135279 3 135344 3 135451 4 135636 4 135642 3 135791 3 135855 3 135964 3 136147 3 136155 3 136303 3 136367 3 136477 3 136659 3 136668 2 136816 2 136879 3 136989 3 137170 3 137328 2 137391 3 137502 3 137682 3 137840 3 137903 3 138014 3 138194 3 138352 3 138414 3 138526 4 138705 4 138864 3 138926 3 139039 3 139217 4 139377 2 139438 3 139552 3 139729 3 139889 3 139949 4 140064 3 140241 3 140401 3 140461 3 140577 3 140753 3 140913 3 140973 3 141089 3 141265 3 141278 1 141425 3 141484 4 141602 3 141777 3 141790 1 141938 3 141996 3 142114 3 142289 4 142301 2 142450 3 142508 3 142626 4 142802 3 142813 2 142962 3 143019 4 143139 3 143314 3 143324 3 143474 3 143531 3 143651 4 143826 4 143836 3 143987 2 144043 3 144164 3 144338 4 144347 3 144499 2 144554 4 144676 4 144851 4 144858 4 145011 3 145066 3 145189 3 145363 10 145523 3 145578 3 145702 3 145876 9 146035 3 146089 4 146214 3 146389 7 146547 3 146601 3 146726 4 146903 4 147060 2 147113 3 147239 4 147572 2 147625 3 147751 4 148084 3 148136 4 148264 2 148596 3 148648 4 149108 3 149160 3 149359 3 149620 3 149671 4 149871 3 150133 2 150183 4 150383 3 150645 2 150695 4 150895 3 151157 3 151207 3 151408 2 151669 3 151719 3 151920 2 152181 3 152231 3 152432 2 152694 2 152742 4 152944 2 153206 2 153254 3 153456 2 153718 2 153766 3 153968 2 154230 3 154278 3 154480 3 154742 3 154790 3 154992 3 155255 2 155301 3 155504 3 155767 2 155813 3 156016 3 156279 2 156325 3 156528 3 156791 2 156837 2 157040 3 157303 2 157349 2 157552 3 157816 1 157861 2 158064 3 158577 2 159089 2 159601 3 160113 3 160625 3 161137 3 161649 3 162161 3 162673 3 163185 3 163697 3 164209 3 164721 3 165233 3 165745 3 166257 3 166769 3 167281 3 167793 3 168305 3 168817 4 169329 4 169842 3 170354 3 170866 3 171378 3 171890 3 172402 3 172914 3 173426 3 173938 3 174450 3 174962 4 175475 3 175987 3 176499 3 177011 3 177523 3 178035 3 178547 3 179059 3 179571 3 180083 3 180595 3 181107 3 181619 3 182131 4 182643 4 183155 4 183668 3 184180 3 184692 3 185204 3 185716 3 186228 3 186740 3 187252 3 187764 3 188276 3 188789 3 189301 3 189813 3 190325 3 190837 3 191349 3 191861 3 192373 3 192885 3 193397 4 193909 4 194421 4 194933 4 195446 3 195958 3 196470 3 196982 3 197494 3 198006 3 198518 4 199031 3 199543 3 200055 3 200567 3 201079 3 201591 3 202103 3 202615 3 203127 4 203639 4 204151 4 204663 4 205175 4 205687 4 206200 3 206712 3 207224 3 207736 3 208248 3 208760 3 209272 3 209575 1 209784 3 210083 10 210100 4 210106 3 210114 1 210296 3 210587 42 210808 3 211096 45 211320 3 211603 50 211832 3 212110 55 212345 2 212618 23 212673 3 212857 3 213127 22 213369 3 213632 24 213881 3 214140 21 214393 3 214647 22 214905 3 215156 21 215417 3 215665 18 215929 3 216174 16 216441 3 216686 12 216953 3 217198 2 217201 4 217465 3 217977 3 218489 3 219001 3 219513 3 220025 3 220537 3 221049 4 221561 4 222073 4 222585 4 223097 4 223609 4 224122 3 224634 3 225146 3 225658 3 226170 3 226683 2 227195 2 227707 2 228219 2 228731 2 229243 3 229755 3 230268 2 230780 1
test_0121_1,0 0
test_0121_2,0 0
test_0121_3,68414 25 68919 36 69430 36 69942 33 70456 2 70460 8 121730 2 122242 3 122754 3 123266 3 123779 2 124291 3 124803 3 125315 3 125828 2 126340 2 126852 2 127364 2 127876 3 128388 3 128901 2 129413 2 129925 3 130437 3 130949 3 131462 2 131974 2 132486 2 132998 3 133510 3 134022 3 134535 2 135047 3 135559 3 136071 3 136583 3 137095 3 137608 2 138120 2 138632 3 139144 3 139656 3 140169 3 140681 3 141193 3 141706 2 145436 1 145947 2 145960 1 146459 2 146472 1 146971 2 146984 1 147483 2 147495 2 147995 3 148007 2 148508 2 148518 3 149020 3 149030 2 149532 4 149541 3 150045 3 150053 3 150557 5 150563 4 151070 8 151583 6 152097 3
test_0122_1,0 0
test_0122_2,167576 4 168088 5 168600 5 169111 6 169623 6 170135 6 170647 6 171160 5 171672 5 172185 3 176700 1 177210 5 177722 6 178233 7 178745 8 179257 8 179769 8 180281 7 180794 5 181306 4
test_0122_3,0 0
test_0123_1,110273 4 110781 13 111290 18 111801 21 112312 23 112824 24 113335 26 113847 27 114359 28 114871 29 115382 31 115894 31 116405 33 116917 33 117428 35 117940 36 118452 37 118964 38 119476 38 119988 39 120500 39 121012 40 121524 40 122036 41 122548 41 123060 41 123573 40 124085 41 124597 41 125109 41 125621 41 126133 41 126644 42 127156 42 127668 42 128180 42 128693 41 129205 41 129717 41 130229 41 130742 40 131254 40 131766 40 132279 40 132791 40 133304 39 133816 39 134329 37 134841 37 135354 35 135867 34 136380 33 136893 31 137406 30 137919 28 138432 26 138945 24 139460 21 139974 18 140488 14 141005 7 186723 1 187231 7 187741 10 188252 12 188763 14 189274 16 189786 17 190297 20 190808 22 191320 22 191832 23 192344 24 192856 25 193367 27 193879 28 194391 28 194902 30 195414 30 195926 31 196438 31 196950 32 197462 32 197975 31 198487 32 198999 32 199511 32 200024 32 200536 32 201048 31 201561 30 202073 30 202585 30 203097 30 203609 30 204121 30 204633 30 205145 30 205658 29 206170 29 206682 29 207194 29 207707 27 208219 27 208731 27 209244 26 209756 25 210270 22 210783 21 211296 19 211809 17 212321 16 212834 13 213347 9
test_0123_2,0 0
test_0123_3,0 0
test_0124_1,111255 4 111766 7 112273 17 112784 21 113295 23 113806 24 114312 1 114316 26 114823 31 115335 31 115847 32 116359 32 116872 31 117384 32 117896 32 118408 32 118920 32 119432 32 119944 32 120457 31 120970 31 121480 1 121482 31 121991 34 122503 34 123014 35 123526 34 124038 35 124550 35 125062 35 125575 5 125581 28 126088 1 126093 28 126605 27 127118 26 127630 26 128143 24 128656 22 129169 21 129681 20 130194 18 130707 17 131219 17 131733 15 132255 4 144545 1 145056 3 145566 7 146075 12 146586 14 147097 16 147609 18 148120 20 148632 22 149143 23 149654 25 150165 27 150676 28 151188 29 151699 31 152210 33 152722 33 153234 34 153745 35 154256 37 154767 38 155278 40 155790 41 156302 43 156815 43 157328 43 157842 41 158355 41 158870 38 159383 39 159896 40 160409 43 160922 45 161435 46 161947 48 162460 49 162973 51 163486 55 163999 56 164512 57 165026 58 165539 65 166052 65 166565 65 167080 62 167593 62 168106 62 168618 62 169131 62 169644 61 170156 62 170668 62 171182 60 171695 59 172208 58 172721 57 173234 57 173746 57 174258 58 174770 58 175283 57 175795 57 176307 57 176819 58 177331 58 177844 57 178356 57 178869 55 179381 55 179899 9 179914 33 180412 1 180429 29 180942 26 181455 23 181967 21 182480 18 182993 16 183508 9 184021 6 184534 5
test_0124_2,0 0
test_0124_3,0 0
test_0125_1,87864 6 88373 12 88883 18 89394 22 89905 26 90416 28 90927 31 91439 33 91950 35 92462 36 92973 39 93484 41 93995 43 94507 44 95018 46 95530 47 96041 49 96553 50 97064 52 97576 53 98088 54 98600 56 99112 57 99624 58 100136 59 100648 59 101160 60 101672 61 102184 62 102696 63 103208 64 103720 65 104232 66 104745 66 105257 67 105769 68 106281 69 106794 69 107306 70 107818 71 108330 71 108842 72 109354 73 109866 74 110378 75 110891 74 111404 74 111917 74 112429 75 112941 75 113453 76 113965 77 114478 76 114990 77 115504 76 116018 74 116533 72 117048 70 117566 65 118085 59 118601 56 119115 55 119631 51 120145 50 120659 48 121173 47 121687 47 122202 46 122716 45 123230 44 123743 46 124257 46 124771 45 125285 44 125800 42 126314 41 126827 41 127340 41 127853 41 128367 40 128880 40 129392 41 129905 41 130418 40 130930 41 131443 41 131956 40 132469 40 132982 39 133494 40 134007 39 134519 40 135032 39 135545 38 136057 38 136570 38 137082 38 137595 37 138108 36 138620 36 139133 35 139646 34 140158 34 140670 34 141183 33 141696 31 142211 27 142723 27 143236 26 143748 25 144260 24 144772 24 145285 23 145797 23 146310 22 146823 21 147335 21 147847 20 148359 20 148871 20 149383 19 149895 19 150408 18 150920 17 151434 14 151947 13 152460 11 152972 10 153484 9 153997 7 154510 3
test_0125_2,0 0
test_0125_3,0 0
test_0126_1,0 0
test_0126_2,118639 3 119150 5 119662 5 120174 5 120685 6 121197 6 121709 6 122221 6 122733 6 123245 6 123758 5 124270 4
test_0126_3,0 0
test_0127_1,121596 6 122105 11 122612 18 123122 21 123632 24 124143 26 124653 29 125163 32 125674 34 126184 38 126695 40 127206 42 127717 44 128227 48 128738 50 129249 52 129760 54 130271 55 130782 57 131293 59 131804 61 132315 63 132826 65 133338 66 133849 68 134360 70 134871 72 135382 74 135894 75 136405 77 136916 79 137427 81 137938 83 138450 83 138961 85 139473 85 139984 87 140496 87 141007 89 141519 89 142030 91 142542 92 143053 93 143565 94 144076 95 144588 96 145099 97 145611 98 146123 98 146634 99 147146 100 147658 100 148170 100 148681 102 149193 102 149705 102 150217 103 150729 103 151241 103 151753 103 152265 103 152777 103 153289 103 153801 103 154313 103 154826 102 155338 102 155850 102 156362 102 156874 102 157386 102 157899 100 158411 100 158923 99 159435 99 159947 99 160459 99 160971 99 161483 99 161995 99 162507 99 163019 99 163532 98 164044 97 164556 96 165069 94 165581 93 166094 54 166150 36 166607 49 166666 30 167120 46 167180 27 167632 44 167695 22 168144 42 168210 18 168656 41 168726 1 168732 6 169169 37 169245 4 169681 35 169758 1 170194 33 170706 31 171219 29 171733 25 172248 8 172258 10 172762 4 172773 5
test_0127_2,0 0
test_0127_3,0 0
test_0128_1,0 0
test_0128_2,30658 4 31169 6 31681 6 32192 8 32704 8 33216 8 33728 8 34240 8 34752 8 35264 7 35776 7 36289 6 36801 5 37314 3 222325 2 222836 4 223347 6 223859 6 224370 7 224882 7 225394 7 225906 6 226418 6 226931 4 227443 3
test_0128_3,0 0
test_0129_1,71393 3 71900 10 72409 15 72920 17 73430 20 73941 21 74453 22 74964 24 75475 26 75986 27 76497 29 77008 31 77519 33 78031 33 78542 35 79053 36 79565 37 80076 38 80588 38 81099 40 81611 40 82123 40 82635 41 83147 41 83659 41 84171 41 84683 41 85195 41 85707 41 86219 41 86731 41 87243 42 87755 42 88267 42 88779 42 89291 42 89803 42 90315 42 90827 42 91339 42 91851 42 92363 42 92875 42 93387 42 93900 41 94412 42 94924 42 95436 42 95948 41 96460 41 96972 41 97484 40 97996 39 98508 38 99021 37 99534 35 100047 33 100560 32 101073 30 101585 29 102098 27 102611 26 103124 24 103638 21 104152 18 104667 14 105182 9 105697 2
test_0129_2,0 0
test_0129_3,0 0
test_0130_1,0 0
test_0130_2,158016 2 158526 6 159037 7 159549 8 160060 9 160572 8 161084 8 161597 6 162109 5 164116 4 164627 6 165139 6 165651 6 166163 6 166675 7 167188 6 167701 4 168214 3
test_0130_3,0 0
test_0131_1,0 0
test_0131_2,0 0
test_0131_3,32362 2 32874 3 33386 3 33899 2 34411 3 34923 3 35435 3 35947 3 36460 2 36972 3 37484 3 37996 3 38509 3 39021 3 39533 3 40045 3 40557 3 41070 2 41582 3 42094 3 42606 3 43119 2 43631 3 44143 3 44655 3 45168 2 45680 2 46192 3 46704 3 47217 2 47729 2 48242 1 48754 1 191287 2 191798 8 192310 15 192823 18 193342 19 193860 15 194378 15 194894 14 195409 15 195924 15 196442 12 196958 11 197475 9 197991 9 198505 10 199020 10 199536 8 200051 8 200566 7 201080 8 201594 8 202109 6 202624 6 203137 8 203652 6 204166 6 204680 6 205193 7 205707 6 206221 6 206735 6 207249 5 207763 4 208277 3
test_0132_1,0 0
test_0132_2,43373 1 43884 4 44395 5 44907 6 45419 6 45931 6 46443 6 46955 6 47467 6 47979 6 48491 7 49003 6 49516 5 50028 5 50541 3 180605 2 181115 5 181627 6 182138 7 182650 8 183162 8 183674 8 184185 9 184697 9 185209 9 185721 9 186233 9 186746 8 187258 7 187771 6 188284 4 207675 2 208186 4 208697 6 209209 6 209721 6 210232 7 210744 7 211256 7 211768 7 212280 7 212792 6 213304 6 213816 5 214329 4 214842 1
test_0132_3,0 0
test_0133_1,0 0
test_0133_2,0 0
test_0133_3,73083 2 73596 2 74108 2 74620 3 75133 3 75646 3 76158 3 76671 3 77184 3 77696 3 78209 3 78722 3 79117 2 79234 3 79628 3 79747 3 80139 4 80259 4 80650 4 80772 3 81161 4 81285 3 81672 4 81797 3 82183 4 82310 3 82694 4 82822 3 83205 4 83335 3 83716 4 83848 3 84227 5 84360 3 84739 4 84873 3 85250 4 85385 3 85761 4 85898 3 86272 5 86410 4 86784 4 86923 4 87295 4 87435 4 87806 4 87948 3 88317 5 88461 3 88829 4 88973 3 89340 4 89486 3 89851 4 89998 3 90363 4 90511 3 90874 4 91023 3 91385 4 91536 3 91896 4 92048 3 92407 5 92561 3 92919 4 93074 2 93430 4 93586 3 93941 4 94099 2 94453 3 94611 3 94964 4 95123 3 95475 4 95636 3 95986 4 96148 3 96497 4 96661 3 97008 4 97173 3 97520 3 97686 3 98031 3 98198 4 98542 4 98711 3 99053 4 99223 4 99565 4 99736 3 100076 4 100248 3 100587 4 100761 3 101098 4 101273 3 101609 4 101785 4 102120 4 102298 3 102631 4 102810 4 103142 4 103323 4 103653 4 103836 3 104164 4 104348 4 104675 4 104861 3 105186 4 105373 4 105697 4 105886 3 106208 4 106399 3 106719 4 106911 3 107229 5 107424 3 107740 5 107936 3 108251 5 108449 3 108762 5 108961 4 109272 5 109474 3 109783 5 109986 3 110294 5 110499 3 110805 5 111011 3 111316 5 111524 3 111827 5 112036 3 112338 5 112549 2 112849 5 113061 3 113360 5 113574 3 113871 5 114086 3 114382 5 114599 3 114893 5 115111 4 115404 4 115624 3 115915 4 116136 4 116425 5 116649 3 116936 5 117161 4 117447 5 117674 3 117958 5 118186 3 118469 5 118699 3 118980 5 119211 3 119491 4 119724 3 120002 5 120236 3 120513 5 120749 3 121024 5 121261 3 121536 4 121774 3 122047 4 122286 3 122558 4 122799 3 123069 4 123311 3 123580 4 123824 3 124091 4 124336 3 124602 4 124848 3 125113 4 125361 3 125625 4 125874 3 126137 3 126386 3 126898 4 127411 3 127923 4 128436 3 128949 3 129461 3 129974 3 130486 3 130998 4 131511 3 132023 3 132536 3 133048 3 133561 3 134073 3 134586 3 135098 3 135610 3 136123 3 136636 3 137148 3 137661 3 138173 3 138686 3 139198 3 139710 3 140223 3 140735 4 141248 3 141760 3 142273 3 142785 3 143298 2 143810 3 144322 3 144835 2 145347 2 151104 2 151616 2 152128 3 152640 4 153153 4 153666 3 154178 4 154691 4 155204 3 155716 4 156229 4 156742 3 157254 4 157767 4 158280 4 158792 4 159305 4 159818 3 160331 3 160843 4 161356 4 161869 3 162382 3 162894 4 163407 4 163920 4 164432 4 164945 4 165458 4 165971 4 166484 4 166996 4 167509 4 167680 2 168022 4 168192 3 168535 4 168704 3 169048 4 169216 3 169560 4 169728 3 170073 4 170240 3 170586 4 170753 3 171099 3 171265 3 171611 4 171777 3 172124 4 172289 3 172636 5 172801 3 173149 5 173314 2 173662 5 173826 2 174175 5 174338 3 174688 5 174850 3 175201 5 175362 3 175714 5 175874 4 176227 5 176387 3 176739 6 176899 3 177252 6 177411 3 177765 6 177923 3 178279 4 178435 3 178792 5 178948 2 179305 5 179460 3 179818 5 179972 3 180331 5 180484 3 180844 5 180997 2 181358 4 181509 3 181871 4 182021 3 182383 5 182533 3 182896 5 183046 2 183410 5 183558 2 183923 5 184070 3 184436 5 184582 3 184949 6 185095 2 185462 6 185607 3 185975 6 186119 3 186488 6 186631 3 187002 5 187144 2 187514 6 187656 3 188027 6 188168 3 188541 6 188680 3 189054 6 189193 3 189568 6 189705 3 190081 7 190217 4 190595 7 190730 3 191108 8 191242 3 191622 8 191754 4 192136 10 192267 3 192649 12 192779 3 193163 15 193291 3 193676 16 193803 3 194190 15 194315 4 194711 6 194828 3 195340 3 195853 3 196365 3 196877 3 197389 3 197485 2 197902 3 197997 3 198414 3 198509 5 198926 3 199021 6 199438 4 199534 7 199951 3 200049 5 200463 3 200563 4 200975 3 201076 5 201488 3 201589 5 202000 3 202102 6 202512 3 202616 5 203025 2 203129 5 203537 3 203642 6 204049 3 204156 6 204561 4 204670 6 205074 3 205183 6 205586 3 205697 6 206099 3 206210 6 206611 3 206723 7 207123 3 207236 7 207636 3 207750 8 208148 3 208264 8 208660 3 208779 7 209173 3 209292 7 209374 3 209685 3 209806 8 209881 9 210197 4 210320 8 210391 11 210710 3 210833 9 210893 19 211222 3 211347 9 211401 20 211735 3 211862 19 211904 26 212247 3 212376 18 212410 30 212760 3 212891 56 213272 3 213405 49 213785 3 213920 30 214297 3 214439 11 214810 2 215322 3 215834 3 216347 2 216859 3 217372 2 217884 3 218396 3 218909 3 219421 3 219934 3 220446 3 220959 3 221471 3 221984 3 222496 3 223008 4 223521 3 224033 3 224545 4 225058 3 225570 3 226082 4 226595 3 227107 4 227620 3 228132 4 228645 3 229158 3 229670 3 230183 3 230695 3 231208 3 231721 2 232233 3 232746 2 233258 3 233771 2 234283 3 234796 1
test_0134_1,75077 5 75588 7 76099 9 76609 12 77120 14 77632 15 78143 17 78654 18 79165 20 79676 22 80187 23 80697 25 81208 27 81719 28 82230 29 82741 31 83252 32 83763 33 84274 34 84785 36 85297 36 85808 37 86320 37 86831 38 87343 38 87854 39 88366 39 88877 41 89389 41 89901 41 90412 42 90924 42 91435 43 91947 43 92459 43 92970 45 93482 45 93993 46 94505 46 95017 46 95528 47 96040 47 96552 47 97063 48 97575 48 98086 49 98598 49 99110 49 99621 50 100133 50 100645 50 101156 50 101668 50 102180 50 102691 51 103203 51 103714 52 104226 52 104737 53 105249 53 105760 54 106272 54 106783 55 107295 55 107806 56 108318 56 108829 57 109341 57 109852 58 110363 59 110875 59 111386 59 111898 59 112409 60 112921 60 113432 61 113944 61 114455 62 114967 62 115478 63 115990 63 116501 64 117012 65 117524 65 118035 66 118546 67 119058 67 119569 68 120081 68 120592 69 121104 68 121615 69 122126 70 122638 69 123149 70 123661 70 124172 70 124684 70 125195 71 125706 71 126218 70 126730 70 127241 71 127753 70 128265 70 128776 71 129288 71 129800 72 130312 72 130824 72 131336 72 131848 71 132360 71 132872 71 133385 70 133897 69 134409 69 134921 68 135433 67 135946 65 136458 64 136970 63 137482 50 137536 8 137995 47 138048 5 138507 45 138561 2 139020 42 139532 41 140045 39 140558 36 141070 35 141582 33 142094 32 142606 31 143119 29 143631 29 144144 28 144656 28 145170 26 145683 26 146197 23 146710 22 147223 20 147736 18 148252 12 148765 9 149281 2
test_0134_2,0 0
test_0134_3,0 0
test_0135_1,0 0
test_0135_2,0 0
test_0135_3,56405 1 56902 26 57398 10 57410 35 57902 58 58412 35 58460 14 58921 27 58974 15 59430 18 59451 1 59487 17 59939 12 60008 11 60451 9 60522 10 60963 4 61037 8 61551 7 62066 6 62579 7 63093 7 63606 8 64120 7 64634 6 65149 5 65661 6 66175 6 66689 5 67202 5 67715 6 68229 6 68742 6 69256 5 69769 5 70283 5 70796 6 71309 6 71822 6 72336 5 72849 5 73363 4 73875 5 74388 3 74901 1 125502 3 126015 2 126527 3 127039 3 127552 3 128064 3 128577 2 129089 3 129601 3 130114 3 130626 3 131139 2 131651 3 132164 2 132676 3 133188 3 133701 3 134213 3 134726 3 135238 3 135751 3 136263 3 136776 3 137288 3 137800 3 138313 3 138825 3 139338 3 139850 3 140363 2 140875 3 141387 3 141900 3 142412 3 142925 3 143437 3 143950 3 144462 3 144975 3 145487 3 146000 3 146512 3 147025 3 147537 3 148050 3 148562 3 149075 3 149587 3 150100 3 150612 3 151124 3 151637 3 152149 3 152662 3 153174 3 153686 4 154199 3 154711 4 155224 4 155452 3 155737 3 155963 3 156249 4 156473 4 156762 3 156984 5 157274 4 157495 4 157787 3 158006 4 158299 3 158517 4 158812 3 159028 4 159324 3 159539 4 159837 2 160049 5 160349 3 160560 5 160862 2 161071 5 161374 3 161582 5 161886 3 162093 4 162399 3 162604 4 162911 4 163115 4 163424 3 163626 4 163936 3 164137 4 164449 3 164647 5 164961 3 165158 6 165474 3 165668 6 165986 3 166179 6 166499 3 166690 5 167011 4 167201 5 167524 3 167712 5 168036 4 168223 5 168549 4 168734 5 169061 4 169245 5 169574 4 169756 5 170086 4 170268 3 170599 3 170780 2 171111 4 171624 3 172136 3 172649 3 173161 3 173674 3 174186 3 174699 3 175211 3 175724 3 176236 3 176748 4 177261 3 177774 3 178286 3 178799 2 179311 3 179824 3 180336 3 180849 3 181361 4 181874 3 182386 3 182899 3 183411 3 183923 4 184436 3 184949 3 185461 3 185974 3 186486 3 186999 3 187511 4 188024 3 188537 3 189049 3 189562 3 190074 3 190587 3 191100 3 191612 3 192125 3 192637 3 193150 3 193662 4 194175 4 194687 4 195200 4 195713 3 196226 3 196738 3 197251 3 197763 3 198276 2 198788 3 199301 2 199814 1
test_0136_1,0 0
test_0136_2,0 0
test_0136_3,36462 2 36974 4 37486 7 37998 9 38514 7 39028 8 39542 8 40056 9 40570 10 41083 11 41598 9 42113 6 42628 2
test_0137_1,0 0
test_0137_2,48704 4 49215 6 49726 8 50238 8 50750 8 51261 8 51773 8 52284 9 52796 9 53308 9 53820 9 54332 8 54844 8 55356 6 55868 5 56381 3 141905 2 142417 4 142928 5 143440 5 143952 5 144464 5 144976 4 145488 2 145494 1 146005 3 146517 3 147030 1
test_0137_3,0 0
test_0138_1,0 0
test_0138_2,0 0
test_0138_3,40570 2 41080 4 41590 6 42100 7 42610 7 43120 7 43629 9 44137 11 44646 12 45156 12 45665 12 46171 14 46679 15 47189 15 47699 14 48209 11 48718 10 49229 9 49741 7 50253 6 50764 6 51276 5 51787 5 52298 6 52809 6 53320 5 53830 6 54341 5 54852 5 55363 5 55875 4 56387 3 56899 2 61303 1 61815 2 62327 3 62840 2 63352 3 63865 3 64377 3 64890 3 65403 3 65915 3 66313 2 66428 3 66823 4 66941 3 67335 4 67453 3 67845 5 67966 3 68356 5 68478 3 68867 5 68991 3 69379 4 69504 3 69890 4 70016 3 70401 4 70529 3 70912 5 71041 3 71423 5 71554 3 71935 4 72066 3 72446 4 72579 3 72957 5 73091 3 73468 5 73604 3 73979 5 74116 4 74491 4 74629 3 75002 4 75142 3 75514 4 75654 4 76025 4 76167 3 76536 4 76679 4 77047 5 77192 3 77558 5 77704 4 78069 5 78217 3 78581 4 78729 4 79092 4 79242 3 79603 4 79754 4 80115 4 80267 3 80626 4 80780 3 81137 4 81292 3 81648 4 81805 3 82159 4 82317 3 82670 4 82830 3 83181 5 83342 3 83693 4 83855 3 84204 4 84367 3 84715 4 84880 2 85226 4 85392 3 85738 3 85905 2 86249 4 86417 3 86760 4 86930 3 87271 4 87442 3 87782 4 87954 4 88293 4 88467 3 88804 4 88979 4 89315 5 89492 3 89826 4 90004 3 90337 4 90517 3 90848 4 91029 3 91359 4 91541 4 91870 4 92054 3 92381 5 92566 4 92892 4 93079 4 93403 5 93592 3 93914 5 94104 4 94424 6 94617 3 94935 5 95130 3 95446 5 95642 3 95957 5 96155 3 96467 5 96667 3 96978 5 97180 3 97489 5 97692 3 98000 5 98205 3 98511 5 98717 3 99022 5 99230 3 99533 5 99742 3 100044 5 100255 2 100555 5 100767 3 101066 5 101280 2 101577 5 101792 3 102088 5 102304 3 102598 5 102817 3 103109 5 103329 3 103620 5 103842 3 104130 6 104354 4 104641 5 104867 3 105152 5 105379 4 105663 5 105892 3 106174 5 106404 4 106685 5 106917 3 107196 5 107430 2 107707 5 107942 3 108218 5 108454 3 108729 5 108967 2 109240 5 109479 3 109751 5 109992 3 110262 5 110504 3 110773 5 111017 3 111285 4 111529 3 111796 4 112042 3 112308 3 112554 3 112820 2 113067 3 113579 3 114092 3 114604 3 115117 3 115629 3 116142 3 116654 3 117167 2 117679 3 118192 3 118704 3 119217 3 119729 3 120241 4 120754 3 121266 3 121779 3 122291 3 122804 2 123316 3 123828 3 124340 4 124853 4 125365 4 125878 3 126391 3 126903 3 127416 3 127928 3 128441 2 128953 3 129465 4 129978 3 130490 3 131003 3 131515 3 132028 2 132540 3 133052 3 133565 2 134077 3 134590 2 135102 2 136251 1 136763 2 137275 3 137787 4 138300 3 138813 3 139325 4 139838 3 140351 3 140863 4 141376 3 141889 3 142401 4 142914 4 143426 4 143939 4 144451 5 144964 4 145477 4 145990 4 146503 3 146681 1 147016 3 147192 3 147528 3 147704 3 148041 3 148216 3 148553 4 148729 2 149066 4 149241 3 149579 4 149753 3 150092 4 150265 3 150604 4 150777 3 151117 4 151289 3 151630 4 151801 3 152143 4 152314 2 152656 3 152826 2 153168 5 153338 2 153681 4 153850 3 154194 4 154362 3 154707 4 154874 3 155220 3 155386 3 155732 4 155898 3 156245 4 156411 3 156758 3 156923 3 157270 4 157435 3 157783 4 157947 3 158296 4 158459 3 158809 4 158971 3 159321 5 159483 3 159834 4 159996 3 160347 4 160508 3 160860 4 161020 3 161373 4 161532 3 161885 5 162044 3 162398 5 162557 3 162911 5 163069 3 163424 5 163581 3 163938 4 164093 3 164451 4 164606 2 164964 4 165118 2 165477 4 165630 3 165990 4 166142 3 166503 4 166654 3 167016 4 167166 3 167529 5 167679 3 168042 4 168191 3 168555 5 168703 3 169068 5 169215 3 169581 5 169728 2 170094 5 170240 2 170607 6 170752 3 171120 6 171264 3 171633 6 171777 2 172146 6 172289 2 172660 5 172801 3 173173 5 173313 3 173686 5 173826 2 174199 6 174338 2 174712 6 174850 3 175225 6 175362 3 175739 6 175875 3 176252 6 176387 3 176766 7 176899 3 177279 7 177411 3 177793 7 177924 3 178307 7 178436 3 178821 13 178949 3 179334 14 179461 3 179847 15 179973 3 180362 13 180485 3 180882 5 180997 3 181510 3 182022 3 182534 3 183047 3 183559 3 184071 3 184583 3 185096 3 185608 3 186120 3 186216 1 186633 3 186727 4 187145 3 187239 5 187657 3 187752 5 188169 3 188265 6 188682 2 188779 5 189194 3 189293 5 189706 3 189806 5 190218 3 190319 5 190731 2 190832 6 191071 2 191243 3 191346 5 191583 4 191755 3 191859 5 192095 5 192268 3 192372 6 192608 6 192780 3 192886 6 193121 6 193293 2 193400 5 193635 6 193805 3 193913 5 194148 7 194317 3 194427 5 194661 7 194830 2 194940 5 195175 6 195342 3 195453 6 195688 7 195854 3 195966 6 196202 7 196366 3 196479 8 196715 7 196879 3 196993 8 197229 7 197391 3 197508 7 197743 7 197904 3 198021 7 198257 6 198416 3 198534 9 198771 5 198928 3 199049 8 199285 5 199441 3 199563 8 199635 8 199798 6 199953 3 200076 9 200145 10 200311 7 200466 3 200590 11 200648 18 200825 6 200978 3 201104 16 201148 28 201339 6 201491 3 201619 16 201653 31 201852 6 202003 3 202134 15 202151 42 202366 6 202516 2 202649 52 202879 6 203028 3 203164 33 203200 5 203393 5 203540 3 203682 11 203906 4 204053 2 204419 5 204565 3 204932 6 205078 3 205445 6 205590 3 205958 6 206102 4 206472 5 206615 3 206985 4 207127 3 207498 4 207639 4 208011 4 208152 3 208524 4 208665 3 209038 1 209177 3 209689 4 210202 3 210714 4 211226 4 211739 3 212251 4 212763 4 213276 3 213788 4 214301 3 214813 4 215326 3 215838 3 216351 3 216863 3 217376 3 217888 3 218401 3 218914 2 219426 3 219939 2 220451 3 220964 3 221476 3 221989 2 222502 2 223015 1
test_0139_1,0 0
test_0139_2,55722 2 56233 4 56745 5 57256 6 57768 7 58280 7 58793 6 59305 6 59817 6 60329 6 60842 4 61355 2 106154 4 106666 5 107177 6 107689 6 108201 6 108713 6 109225 7 109738 6 110250 5 110762 5 111275 3 141665 2 142176 4 142687 6 143199 6 143711 7 144222 8 144734 8 145246 9 145758 9 146270 9 146783 8 147295 7 147808 6 148321 4
test_0139_3,0 0
test_0140_1,0 0
test_0140_2,0 0
test_0140_3,127689 2 128201 3 128713 4 129226 4 129388 2 129738 5 129900 2 130252 4 130412 2 130765 5 130923 3 131278 5 131435 3 131791 6 131947 3 132304 6 132459 3 132817 7 132971 3 133331 5 133483 3 133844 6 133995 3 134357 6 134507 3 134871 6 135019 3 135384 6 135531 3 135897 6 136042 3 136410 6 136554 3 136923 7 137066 3 137437 6 137578 3 137950 6 138090 3 138464 5 138602 3 138977 5 139114 3 139490 5 139626 3 140003 6 140138 3 140516 7 140649 4 141029 7 141161 3 141542 7 141673 3 142056 7 142185 3 142569 7 142697 3 143083 7 143209 3 143596 7 143721 3 144109 8 144233 2 144623 7 144745 2 145136 8 145650 7 146164 7 146677 8 147191 8 147704 9 148218 10 148731 10 149246 7 149760 5 150275 1
test_0141_1,46823 2 47335 2 47847 3 48359 3 48870 5 49381 7 49892 9 50403 11 50913 14 51424 15 51935 17 52445 19 52956 21 53467 22 53978 23 54489 25 55000 26 55511 27 56022 29 56533 31 57044 32 57555 33 58067 33 58578 34 59089 35 59600 35 60111 36 60623 36 61134 36 61645 37 62156 38 62668 38 63179 39 63691 38 64202 39 64713 40 65225 40 65736 41 66247 42 66759 42 67270 43 67782 43 68293 44 68804 45 69316 45 69828 45 70339 45 70851 45 71363 45 71874 46 72386 45 72897 46 73409 46 73920 46 74432 46 74944 46 75456 46 75968 45 76480 45 76992 45 77503 45 78015 45 78528 43 79040 43 79552 42 80064 42 80575 43 81087 42 81599 42 82111 42 82623 42 83135 42 83647 42 84159 41 84672 40 85184 40 85696 40 86208 40 86720 40 87232 39 87744 39 88256 39 88768 39 89280 39 89793 38 90305 38 90817 38 91329 38 91841 37 92353 37 92865 37 93377 37 93889 37 94401 37 94913 37 95425 37 95937 37 96449 37 96962 36 97474 36 97986 36 98498 36 99010 36 99522 37 100034 37 100546 37 101058 37 101571 36 102083 36 102595 36 103107 36 103619 36 104131 36 104643 36 105155 36 105668 35 106180 35 106692 35 107204 35 107716 35 108228 35 108740 35 109252 35 109764 35 110276 35 110789 34 111301 34 111813 34 112325 34 112837 34 113349 34 113861 35 114373 35 114885 35 115397 34 115909 34 116421 34 116933 34 117445 35 117957 35 118469 35 118981 35 119493 35 120006 33 120518 33 121030 33 121543 32 122055 31 122567 31 123080 29 123592 29 124105 27 124618 25 125131 24 125644 22 126156 22 126669 20 127182 18 127695 16 128209 13 128722 10 129237 5
test_0141_2,0 0
test_0141_3,0 0
test_0142_1,41180 5 41689 10 42199 14 42709 17 43220 19 43732 20 44243 21 44754 23 45265 25 45776 27 46287 28 46799 29 47310 30 47822 30 48333 32 48845 32 49356 33 49868 33 50379 34 50891 34 51402 35 51914 35 51961 2 52426 35 52473 3 52938 35 52984 4 53449 37 53497 3 53961 37 54473 37 54985 37 55497 38 56009 38 56521 38 57033 38 57545 38 58056 39 58568 39 59080 39 59592 39 60104 39 60615 40 61127 40 61639 40 62150 41 62662 41 63174 41 63686 41 64197 42 64709 42 65221 42 65732 43 66244 43 66756 43 67268 43 67780 43 68291 44 68803 44 69315 44 69826 45 70338 45 70850 45 71362 45 71874 46 72386 46 72897 47 73409 47 73921 47 74433 47 74945 46 75456 47 75968 47 76480 47 76992 47 77503 48 78015 48 78527 48 79039 49 79550 50 80062 50 80574 50 80627 1 81086 54 81598 50 81651 1 82110 50 82622 50 83134 50 83646 50 84158 49 84671 48 85183 47 85696 46 86208 46 86721 45 87234 43 87746 42 88258 41 88770 41 89282 40 89794 39 90307 37 90819 35 91331 34 91844 32 92042 6 92356 30 92552 9 92869 28 93063 12 93383 24 93574 14 93897 19 94085 16 94414 11 94596 18 95108 18 95620 19 96131 21 96643 21 97155 21 97667 22 98179 22 98691 22 99203 22 99715 22 100227 22 100740 21 101252 20 101765 19 102277 19 102789 19 103302 18 103814 18 104326 18 104839 17 105351 17 105863 17 106375 17 106888 16 107400 15 107913 13 108426 11 108939 9 109452 7 174383 6 174892 10 175402 13 175913 15 176424 18 176935 20 177446 22 177958 22 178469 24 178981 24 179492 26 180004 27 180516 28 181027 29 181538 31 182050 31 182561 32 183073 32 183585 33 184097 33 184608 34 185120 35 185632 35 186144 35 186655 36 187167 36 187679 36 188191 36 188703 37 189214 38 189726 38 190238 38 190750 38 191262 38 191774 38 192286 37 192798 37 193310 37 193822 37 194334 38 194846 38 195358 38 195870 38 196382 38 196894 38 197406 38 197918 38 198431 37 198943 37 199456 36 199968 36 200480 36 200993 36 201505 36 202017 36 202529 36 203041 36 203553 35 204065 35 204577 35 205089 34 205601 33 206113 33 206626 31 207138 31 207651 29 208164 27 208678 25 209190 24 209703 21 210216 19 210729 17 211242 14 211756 10 212272 4
test_0142_2,0 0
test_0142_3,0 0
test_0143_1,58528 4 59039 6 59549 9 60061 10 60573 10 61085 10 61597 11 62109 11 62621 11 63134 10 63646 9 64159 8 64671 6 65183 6 65695 6 66208 5 66720 4 169853 3 170364 5 170875 7 171386 10 171897 12 172408 13 172919 15 173431 15 173942 16 174454 16 174966 16 175478 16 175990 16 176502 15 177014 15 177526 15 178038 15 178551 14 179063 13 179576 12 180088 11 180601 10 181113 9 181625 8 182137 8 182649 7 183161 7 183674 4
test_0143_2,0 0
test_0143_3,0 0
test_0144_1,0 0
test_0144_2,65954 3 66465 5 66977 5 67488 7 68000 7 68512 7 69024 7 69536 7 70048 7 70560 7 71072 7 71585 5 72097 5 72610 3 94830 3 95341 5 95853 6 96365 6 96877 6 97389 6 97901 6 98413 5 98926 4 177492 4 178004 4 178515 5 179027 5 179539 5 180050 6 180562 6 181074 6 181586 5 182099 4 182611 3 183124 1 206079 3 206590 4 207102 5 207614 5 208126 5 208638 4 209150 4 209663 3 210175 2
test_0144_3,0 0
test_0145_1,110912 5 111422 10 111932 14 112443 17 112954 19 113465 21 113975 24 114485 26 114996 28 115507 29 116018 32 116530 32 117041 34 117552 35 118063 37 118575 38 119087 39 119598 40 120110 41 120621 42 121133 43 121644 44 122156 44 122667 45 123179 45 123690 46 124202 47 124713 48 125224 49 125735 50 126246 51 126757 52 127268 53 127780 53 128291 54 128802 55 129314 55 129825 56 130337 56 130848 57 131360 57 131871 58 132383 58 132894 59 133406 59 133918 59 134429 60 134941 60 135453 60 135964 61 136476 61 136987 61 137499 61 138011 62 138523 62 139035 62 139547 62 140058 63 140570 63 141082 62 141594 62 142106 62 142618 62 143130 61 143642 61 144154 61 144666 61 145178 61 145690 61 146202 60 146715 59 147227 59 147739 59 148251 58 148764 57 149276 57 149789 55 150301 55 150814 53 151326 52 151838 52 152351 50 152863 50 153376 49 153889 47 154401 47 154914 45 155426 45 155938 45 156450 44 156962 44 157474 43 157987 42 158499 42 159012 41 159524 40 160037 39 160550 37 161063 36 161576 34 162088 34 162601 32 163113 31 163626 29 164139 27 164652 25 165165 22 165679 19 166192 16 166706 11
test_0145_2,0 0
test_0145_3,0 0
test_0146_1,60555 4 61065 9 61576 11 62086 15 62596 18 63107 20 63618 22 64130 23 64641 25 65153 26 65664 28 66176 29 66688 30 67200 31 67712 32 68224 34 68736 36 69248 37 69760 38 70272 40 70784 42 71296 46 71809 48 72321 49 72833 50 73345 50 73857 51 74368 52 74880 51 75392 51 75904 50 76416 50 76928 51 77439 52 77951 53 78463 53 78975 53 79487 53 79999 53 80511 53 81023 53 81535 53 82047 53 82559 53 83071 53 83583 52 84095 51 84607 49 85119 44 85631 41 86143 39 86655 37 87167 36 87679 35 88191 34 88703 33 89215 32 89726 33 90238 32 90750 32 91262 31 91774 30 92286 30 92798 29 93310 29 93822 29 94334 28 94846 28 95358 27 95871 26 96383 26 96895 25 97407 25 97919 24 98431 24 98943 24 99455 23 99967 23 100479 22 100992 21 101504 21 102016 21 102528 21 103040 20 103552 20 104065 18 104577 18 105089 18 105602 17 106114 16 106625 17 107137 16 107649 16 108161 16 108673 15 109186 14 109698 13 110210 12 110722 11 111235 8 111749 4
test_0146_2,0 0
test_0146_3,0 0
test_0147_1,0 0
test_0147_2,0 0
test_0147_3,68986 2 69498 3 70010 4 70523 3 71036 3 71548 4 72061 3 72402 3 72574 3 72914 3 73086 3 73425 3 73599 3 73937 3 74111 4 74449 2 74624 3 74960 3 75136 4 75472 3 75649 4 75983 3 76161 4 76495 3 76674 4 77006 3 77186 4 77518 3 77699 4 78029 3 78211 4 78541 3 78724 4 79053 3 79236 4 79564 3 79749 3 80075 4 80261 4 80587 3 80774 3 81098 4 81286 4 81610 3 81799 4 82121 4 82311 4 82633 3 82824 4 83144 4 83336 4 83656 3 83849 4 84058 2 84167 4 84361 4 84570 2 84679 3 84874 3 85082 2 85191 3 85386 4 85594 2 85702 3 85899 3 86106 2 86214 3 86411 3 86618 3 86725 3 86924 1 87130 3 87237 3 87280 2 87643 2 87749 3 87792 3 88155 2 88260 3 88305 2 88667 3 88772 3 88817 2 89179 3 89283 4 89329 3 89691 3 89795 3 89842 2 90203 3 90307 3 90354 3 90715 3 90818 3 90866 3 91227 3 91330 3 91379 3 91739 3 91842 3 91891 3 92251 3 92353 3 92404 3 92764 2 92865 3 92916 3 93276 2 93377 3 93429 2 93788 3 93889 2 93941 3 94300 3 94400 3 94453 3 94812 3 94912 3 94966 3 95324 3 95423 3 95478 3 95836 3 95935 3 95990 4 96349 2 96446 3 96503 3 96861 3 96958 3 97015 3 97373 3 97469 4 97528 3 97885 3 97981 3 98040 3 98397 3 98493 3 98553 2 98909 3 99005 3 99065 3 99421 3 99517 2 99578 3 99934 2 100028 3 100090 3 100446 3 100540 3 100603 2 100958 3 101051 3 101115 3 101470 3 101563 3 101627 3 101983 3 102075 3 102140 3 102495 3 102586 3 102652 3 103007 3 103098 3 103165 2 103519 3 103610 3 103677 3 104031 3 104122 3 104190 2 104543 3 104633 4 104702 3 105055 3 105145 3 105214 3 105567 3 105657 3 105727 2 106079 3 106169 3 106239 3 106591 3 106680 3 106751 3 107104 3 107192 3 107264 3 107616 3 107704 3 107776 3 108128 3 108215 4 108288 4 108640 3 108727 3 108801 3 109153 3 109239 3 109314 3 109665 3 109751 3 109826 3 110177 3 110263 3 110339 3 110689 3 110775 3 110851 3 111201 3 111286 3 111364 2 111713 3 111798 3 111876 3 112226 3 112310 3 112388 3 112738 3 112822 3 112901 3 113250 3 113334 3 113413 3 113763 2 113846 3 113926 3 114275 3 114358 3 114439 2 114787 3 114870 3 114951 3 115299 3 115382 3 115464 2 115812 2 115893 4 115976 3 116324 2 116405 4 116488 3 116836 3 116917 3 117001 2 117348 3 117429 3 117513 3 117861 2 117941 3 118025 3 118373 3 118453 3 118538 3 118885 3 118965 3 119050 3 119397 3 119477 3 119562 3 119910 2 119989 3 120075 3 120422 2 120501 3 120587 3 120934 2 121013 3 121100 3 121446 3 121525 3 121612 3 121958 3 122037 3 122125 3 122470 3 122548 3 122637 4 122983 2 123060 3 123150 3 123495 2 123572 3 123662 3 124007 3 124084 3 124175 3 124520 2 124596 3 124687 3 125032 3 125108 3 125200 3 125544 3 125619 4 125712 3 126056 4 126131 4 126225 2 126568 4 126643 3 126737 3 127081 4 127155 3 127250 2 127593 4 127667 3 127762 3 128105 4 128178 4 128274 3 128618 4 128690 3 128787 3 129130 4 129202 3 129299 3 129642 4 129714 3 129811 4 130154 4 130226 3 130324 3 130666 4 130738 3 130837 3 131179 3 131249 3 131350 3 131691 4 131761 3 131862 3 132203 4 132273 3 132375 3 132716 3 132784 4 132887 3 133228 3 133296 3 133400 3 133741 3 133808 3 133912 3 134103 2 134253 3 134320 3 134425 3 134613 6 134765 3 134832 3 134937 3 135124 8 135278 2 135344 3 135450 3 135635 10 135790 2 135855 3 135962 3 136146 4 136154 3 136302 3 136367 3 136475 3 136658 4 136667 3 136814 3 136879 3 136987 3 137169 4 137180 2 137326 3 137391 3 137500 3 137681 4 137692 2 137839 2 137903 2 138012 4 138193 3 138205 1 138351 3 138414 3 138525 3 138705 3 138717 2 138863 3 138926 3 139037 4 139217 3 139229 2 139375 3 139438 3 139550 3 139728 3 139742 1 139888 2 139950 3 140062 4 140240 3 140254 1 140400 2 140462 3 140575 3 140752 3 140765 2 140912 3 140973 3 141087 4 141265 2 141277 2 141424 3 141485 3 141600 3 141777 3 141789 2 141936 3 141997 3 142112 4 142289 3 142301 2 142449 3 142508 3 142625 3 142801 3 142813 2 142961 3 143020 3 143137 4 143313 3 143324 2 143473 3 143532 3 143650 3 143825 4 143835 3 143985 3 144043 3 144162 4 144338 4 144347 3 144497 3 144555 3 144675 3 144850 4 144858 4 145010 2 145067 3 145187 4 145363 10 145522 2 145578 3 145700 3 145875 10 146034 3 146090 3 146212 4 146388 8 146546 3 146601 4 146725 3 146902 5 147059 2 147113 4 147237 4 147571 2 147625 3 147750 3 148083 3 148137 3 148262 4 148595 3 148648 4 148774 4 149107 3 149160 3 149287 3 149619 3 149672 3 149800 1 149871 1 150132 2 150184 3 150382 3 150644 2 150696 3 150894 3 151156 2 151207 4 151407 2 151668 2 151719 3 151919 2 152180 3 152231 3 152431 3 152692 3 152742 4 152943 3 153205 2 153254 3 153455 3 153717 3 153766 3 153967 3 154229 3 154278 3 154479 3 154741 3 154790 3 154992 2 155254 2 155302 3 155504 2 155766 2 155813 3 156016 2 156278 2 156325 3 156528 2 156790 2 156837 3 157040 3 157302 2 157349 3 157552 3 157814 3 157860 3 158064 3 158326 3 158372 3 158576 3 158838 3 158884 3 159088 3 159351 2 159396 2 159600 3 159863 2 160112 3 160624 3 161136 3 161648 3 162160 3 162673 2 163185 2 163697 3 164209 3 164721 3 165233 3 165745 3 166257 3 166769 3 167281 3 167793 3 168305 3 168817 3 169329 3 169841 3 170353 3 170866 3 171378 3 171890 3 172402 3 172914 3 173426 3 173938 3 174450 3 174962 3 175474 3 175986 3 176498 3 177010 3 177523 2 178035 2 178547 2 179059 3 179571 3 180083 3 180595 3 181107 3 181619 3 182131 3 182643 3 183155 3 183667 3 184179 3 184692 2 185204 2 185716 3 186228 3 186740 3 187252 3 187764 3 188276 3 188788 3 189300 3 189812 3 190324 3 190837 3 191349 3 191861 3 192373 3 192885 3 193397 3 193909 3 194421 3 194933 3 195445 4 195957 4 196469 4 196982 3 197494 3 198006 3 198518 3 199030 3 199542 4 200055 3 200567 3 201079 3 201591 3 202103 3 202615 3 203127 3 203639 3 204151 3 204663 3 205175 3 205687 3 206200 3 206712 3 207224 3 207736 3 208248 3 208760 3 209272 3 209784 3 210296 3 210808 3 211320 3 211615 32 211832 3 212125 40 212344 3 212633 44 212856 3 213142 48 213368 3 213647 54 213881 2 214156 21 214201 2 214209 3 214393 2 214664 22 214905 3 215170 25 215417 3 215678 22 215929 3 216186 21 216441 3 216694 21 216953 3 217204 18 217465 3 217712 17 217977 3 218222 15 218489 3 218733 10 219001 3 219246 6 219513 3 220025 3 220537 3 221049 3 221561 3 222073 3 222585 3 223097 3 223609 4 224121 4 224634 3 225146 3 225658 3 226170 3 226682 3 227194 3 227706 3 228218 3 228731 2 229243 2 229755 2 230267 2 230779 2 231292 1
test_0148_1,0 0
test_0148_2,0 0
test_0148_3,41268 2 41780 3 42292 3 42805 2 43317 2 43665 1 43829 3 44176 2 44341 3 44688 3 44854 2 45200 3 45366 2 45712 3 45878 3 46224 3 46390 3 46736 3 46902 3 47248 3 47415 2 47760 3 47927 3 48272 3 48439 3 48784 3 48951 3 49296 3 49464 2 49808 3 49976 3 50320 3 50488 3 50832 3 51001 2 51344 2 51513 3 51636 1 51856 2 52025 3 52147 3 52368 2 52537 3 52659 3 52880 2 53049 4 53170 4 53392 2 53562 3 53683 3 53904 2 54074 3 54195 3 54416 2 54586 4 54707 3 54928 2 55099 3 55219 3 55440 2 55611 3 55731 3 55951 3 56123 3 56243 3 56463 3 56635 3 56755 3 56975 3 57148 3 57268 2 57487 3 57660 3 57780 2 57999 3 58172 3 58292 2 58511 3 58684 3 58804 2 59023 3 59197 3 59316 2 59535 3 59709 3 59828 2 60047 3 60221 3 60340 2 60559 3 60733 3 60852 2 61071 3 61245 4 61363 3 61583 3 61758 3 61875 3 62095 3 62270 3 62387 3 62607 3 62782 3 62899 3 63119 3 63295 3 63411 3 63631 3 63807 3 63923 3 64135 2 64142 4 64319 3 64435 3 64647 2 64654 4 64831 3 64947 3 65160 1 65166 3 65344 3 65459 3 65678 3 65856 3 65971 3 66190 3 66368 3 66483 3 66702 3 66880 3 66995 3 67214 3 67392 4 67507 3 67726 3 67905 3 68019 3 68238 3 68417 3 68531 3 68750 3 68929 3 69042 4 69262 3 69442 2 69554 4 69774 2 69954 2 70066 4 70286 2 70466 2 70578 4 70978 3 71090 3 71490 3 71602 3 72002 3 72114 3 72514 3 72626 3 73026 3 73138 3 73538 3 73650 3 74050 3 74162 3 74562 4 74674 3 75075 3 75186 2 75587 3 75697 3 76099 3 76209 3 76611 3 76721 3 77124 3 77233 3 77636 3 77745 3 78148 3 78257 3 78661 3 78769 3 79173 3 79281 3 79685 3 79792 3 80197 3 80304 3 80710 2 80816 3 81222 2 81328 3 81734 3 81840 3 82246 3 82352 3 82759 2 82864 3 83271 3 83376 2 83783 3 83887 3 84295 3 84399 3 84807 3 84911 3 85320 2 85423 3 85832 2 85935 2 86344 3 86447 2 86856 3 86959 2 87369 2 87470 3 87881 3 87982 3 88393 3 88494 3 88905 3 89006 3 89418 2 89518 3 89930 2 90030 3 90442 3 90542 2 90954 3 91053 3 91466 3 91565 3 91978 3 92077 3 92491 3 92589 3 93003 3 93101 2 93515 3 93612 3 94027 3 94124 3 94539 3 94636 3 95051 3 95148 3 95564 2 95660 3 96076 2 96172 3 96588 3 96683 3 97100 3 97195 3 97612 3 97707 3 98124 3 98219 3 98637 2 98731 3 99149 3 99244 1 99661 3 100174 2 100686 2 101198 2 101710 2 102222 2 102735 1 148248 18 148754 29 149252 52 149748 7 149760 57 150246 50 150299 27 150746 3 150752 48 151254 47 151765 21 151795 2 152276 18 152788 9 206654 3 207165 6 207677 9 208190 10 208705 11 209220 12 209734 11 210248 11 210764 10 211280 8 211794 9 212308 8 212823 7 213336 7 213849 8 214363 7 214877 7 215390 8 215904 7 216418 6 216932 6 217445 6 217959 6 218472 6 218986 5 219499 6 220013 6 220526 7 221040 7 221554 7 222068 6 222582 6 223096 7 223609 8 224123 8 224637 8 225152 7 225665 7 226180 6 226694 5 227208 3
test_0149_1,0 0
test_0149_2,0 0
test_0149_3,29667 1 30179 1 30691 2 31204 2 31716 2 32229 2 32741 3 33254 2 33766 2 34279 2 34792 1 35304 1 35578 2 35817 1 36089 4 36329 1 36601 6 37114 6 37627 7 38140 7 38653 8 39165 9 39679 9 40193 8 40707 7 41220 7 41734 6 42247 6 42761 5 43274 5 43788 4 44301 4 44815 2 104300 2 104812 2 105325 2 105837 2 106349 3 106861 3 107374 2 107886 2 108398 3 108910 3 109423 3 109935 3 110447 3 110960 3 111472 3 111802 2 111984 3 112314 4 112497 3 112826 5 113009 3 113339 7 113521 4 113853 7 114034 3 114367 7 114546 3 114881 6 115058 4 115395 6 115571 3 115909 6 116083 3 116423 6 116595 4 116937 6 117108 3 117451 6 117620 4 117965 6 118132 4 118479 6 118645 3 118992 7 119157 3 119506 8 119669 3 120020 8 120181 4 120534 9 120694 3 121049 8 121206 3 121563 9 121718 3 122077 10 122230 3 122591 11 122603 2 122742 3 123105 15 123255 3 123621 25 123767 3 124136 28 124279 3 124653 23 124791 3 125172 16 125304 2 125816 3 126328 3 126841 2 127353 2 127865 3 128377 3 128890 2 129402 2 129914 3 130427 2 130939 2 131451 3 131963 3 132476 2 132988 3 133500 3 134013 2 134525 2 135037 3 135549 3 136062 2 136353 1 136574 2 136864 3 137086 3 137375 4 137599 2 137887 3 138111 2 138399 3 138623 3 138910 4 139135 3 139422 3 139648 2 139933 4 140160 3 140445 3 140672 3 140957 3 141185 3 141468 3 141697 3 141980 3 142209 3 142491 3 142721 3 143003 3 143234 3 143514 4 143746 3 144026 3 144258 3 144537 4 144771 3 145049 4 145283 3 145561 3 145796 2 146072 4 146308 3 146583 4 146820 3 147095 4 147333 3 147607 3 147754 1 147845 3 148118 4 148266 2 148358 3 148629 5 148778 3 148870 3 149141 4 149290 3 149383 3 149652 5 149803 3 149895 3 150164 4 150315 3 150408 3 150675 5 150827 4 150920 3 151186 5 151340 3 151433 3 151697 6 151852 4 151945 3 152209 5 152365 3 152457 4 152720 6 152877 4 152970 3 153232 5 153390 3 153482 4 153743 6 153902 4 153995 3 154254 6 154415 3 154508 3 154766 6 154927 3 155020 3 155277 6 155440 3 155533 3 155789 5 155952 3 156045 4 156300 5 156465 3 156558 3 156811 6 156977 3 157071 3 157322 6 157490 3 157583 4 157833 6 158002 3 158096 4 158345 5 158514 4 158608 5 158856 4 159027 3 159121 5 159368 4 159539 4 159634 4 159879 4 160052 3 160147 4 160390 4 160564 3 160660 4 160901 5 161077 3 161172 5 161413 4 161589 4 161685 5 161924 4 162102 3 162198 4 162435 5 162614 4 162711 5 162946 5 163126 4 163224 4 163458 4 163638 5 163737 5 163968 5 164151 4 164249 5 164480 4 164663 5 164762 5 164991 5 165176 4 165275 5 165502 5 165688 4 165788 5 166013 5 166201 4 166302 4 166524 6 166714 3 166815 4 167035 6 167227 2 167328 4 167546 6 167739 3 167841 4 168057 5 168252 2 168354 3 168568 5 168764 3 168866 3 169079 5 169277 2 169379 2 169590 5 169789 3 170101 5 170302 3 170612 5 170814 3 171123 5 171327 3 171634 6 171839 3 172145 6 172352 3 172656 6 172864 3 173167 6 173377 2 173678 6 173889 3 174189 6 174402 3 174700 5 174914 3 175211 5 175427 2 175722 5 175939 3 176233 5 176451 4 176744 5 176964 3 177256 4 177477 3 177768 3 177989 3 178502 3 179014 3 179527 2 180039 3 180552 3 181064 3 181577 3 182089 3 182602 3 183114 4 183627 3 184140 3 184652 3 185164 4 185677 3 186190 3 186702 4 187215 4 187728 3 188240 4 188753 3 189266 3 189778 4 190291 3 190803 4 191316 4 191829 3 192341 4 192854 4 193367 4 193879 4 194392 4 194904 5 195417 4 195930 4 196443 4 196956 4 197469 3 197981 4 198494 3 199007 3 199520 1
test_0150_1,0 0
test_0150_2,49300 3 49812 4 50323 6 50835 6 51347 6 51859 6 52371 6 52883 6 53395 6 53907 6 54419 6 54932 5 55444 5 55957 4 56469 4 56982 2 191260 3 191771 5 192282 7 192794 7 193306 7 193818 7 194330 7 194842 6 195355 5 195868 3 198702 1 199213 4 199725 4 200236 5 200748 5 201260 5 201772 5 202284 4 202797 2
test_0150_3,0 0
test_0151_1,0 0
test_0151_2,0 0
test_0151_3,44650 3 45162 3 45675 2 45847 3 46187 3 46349 15 46699 3 46857 18 47211 3 47367 18 47723 3 47875 18 48236 2 48381 21 48748 2 48890 20 49260 3 49396 23 49772 3 49905 20 50285 2 50410 24 50797 3 50918 23 51309 3 51425 26 51821 3 51930 27 52334 2 52438 27 52846 3 52948 22 53358 3 53458 13 53870 3 53969 9 54383 2 54480 7 54895 3 55407 3 55919 3 56432 2 56944 2 57456 3 57968 3 58481 2 58993 2 59505 3 60017 3 60530 2 61042 2 61554 3 62066 3 62579 2 63091 2 63603 3 64115 3 64627 3 65140 2 65652 2 66164 3 66676 3 67189 2 67701 3 67725 1 68213 3 68232 7 68725 3 68742 9 69238 2 69253 9 69750 3 69763 8 70262 3 70274 7 70774 3 70784 8 71261 3 71287 3 71295 7 71773 8 71799 3 71805 7 72285 15 72310 12 72797 20 72822 11 73315 28 73830 24 74348 17 74872 4 75385 3 75897 3 76409 3 76922 3 77434 3 77946 3 78459 3 78971 3 79483 3 79996 2 80508 3 81020 3 81532 3 82045 2 82557 3 83070 2 83582 2 84094 2 84606 3 85118 3 85631 2 86143 1 96592 2 97104 2 97616 3 98129 2 98641 2 99153 3 99665 3 100177 3 100690 2 101202 3 101714 3 102226 3 102739 3 103251 3 103763 3 104275 3 104788 3 105300 3 105812 3 106325 3 106837 3 107349 3 107861 3 108374 3 108886 3 109398 3 109910 3 110423 3 110935 3 111447 3 111959 3 112472 3 112984 3 113496 3 114008 4 114521 3 115033 3 115546 2 116058 3 116570 3 117083 2 117595 3 118107 3 118620 2 119132 3 119645 2 120157 2 120669 2 121181 3 121694 2 122206 2 122718 3 123231 2 123743 2 124255 3 124768 2 125280 2 125792 3 126305 2 126817 2 127329 3 127841 3 128354 2 128866 3 129378 3 129891 2 130403 2 130915 3 131428 2 131940 3 132452 3 132965 2 133477 3 133989 3 134502 2 135014 3 135526 3 136039 2 136551 3 137063 3 137576 2 138088 3 138410 1 138601 2 138921 2 139113 3 139433 2 139625 3 139945 2 140138 2 140457 2 140650 3 140969 2 141162 3 141481 2 141675 2 141993 2 142187 3 142505 2 142699 3 143016 3 143212 3 143528 3 143724 3 144040 3 144236 4 144552 3 144749 3 145064 3 145261 3 145576 3 145774 3 146088 3 146286 3 146600 3 146799 2 147112 3 147311 3 147624 3 147823 3 148136 3 148336 3 148648 3 148848 3 149160 3 149361 2 149672 3 149873 3 150184 2 150385 3 150696 2 150898 3 151208 2 151410 3 151720 2 151923 2 152232 2 152435 3 152743 3 152948 2 153255 3 153460 3 153767 3 153972 3 154279 3 154485 3 154791 3 154997 3 155303 2 155510 3 155815 2 156022 3 156327 2 156534 3 156839 2 157047 3 157351 2 157559 3 157862 3 158072 3 158374 3 158584 3 158886 3 159096 4 159398 3 159609 3 159910 3 160121 3 160422 3 160634 3 160934 3 161146 3 161446 3 161658 3 161958 3 162171 2 162470 3 162684 1 162982 2 163494 2 164006 2 164518 2 165030 2 165542 2 166053 3 166565 3 167077 3 167589 3 168101 2 168613 2 169125 2 169637 2 170148 3 170660 3 171172 3 171684 3 172196 3 172708 3 173220 2 173732 2 174244 2 174756 2 175268 2 175779 3 176291 3 176803 3 177315 3 177827 3 178339 2 178851 2 179363 2 179874 3 180386 3 180898 3 181410 3 181922 3 182434 2 182945 3 183457 3 183969 3 184481 3 184993 2 185504 3 186016 3 186528 3 187040 3 187552 3 188064 3 188576 3 189088 2 189600 2 190111 3 190623 3 191135 3 191647 2 192159 2 192671 2 193182 3 193694 3 194206 3 194718 2 195229 3 195741 3 196253 3 196765 2 197277 2 197788 3 198300 3 198812 3 199324 3 199836 2 200348 2 200859 3 201371 3 201529 9 201883 2 202041 15 202395 2 202553 20 202907 2 203074 19 203419 2 203594 17 203931 2 204111 15 204443 1 204627 15 205142 16 205659 14 206175 14 206694 10 207209 11 207725 10 208241 9 208757 9 209271 8 209786 8 210301 7 210815 7 211330 6 211845 6 212359 6 212873 6 213387 6 213901 6 214415 6 214929 6 215443 5 215957 4 216471 2
test_0152_1,192641 9 193150 17 193661 21 194171 25 194682 27 195193 29 195704 31 196216 31 196727 33 197238 34 197750 35 198261 37 198773 37 199285 38 199797 39 200309 39 200820 40 201332 41 201843 42 202355 42 202866 44 203378 44 203890 44 204402 44 204914 45 205426 45 205939 44 206451 44 206963 44 207475 44 207987 44 208499 44 209012 43 209523 44 210036 43 210547 44 211059 44 211571 44 212083 44 212595 43 213107 43 213619 42 214131 41 214643 40 215155 40 215667 40 216180 40 216692 40 217205 38 217717 38 218230 37 218743 36 219256 34 219770 32 220283 31 220795 31 221308 29 221822 27 222335 25 222849 22 223362 20 223878 14
test_0152_2,0 0
test_0152_3,0 0
test_0153_1,0 0
test_0153_2,60334 3 60845 5 61357 5 61868 6 62380 7 62893 5 63405 5 63917 4 64431 1 115374 3 115886 4 116397 5 116909 6 117421 6 117933 6 118445 7 118957 7 119470 6 119982 6 120495 4 132332 3 132843 5 133355 5 133866 6 134378 6 134890 6 135402 6 135915 4 136427 4 136939 3 137452 1 138120 4 138632 5 139143 6 139655 6 140167 6 140679 5 141191 5 141703 4 142215 4 142727 3 143240 2 143752 2 144264 2 144776 2 145288 1
test_0153_3,0 0
test_0154_1,0 0
test_0154_2,0 0
test_0154_3,0 0
test_0155_1,0 0
test_0155_2,0 0
test_0155_3,31417 2 31929 3 32442 3 32954 3 33467 3 33979 3 34185 2 34492 3 34697 2 35004 3 35209 2 35517 3 35720 3 36029 3 36232 3 36542 3 36744 2 37055 3 37255 3 37567 3 37767 3 38080 3 38279 3 38592 4 38790 3 39105 3 39302 3 39617 4 39813 3 40130 4 40325 3 40642 5 40837 2 41155 4 41348 3 41668 4 41860 3 42180 4 42372 3 42693 4 42883 3 43205 5 43395 3 43718 5 43907 2 44231 4 44418 3 44744 4 44930 3 45257 4 45441 3 45769 4 45953 3 46282 4 46465 2 46795 4 46977 2 47308 4 47488 3 47820 5 48000 3 48333 4 48511 3 48846 4 49023 3 49359 4 49535 3 49872 4 50046 3 50384 5 50558 3 50897 5 51069 3 51410 5 51581 3 51923 5 52093 3 52436 4 52605 2 52948 5 53116 3 53461 4 53628 3 53974 5 54139 3 54487 4 54651 3 55000 4 55163 2 55513 4 55674 3 56025 4 56186 3 56538 4 56698 3 57051 4 57209 3 57563 4 57721 3 58076 4 58233 2 58589 4 58744 3 59102 3 59256 3 59615 3 59768 2 60127 3 60279 3 60640 3 60791 3 61152 4 61181 1 61302 3 61665 3 61692 2 61814 3 62177 4 62326 2 62690 3 62837 3 63203 2 63349 3 63715 2 63861 2 64372 3 64884 3 65395 3 65907 3 66419 2 66931 2 67443 1 67955 1 100476 3 100983 8 101494 9 102002 11 102511 12 103019 13 103529 12 104037 13 104548 9 105060 6 105572 2 144085 1 144597 2 145109 3 145622 3 146134 4 146647 3 147160 3 147673 3 148185 4 148698 3 149211 3 149723 4 150236 4 150749 3 151262 3 151774 4 152287 3 152800 3 153312 3 153825 3 154337 3 154850 3 155362 3 155875 3 156388 2 156900 3 157413 3 157925 3 158438 3 158950 3 159463 3 159975 3 160488 3 161000 3 161513 3 162025 3 162538 3 163050 3 163563 3 164075 3 164588 3 165100 3 165613 3 166125 3 166638 2 167150 3 167662 3 168175 3 168687 3 168778 2 169200 3 169290 2 169712 3 169802 3 170225 2 170314 3 170737 3 170827 2 171250 2 171339 3 171762 3 171851 3 172274 3 172363 3 172787 2 172876 2 173299 3 173388 3 173812 2 173900 3 174324 2 174412 3 174837 2 174925 3 175349 2 175437 3 175861 3 175949 3 176374 2 176461 3 176886 3 176973 3 177398 3 177485 4 177911 2 177998 3 178423 3 178510 3 178936 2 179022 3 179448 2 179534 4 179960 3 180047 3 180473 2 180559 3 180985 3 181071 4 181497 3 181583 4 182010 2 182096 3 182522 2 182608 4 183034 3 183120 4 183547 2 183633 3 184059 3 184145 3 184571 3 184657 3 185084 3 185169 4 185596 3 185681 4 186109 2 186194 3 186621 3 186706 3 187134 2 187218 3 187646 2 187730 3 188158 3 188242 4 188671 2 188755 3 189183 3 189267 3 189695 3 189779 3 190208 2 190291 3 190720 3 190803 3 191233 2 191316 2 191745 2 191828 2 192257 3 192340 3 192770 2 192852 3 193282 3 193364 3 193794 3 193876 3 194307 2 194388 3 194819 3 194901 2 195332 2 195413 3 195844 3 195925 3 196356 3 196437 3 196869 2 196949 3 197381 3 197462 2 197894 2 197974 2 198406 2 198486 2 198918 3 198998 2 199431 2 199510 2 200022 3 200534 3 201046 3 201559 1 202071 1
test_0156_1,0 0
test_0156_2,77114 3 77625 5 78137 5 78648 7 79160 6 79671 7 80182 7 80694 7 81206 6 81718 6 82230 6 82743 4 142669 3 143180 4 143692 5 144203 6 144715 6 145227 6 145739 6 146251 6 146763 6 147275 5 147787 5 148299 5 148812 3 182439 1 182950 4 183462 5 183973 6 184485 6 184997 6 185508 6 186020 6 186532 5 187045 3 190743 3 191255 4 191766 5 192277 7 192788 8 193300 8 193811 8 194323 7 194835 6 195347 5 195860 3 196373 1
test_0156_3,0 0
test_0157_1,0 0
test_0157_2,64078 2 64589 4 65100 6 65612 6 66124 7 66636 7 67147 8 67659 8 68171 8 68684 6 69198 2 91564 2 92075 4 92586 5 93097 6 93609 6 94121 6 94633 6 95145 6 95657 5 96169 5 96681 5 97194 3 193614 2 194125 4 194636 6 195148 6 195660 6 196172 6 196684 6 197196 6 197708 6 198220 5 198733 3 199956 3 200467 5 200978 6 201490 6 202002 6 202514 6 203026 6 203538 6 204050 5 204563 3 205075 3
test_0157_3,0 0
test_0158_1,74025 6 74535 11 75045 14 75556 17 76066 20 76577 22 77088 23 77599 25 78110 27 78621 28 79132 30 79643 32 80154 33 80666 34 81177 35 81689 36 82200 37 82712 38 83224 38 83736 38 84248 39 84760 39 85272 39 85784 39 86296 40 86808 40 87320 40 87832 40 88344 41 88856 41 89368 41 89880 41 90392 41 90904 42 91416 42 91928 42 92440 42 92952 42 93464 42 93976 42 94488 42 95000 42 95512 43 96024 43 96536 43 97049 42 97561 42 98073 42 98585 42 99097 42 99610 41 100122 41 100634 41 101146 42 101658 42 102170 42 102682 42 103194 42 103707 41 104219 41 104731 41 105243 41 105755 41 106267 41 106779 41 107291 41 107803 41 108315 41 108827 41 109339 41 109851 41 110363 41 110875 41 111387 41 111900 40 112412 40 112924 39 113436 39 113948 39 114460 39 114972 39 115484 39 115996 39 116508 40 117021 39 117533 39 118045 39 118557 39 119069 39 119581 39 120093 39 120605 38 121117 38 121629 38 122141 38 122653 38 123165 38 123677 38 124189 38 124701 38 125213 38 125725 38 126237 38 126750 36 127262 36 127774 36 128286 36 128799 35 129311 35 129824 34 130336 34 130849 33 131362 32 131874 32 132387 31 132900 29 133412 29 133924 28 134437 27 134950 26 135463 24 135976 23 136489 21 137002 20 137515 18 138029 15 138542 13 139056 8 139569 6 140083 2
test_0158_2,0 0
test_0158_3,0 0
test_0159_1,0 0
test_0159_2,94875 3 95386 5 95898 5 96410 5 96922 5 97433 6 97945 6 98458 4 98970 3 120550 3 121061 5 121572 7 122084 7 122596 7 123107 8 123619 8 124131 7 124643 7 125155 7 125667 6 126179 6 126691 6 127204 4 127716 3 168722 3 169234 4 169746 4 170258 5 170770 5 171282 5 171794 5 172307 3 172819 3
test_0159_3,0 0
test_0160_1,46181 3 46693 3 47204 5 47710 4 47716 5 48222 12 48714 3 48733 13 49221 17 49245 14 49732 21 49758 14 50243 24 50271 13 50754 27 50785 12 51264 31 51299 10 51775 33 51812 10 52285 35 52327 6 52796 37 52841 3 53307 39 53818 41 54329 43 54840 45 55352 46 55863 48 56375 49 56887 49 57398 51 57910 52 58421 54 58933 54 59444 56 59956 58 60468 59 60980 59 61491 61 62003 62 62514 64 63026 64 63538 65 64049 67 64561 67 65073 68 65584 69 66096 70 66608 71 67119 73 67631 73 68142 75 68654 75 69165 77 69677 77 70189 78 70700 80 71212 80 71724 81 72235 82 72747 83 73259 83 73771 84 74282 86 74794 86 75306 87 75818 87 76329 89 76841 89 77353 90 77865 90 78377 91 78889 91 79401 92 79913 92 80424 94 80936 95 81448 95 81960 95 82472 96 82984 96 83496 96 84008 97 84519 98 85031 98 85543 99 86055 99 86567 99 87079 99 87591 99 88103 99 88615 99 89128 98 89640 99 90152 99 90664 99 91176 100 91688 100 92200 100 92713 100 93225 100 93737 100 94249 101 94762 100 95274 100 95786 100 96298 100 96810 100 97322 100 97835 99 98347 98 98859 98 99371 98 99883 98 100395 97 100907 97 101419 97 101931 97 102444 96 102956 96 103468 96 103980 96 104492 96 105005 95 105517 94 106030 93 106542 92 107056 90 107570 87 108084 84 108596 83 109110 80 109623 77 110136 36 110185 26 110650 28 110704 17 111165 21 111220 10 111679 15
test_0160_2,0 0
test_0160_3,0 0
test_0161_1,180541 6 181049 12 181560 14 182070 17 182581 19 183092 21 183604 22 184115 24 184627 25 185139 26 185651 27 186162 29 186674 30 187185 31 187697 32 188209 33 188720 34 189232 35 189744 36 190256 36 190768 36 191280 37 191792 38 192304 38 192816 39 193329 38 193841 38 194353 39 194865 39 195377 40 195889 40 196401 40 196913 40 197426 39 197938 39 198450 39 198963 38 199475 38 199988 37 200500 37 201012 36 201525 35 202037 36 202549 36 203062 35 203574 36 204086 35 204599 34 205111 34 205624 32 206136 32 206648 32 207161 30 207674 29 208187 27 208700 25 209212 25 209724 24 210237 23 210749 22 211262 20 211776 16 212289 14 212803 10 213318 5
test_0161_2,0 0
test_0161_3,0 0
test_0162_1,67757 4 68268 6 68779 8 69289 11 69800 12 70311 14 70823 14 71334 15 71845 16 72357 17 72869 17 73381 17 73893 17 74405 16 74917 16 75428 17 75940 17 76452 17 76964 17 77476 17 77988 17 78500 18 79012 18 79524 18 80037 17 80549 17 81061 17 81574 16 82086 14 82598 14 83111 12 83623 11 84135 10 84648 8 85160 6 85673 3 166278 4 166789 6 167300 8 167811 9 168322 11 168834 12 169345 14 169857 15 170369 15 170771 3 170880 17 171281 7 171392 17 171792 9 171903 19 172303 11 172414 20 172813 13 172926 20 173323 16 173438 20 173834 17 173949 21 174344 19 174461 22 174855 21 174973 22 175366 22 175485 22 175877 24 175997 22 176388 25 176509 22 176900 25 177022 21 177412 26 177533 22 177924 26 178045 22 178435 27 178557 22 178947 27 179069 22 179459 27 179582 21 179971 27 180094 21 180483 27 180607 19 180996 26 181119 19 181508 26 181632 18 182020 26 182145 17 182532 26 182657 16 183045 24 183170 14 183557 24 183683 13 184069 24 184195 12 184581 23 184709 10 185094 21 185222 8 185606 20 185734 8 186119 19 186247 5 186632 17 187144 17 187657 15 188169 13 188681 12 189194 10 189706 9 190221 3
test_0162_2,0 0
test_0162_3,0 0
test_0163_1,106311 10 106820 15 107329 19 107840 21 108351 23 108862 24 109373 26 109884 27 110395 29 110907 30 111418 31 111930 32 112442 32 112953 33 113465 33 113976 34 114488 35 115000 35 115511 36 116023 37 116534 38 117046 39 117558 39 118070 40 118581 41 119093 41 119605 41 120117 42 120629 42 121141 43 121653 43 122165 45 122676 47 123188 47 123700 47 124212 47 124724 47 125236 46 125748 46 126260 46 126772 47 127284 47 127796 47 128308 48 128820 48 129332 48 129844 47 130356 48 130867 49 131379 49 131891 50 132403 50 132915 50 133428 48 133940 48 134452 48 134964 48 135476 48 135988 48 136500 48 137012 48 137524 48 138037 46 138549 46 139061 45 139573 45 140085 44 140598 43 141111 41 141624 40 142136 39 142649 38 143161 37 143674 35 144186 34 144699 33 145211 33 145724 32 146236 32 146749 30 147261 30 147774 28 148287 26 148800 24 149313 22 149826 18 150340 14 150855 9
test_0163_2,0 0
test_0163_3,0 0
test_0164_1,0 0
test_0164_2,63905 3 64416 4 64927 5 65439 5 65950 6 66462 6 66974 6 67486 5 67998 5 68510 4 69023 2
test_0164_3,0 0
test_0165_1,0 0
test_0165_2,147232 4 147744 4 148255 6 148767 6 149279 6 149791 6 150303 6 150816 5 151328 4 151840 4 152353 2 170733 3 171244 5 171756 5 172268 6 172780 6 173292 6 173804 6 174316 6 174829 4 175341 4 175854 2
test_0165_3,0 0
test_0166_1,0 0
test_0166_2,61499 2 62010 4 62521 5 62902 4 63033 5 63414 5 63545 6 63925 6 64056 7 64437 6 64568 7 64949 7 65080 7 65461 7 65592 7 65973 7 66104 7 66485 7 66616 7 66997 7 67128 7 67509 7 67640 7 68021 7 68153 6 68533 7 68665 6 69045 7 69178 4 69558 6 69691 2 70070 5 70583 4 71096 2 139988 3 140499 5 141010 7 141522 7 142034 7 142545 8 143057 8 143569 8 144081 7 144593 7 145105 6 145618 5 146130 4 146643 2 183216 2 183727 4 184238 6 184749 7 185261 7 185772 8 186284 8 186796 8 187307 9 187819 9 188331 9 188843 8 189355 8 189868 6 190380 6 190893 4
test_0166_3,0 0
test_0167_1,0 0
test_0167_2,0 0
test_0167_3,57043 1 57555 1 58068 1 58580 2 59093 2 59606 1 60119 1 151253 1 151765 2 152278 2 152790 3 153303 3 153816 3 154328 3 154841 3 155353 4 155866 3 156379 3 156891 4 157404 4 157917 3 158430 3 158942 4 159455 4 159968 3 160480 4 160993 3 161505 3 162018 3 162530 3 163043 3 163556 2 164068 3 164581 2 165093 3 165606 2 166118 3 166631 2 167143 3 167656 2 168168 3 168680 3 169193 3 169706 3 170218 3 170731 3 171243 3 171756 3 172268 3 172780 3 173293 3 173805 3 174318 2 174830 3 175342 3 175855 3 176367 3 176880 3 176970 1 177392 3 177482 2 177905 2 177994 2 178417 3 178506 3 178930 2 179018 3 179442 3 179530 3 179954 3 180043 2 180467 2 180555 3 180979 3 181067 3 181492 2 181579 3 182004 3 182092 3 182516 3 182604 3 183029 2 183116 3 183541 3 183628 3 184053 3 184141 3 184566 2 184653 3 185078 3 185165 3 185591 2 185677 3 186103 3 186189 4 186615 3 186701 4 187128 2 187214 3 187640 3 187726 3 188152 3 188238 4 188665 2 188751 3 189177 3 189263 3 189689 3 189775 3 190202 2 190287 4 190714 3 190799 4 191226 3 191312 3 191739 2 191824 3 192251 3 192336 4 192763 3 192848 4 193276 3 193361 3 193788 3 193873 3 194301 2 194385 3 194813 3 194897 3 195326 2 195410 3 195838 3 195922 3 196350 3 196434 3 196862 3 196946 3 197375 3 197458 4 197887 3 197970 4 198400 2 198482 4 198912 3 198995 3 199425 2 199507 3 199937 2 200019 3 200449 3 200531 3 200962 2 201043 3 201474 3 201555 3 201986 3 202068 2 202499 2 202580 2 203011 2 203092 3 203524 2 203604 3 204036 2 204116 3 204548 2 204628 3 205061 2 205140 3 205573 2 205653 2 206085 3 206165 3 206598 2 206677 3 207110 2 207189 3 207701 3 208214 2 208726 2 209238 2 209750 2 210262 2 210774 2 211287 1
test_0168_1,54380 1 54891 4 55403 5 55915 5 56428 5 56940 5 57453 4 57965 3 63081 7 63589 15 64099 20 64609 24 65119 28 65630 32 66140 37 66651 40 67162 43 67673 46 68184 51 68695 54 69206 58 69717 61 70229 63 70740 66 71252 68 71763 70 72275 71 72787 71 73298 73 73810 74 74321 76 74833 77 75344 79 75856 80 76368 81 76880 82 77392 83 77903 85 78415 85 78927 86 79439 87 79951 87 80464 87 80976 88 81488 89 81999 90 82511 91 83023 92 83535 92 84047 93 84559 93 85072 93 85584 93 86096 94 86608 94 87120 95 87632 95 88144 96 88656 96 89168 97 89681 96 90193 97 90705 97 91217 98 91729 98 92241 99 92754 98 93266 99 93778 99 94290 99 94802 100 95314 100 95827 100 96339 100 96852 99 97365 99 97878 99 98391 98 98903 99 99416 98 99929 98 100442 97 100954 98 101467 97 101980 97 102493 96 103006 95 103519 95 104032 94 104546 93 105060 91 105575 88 106091 85 106609 79 107124 76 107646 66 108164 61 108681 56 109194 55 109707 55 110222 52 110736 50 111249 49 111762 49 112275 48 112788 47 113302 46 113815 45 114328 44 114840 44 115353 44 115865 44 116378 43 116890 44 117403 43 117915 43 118428 42 118941 42 119453 42 119966 41 120478 42 120991 41 121504 40 122016 40 122529 40 123041 40 123554 39 124066 40 124579 39 125091 39 125604 38 126116 39 126629 38 127141 38 127654 38 128166 38 128679 37 129192 36 129704 37 130216 37 130729 36 131241 37 131754 36 132266 36 132778 36 133291 36 133803 36 134316 35 134828 35 135340 35 135853 35 136365 35 136878 34 137390 34 137902 34 138415 34 138927 34 139440 33 139953 33 140465 33 140978 32 141491 32 142003 32 142516 31 143028 31 143541 30 144055 28 144568 27 145081 26 145594 26 146107 25 146620 23 147132 23 147645 22 148158 21 148671 20 149184 19 149697 18 150210 17 150723 15 151236 13 151749 11 152262 9 152775 7 153290 1
test_0168_2,0 0
test_0168_3,0 0
test_0169_1,145278 17 145303 4 145788 36 146298 42 146809 44 147319 47 147830 49 148341 52 148853 53 149364 56 149876 56 150388 58 150899 60 151411 60 151923 61 152434 63 152946 64 153458 64 153970 65 154482 66 154994 67 155506 67 156018 68 156530 68 157042 69 157553 70 158065 70 158577 70 159089 71 159602 70 160114 70 160626 70 161138 70 161650 70 162162 70 162674 70 163186 70 163698 70 164211 69 164723 69 165235 69 165747 69 166260 68 166772 68 167284 68 167797 67 168309 67 168821 67 169333 67 169846 66 170358 66 170870 66 171382 66 171895 65 172407 65 172920 64 173432 64 173944 63 174456 63 174968 62 175480 62 175993 60 176505 59 177017 59 177530 57 178042 57 178555 55 179067 54 179580 53 180092 52 180604 51 181117 50 181630 48 182143 46 182656 45 183169 43 183682 42 184194 41 184707 39 185220 37 185733 35 186247 32 186760 29 187272 28 187785 25 188298 22 188811 19 189325 13
test_0169_2,0 0
test_0169_3,0 0
test_0170_1,108167 2 108678 4 109189 5 109701 6 110212 8 110723 9 111235 10 111746 11 112258 12 112770 12 113282 12 113793 13 114305 14 114348 4 114817 14 114859 7 115329 14 115369 10 115841 15 115880 12 116353 15 116391 14 116864 17 116892 2 116902 16 117376 17 117403 3 117414 16 117888 18 117915 4 117925 18 118400 18 118427 5 118436 19 118912 19 118938 6 118948 19 119424 20 119449 8 119459 20 119936 20 119961 30 120448 22 120473 30 120960 55 121472 55 121984 56 122496 56 123008 56 123520 56 124032 57 124544 57 125056 57 125568 57 126080 58 126592 58 127104 58 127616 59 128128 59 128640 59 129152 60 129665 59 130177 59 130689 60 131201 60 131713 60 132225 60 132737 60 133249 60 133762 60 134274 60 134786 60 135298 60 135810 60 136322 60 136834 60 137346 60 137858 60 138371 59 138883 59 139395 59 139907 59 140419 60 140932 59 141444 59 141957 58 142469 58 142981 58 143493 58 144006 57 144518 58 145025 2 145030 58 145536 4 145543 57 146048 4 146056 56 146561 3 146574 50 147074 1 147091 1 147096 40 147610 38 148122 38 148635 37 149148 36 149660 36 150173 35 150685 35 151198 34 151710 34 152223 33 152735 33 153248 32 153760 32 154273 31 154785 31 155297 31 155810 29 156322 29 156835 28 157347 28 157859 28 158372 27 158884 27 159397 26 159909 26 160422 25 160935 24 161448 23 161960 22 162473 21 162985 21 163497 20 164009 20 164522 18 165034 17 165546 16 166058 16 166570 15 167083 14 167595 13 168108 11 168621 9 169137 3
test_0170_2,0 0
test_0170_3,0 0
test_0171_1,54435 9 54944 14 55455 17 55965 20 56476 22 56987 24 57498 25 58009 27 58521 28 59032 30 59543 32 60055 33 60566 34 61078 35 61590 36 62102 36 62614 37 63126 38 63638 38 64151 37 64663 38 65175 38 65687 39 66199 39 66711 40 67223 40 67735 41 68247 41 68759 42 69272 41 69784 41 70296 42 70808 42 71320 42 71832 43 72344 43 72856 44 73369 43 73881 43 74393 44 74905 44 75418 43 75930 44 76442 44 76954 44 77466 45 77978 46 78490 46 79002 46 79514 47 80026 47 80538 48 81051 47 81563 47 82075 48 82588 47 83100 48 83612 48 84125 47 84637 48 85150 47 85663 47 86175 47 86688 46 87200 47 87713 46 88226 46 88738 46 89251 46 89764 45 90276 46 90789 45 91302 44 91814 45 92327 44 92840 43 93352 44 93865 43 94378 42 94890 43 95403 42 95916 41 96428 42 96941 41 97453 41 97966 41 98479 40 98992 40 99504 40 100017 39 100529 40 101042 39 101555 38 102067 39 102580 38 103092 38 103605 37 104118 37 104630 37 105143 36 105656 36 106168 36 106681 35 107194 35 107706 35 108219 34 108731 35 109244 34 109757 33 110270 32 110782 33 111295 32 111807 33 112320 32 112833 31 113345 31 113858 31 114370 31 114883 31 115396 30 115908 30 116421 29 116934 29 117446 29 117959 28 118471 29 118984 28 119497 27 120009 28 120522 27 121034 27 121547 27 122059 27 122572 26 123084 26 123597 26 124109 26 124622 26 125135 25 125647 25 126160 24 126672 24 127184 25 127697 24 128210 23 128722 24 129235 23 129747 23 130260 22 130772 23 131285 22 131797 22 132310 21 132822 22 133335 21 133847 21 134360 20 134872 20 135385 19 135897 19 136409 19 136922 18 137434 19 137947 18 138459 18 138972 17 139484 17 139997 16 140510 15 141023 14 141536 13 142048 12 142561 11 143073 10 143586 8 144100 4
test_0171_2,0 0
test_0171_3,0 0
test_0172_1,0 0
test_0172_2,92075 4 92586 5 93097 6 93609 6 94121 6 94633 6 95145 6 95657 6 96169 5 96681 5 97194 3 97707 1 193614 2 194125 4 194636 6 195148 6 195660 6 196172 6 196684 6 197196 6 197708 6 198220 5 198733 3 199445 1 199955 4 200467 5 200978 6 201490 6 202002 6 202514 6 203026 6 203538 5 204050 5 204563 3 205075 2
test_0172_3,0 0
test_0173_1,0 0
test_0173_2,61369 1 61879 4 62391 4 62902 6 63414 6 63926 5 64439 4 64951 3 65464 1 147411 2 147923 3 148434 5 148946 6 149458 6 149971 5 150483 5 150996 2 166553 2 167065 3 167576 5 168088 5 168600 5 169112 6 169624 6 170136 6 170648 5 171161 4 171674 2 176699 4 177210 6 177722 7 178234 7 178746 7 179258 6 179770 6 180283 4 195392 4 195904 4 196416 5 196927 6 197439 6 197951 6 198463 6 198975 6 199487 6 200000 5 200512 4
test_0173_3,0 0
test_0174_1,69843 4 70352 10 70863 12 71374 14 71885 16 72396 18 72907 20 73418 22 73929 23 74441 24 74952 26 75463 28 75975 28 76486 29 76997 31 77509 31 78021 31 78532 32 79044 32 79555 33 80067 33 80578 35 81090 35 81601 36 82113 37 82625 37 83136 38 83648 38 84160 38 84672 38 85183 39 85695 39 86207 39 86718 40 87230 40 87742 40 88254 40 88765 41 89277 40 89789 40 90301 40 90812 41 91324 41 91836 41 92348 41 92860 41 93371 42 93883 42 94395 42 94907 42 95418 43 95930 43 96442 43 96954 43 97466 43 97977 44 98489 44 99001 44 99513 44 100024 45 100536 45 101048 45 101560 45 102072 45 102583 46 103095 46 103607 45 104119 45 104630 46 105142 46 105654 46 106166 46 106677 47 107189 46 107701 46 108213 46 108724 47 109236 47 109748 47 110260 47 110771 48 111283 48 111795 48 112306 49 112818 49 113330 48 113842 48 114353 49 114865 49 115376 50 115888 50 116399 50 116911 50 117422 51 117934 51 118445 51 118956 52 119468 51 119979 52 120490 53 121002 53 121512 54 122024 54 122534 56 123044 58 123555 59 124065 61 124575 62 125085 64 125595 66 126105 68 126614 70 127123 73 127632 76 128143 77 128654 78 129165 79 129676 80 130187 81 130699 81 131210 82 131722 82 132233 82 132745 81 133256 82 133768 81 134280 81 134792 80 135304 80 135816 80 136328 80 136840 79 137352 79 137864 79 138376 79 138888 79 139400 79 139912 79 140425 78 140937 78 141449 78 141961 18 141984 55 142474 13 142503 47 142987 11 143023 39 143500 9 143536 38 144013 7 144050 36 144525 6 144564 33 145038 3 145079 30 145593 28 146107 26 146619 25 147132 23 147644 23 148158 20 148672 18 149186 15 149699 13 150213 9 150726 5
test_0174_2,0 0
test_0174_3,0 0
test_0175_1,0 0
test_0175_2,0 0
test_0175_3,30255 3 30767 3 31279 4 31792 4 32305 4 32817 5 33330 5 33843 5 34356 5 34869 5 35382 5 35895 5 36408 5 36921 4 37434 4 37946 5 38459 5 38972 5 39485 5 39998 5 40511 6 40533 1 41024 6 41044 2 41538 5 41555 3 42051 5 42066 3 42563 6 42577 4 43076 6 43089 3 43587 9 43600 4 44099 10 44111 4 44610 3 44616 10 45121 4 45129 9 45632 4 45642 8 46143 5 46155 7 46654 4 46669 5 47165 5 47182 5 47677 4 47695 4 48188 4 48208 3 48699 5 49210 5 49721 5 50232 4 50742 5 51253 5 51764 5 52275 4 52786 4 53295 6 53806 5 54317 5 54828 5 55338 6 55849 5 56359 6 56870 5 57381 5 57891 6 58402 6 58913 5 59423 5 59934 4 60447 3 68237 3 68750 4 69263 5 69776 5 70289 6 70802 6 71316 6 71829 7 72344 5 72858 4 73371 5 73884 5 74397 6 74910 6 75423 7 75936 7 76449 7 76963 6 77479 2 206511 5 207023 7 207536 10 207548 2 208049 15 208563 15 209079 12 209596 9 210109 9 210623 10 211137 9 211652 9 212166 9 212680 10 213193 11 213707 12 214221 11 214736 13 215250 12 215764 12 216280 11 216795 9 217309 9 217824 8 218338 7 218855 3
test_0176_1,0 0
test_0176_2,0 0
test_0176_3,61782 2 62294 4 62806 5 63320 6 63834 5 64347 6 64861 5 65374 6 65888 6 66403 5 66916 6 67430 5 67943 6 68457 6 68971 5 69485 5 69998 6 70512 6 71026 5 71540 5 72053 6 72567 6 73080 7 73595 6 74109 6 74623 6 75137 6 75651 7 76165 7 76679 7 77193 7 77708 7 78222 7 78736 8 79250 10 79765 10 80279 11 80796 8 81311 9 81826 7 82341 5 118924 2 119436 2 119947 3 120459 2 120971 2 121482 3 121994 3 122506 3 123018 3 123530 2 124041 3 124553 3 125065 3 125577 2 126089 2 126601 2 127113 2 127624 3 128136 3 128648 3 129160 2 129671 3 130183 3 130695 3 131207 2 131719 2 132231 2 132742 3 133254 3 133766 3 134278 2 134789 3 135301 3 135813 3 136325 3 136837 2 137349 2 137860 3 138372 3 138884 3 139396 3 139908 2 140419 3 140931 3 141443 3 141955 3 142466 4 142978 4 143489 4 144001 4 144513 4 145025 4 145536 5 146048 5 146560 5 147071 6 147583 6 148095 6 148607 5 149119 5 149630 6 150142 6 150654 6 151166 5 151677 6 152189 6 152700 7 153212 7 153724 7 154235 3 154240 2 154747 2 154752 2 155259 2 155264 2 155770 3 155776 2 156282 3 156288 2 156794 3 156800 2 157305 3 157312 2 157817 3 157824 2 158329 3 158336 2 158841 3 158848 1 159352 3 159360 1 159864 3 160376 3 160888 2 161399 3 161911 3 162423 2 162934 3 163446 3 163957 4 164469 3 164981 3 165492 3 166004 3 166516 3 167027 3 167539 3 168051 3 168563 2 169075 2 169586 3 170098 3 170609 4 171121 3 171633 3 172145 2 172657 2 173168 3 173680 3 174192 3 174704 2 175216 2 175728 1
test_0177_1,0 0
test_0177_2,130129 2 130640 4 131152 5 131664 5 132176 6 132688 6 133200 7 133712 7 134224 7 134737 6 135249 6 135762 5 136275 4 136788 4 137300 4 137812 5 138324 5 138837 3 139349 2 145630 3 146141 5 146652 6 147164 7 147676 7 148187 8 148699 8 149211 8 149723 8 150236 7 150748 7 151260 6 151773 5 152286 3 170129 4 170640 6 171152 6 171663 7 172175 7 172687 7 173199 7 173711 7 174223 7 174735 7 175247 7 175759 6 176271 5 176784 4 177296 2
test_0177_3,0 0
test_0178_1,74527 5 75037 8 75548 9 76060 8 76570 10 77081 11 77593 11 78104 12 78617 12 79129 12 79641 12 80152 14 80665 13 81177 14 81689 14 82201 14 82712 15 83223 16 83734 17 84247 16 84759 16 85273 13 85786 12 86299 11 86811 11 87323 11 87835 13 88346 14 88858 14 89370 14 89882 14 90394 14 90905 15 91417 15 91929 16 92440 17 92952 17 93464 17 93976 17 94488 17 95000 17 95511 18 96023 19 96535 19 97046 20 97558 20 98070 20 98582 20 99093 21 99605 21 100117 21 100629 21 101140 22 101652 22 102164 23 102675 24 103187 24 103699 24 104210 25 104722 26 105233 27 105745 27 106233 4 106256 28 106743 10 106767 29 107254 16 107278 30 107766 17 107790 30 108277 20 108300 32 108789 55 109301 55 109812 56 110324 56 110835 57 111347 57 111858 58 112370 58 112881 59 113393 59 113905 59 114416 60 114928 60 115440 59 115952 59 116463 60 116975 59 117487 59 117998 59 118510 59 119022 59 119534 58 120046 58 120557 58 121069 56 121581 54 122092 52 122604 50 123116 48 123628 46 124139 46 124651 44 125163 43 125675 42 126187 41 126698 41 127210 40 127722 40 128234 39 128746 38 129258 37 129769 38 130281 37 130793 36 131305 35 131817 35 132329 34 132841 33 133353 33 133865 32 134377 32 134889 31 135401 31 135913 30 136425 30 136937 30 137449 29 137961 29 138474 27 138988 25 139500 24 140012 24 140525 22 141037 22 141549 21 142062 20 142574 20 143086 19 143598 19 144111 17 144623 17 145135 16 145647 16 146160 15 146673 13 147188 8 147702 5 198437 2 198948 4 199459 6 199970 8 200482 9 200993 10 201504 12 202016 12 202527 14 203039 15 203550 16 204062 17 204574 17 205086 17 205597 19 206109 19 206620 20 207132 21 207644 21 208156 21 208668 21 209180 21 209692 21 210204 22 210716 22 211228 22 211740 22 212252 22 212764 22 213276 22 213788 22 214300 22 214811 23 215323 23 215835 23 216347 23 216860 22 217372 22 217884 22 218397 21 218909 21 219422 20 219934 20 220446 19 220958 19 221470 19 221983 19 222495 19 223008 18 223520 18 224032 18 224544 17 225056 16 225568 16 226080 16 226593 14 227105 14 227617 13 228129 12 228642 10 229154 9 229667 7 230179 5 230692 2
test_0178_2,0 0
test_0178_3,0 0
test_0179_1,0 0
test_0179_2,0 0
test_0179_3,126660 2 127172 3 127684 4 128196 5 128709 6 129222 6 129735 7 130249 6 130762 7 131275 7 131789 6 132302 6 132816 6 133329 6 133842 7 134355 7 134869 6 135382 7 135896 6 136409 7 136923 6 137436 6 137950 6 138463 7 138976 7 139489 7 140002 8 140515 8 141029 8 141543 8 142056 8 142570 8 143083 8 143597 8 144112 7 144625 8 145138 10 145651 12 146166 11 146679 10 147194 7 147709 3
test_0180_1,0 0
test_0180_2,146123 3 146635 4 147146 5 147658 5 148170 6 148683 4 149195 4 149708 2
test_0180_3,0 0
test_0181_1,0 0
test_0181_2,61499 2 62010 4 62392 1 62521 5 62902 4 63033 5 63414 5 63544 7 63925 6 64056 7 64437 7 64568 7 64949 7 65080 7 65461 7 65592 7 65973 7 66104 7 66485 7 66616 7 66997 7 67128 7 67509 7 67640 7 68021 7 68153 6 68533 7 68665 6 69045 7 69178 4 69557 7 69691 2 70070 5 70583 4 71095 3 139987 4 140499 5 141010 7 141522 7 142033 8 142545 8 143057 8 143569 7 144081 7 144593 7 145105 6 145617 6 146130 4 146643 2
test_0181_3,0 0
test_0182_1,0 0
test_0182_2,55748 3 56260 4 56772 4 57284 4 57796 4 58308 4 58819 5 59331 5 59843 4 60356 3 101315 2 101826 4 102338 4 102850 5 103362 5 103874 5 104386 5 104897 6 105409 6 105921 5 106433 5 106945 5 107458 3 206960 2 207470 5 207981 6 208493 6 209004 7 209516 7 210027 8 210539 7 211051 7 211563 7 212075 6 212587 6 213100 4 213613 2
test_0182_3,0 0
test_0183_1,0 0
test_0183_2,97440 3 97950 6 98461 8 98973 8 99485 8 99997 8 100509 8 101021 8 101533 8 102046 7 102558 6 103071 4 204957 3 205468 5 205979 6 206491 6 207002 7 207514 7 208026 7 208538 7 209050 6 209562 6 210075 5 210587 4 211100 2
test_0183_3,0 0
test_0184_1,0 0
test_0184_2,0 0
test_0184_3,29670 1 30183 1 30695 2 31208 1 31720 2 32233 1 32745 1 33258 1 33770 1 105328 1 105840 2 106352 3 106865 2 107377 2 107889 3 108401 3 108914 2 109426 3 109938 3 110451 3 110963 3 111475 3 111988 3 112500 3 113012 3 113525 3 114037 3 114365 3 114549 4 114877 5 115062 3 115390 5 115574 3 115904 6 116086 4 116418 6 116599 3 116932 6 117111 3 117446 6 117623 4 117960 6 118136 3 118474 6 118648 4 118988 6 119160 4 119502 6 119673 3 120016 6 120185 3 120530 6 120697 3 121044 6 121209 3 121558 7 121721 3 122072 8 122234 3 122585 9 122746 3 123101 8 123258 3 123615 9 123770 3 124129 10 124283 2 124643 11 124656 2 124795 3 125158 16 125307 3 125674 27 125819 3 126189 27 126332 2 126710 18 126844 3 127356 3 127869 2 128381 3 128893 3 129405 3 129918 2 130430 3 130943 2 131455 2 131967 3 132479 3 132992 2 133504 2 134016 3 134529 2 135041 2 135553 3 136065 3 136578 2 137090 2 137602 3 138115 2 138627 2 139139 3 139428 2 139651 3 139939 3 140164 3 140451 3 140676 3 140963 3 141188 3 141474 3 141701 3 141986 3 142213 3 142497 3 142725 3 143009 3 143237 3 143521 2 143750 3 144032 3 144262 3 144544 3 144774 3 145055 3 145287 3 145567 3 145799 3 146078 3 146312 3 146590 3 146824 3 147102 3 147337 3 147613 3 147849 3 148125 3 148361 3 148636 4 148874 3 149148 3 149294 1 149386 3 149659 4 149806 2 149899 3 150171 3 150318 3 150411 3 150682 4 150830 3 150924 3 151194 3 151343 3 151436 3 151705 4 151855 4 151949 3 152217 4 152368 3 152461 3 152728 4 152880 4 152974 3 153239 5 153393 3 153486 4 153751 4 153905 4 153999 3 154262 5 154418 3 154512 3 154773 5 154930 3 155024 3 155285 5 155443 3 155537 3 155796 5 155955 3 156049 3 156308 5 156468 3 156562 3 156819 5 156980 3 157075 3 157330 6 157493 3 157587 4 157842 5 158005 3 158100 4 158353 6 158518 3 158612 5 158864 6 159030 3 159125 4 159376 5 159543 3 159638 5 159887 5 160055 3 160151 4 160398 5 160567 4 160664 4 160909 5 161080 3 161176 5 161421 4 161592 4 161690 4 161932 4 162105 3 162202 5 162444 3 162617 4 162715 5 162955 4 163130 3 163228 5 163466 4 163642 4 163741 5 163977 5 164154 4 164254 5 164489 4 164667 4 164767 5 165000 4 165179 4 165280 5 165511 5 165692 4 165793 5 166022 5 166204 4 166306 4 166534 4 166717 4 166819 4 167045 4 167229 4 167332 4 167556 5 167742 4 167845 4 168067 5 168255 3 168358 3 168578 5 168768 3 168871 3 169089 5 169280 3 169384 1 169600 6 169792 4 170111 6 170305 3 170622 6 170818 3 171133 5 171330 3 171644 5 171843 3 172156 4 172355 3 172667 4 172868 2 173178 4 173380 2 173689 5 173893 1 174200 5 174710 6 175221 6 175733 6 176244 6 176755 6 177266 5 177777 5 178288 5 178799 5 179310 5 179821 5 180333 4 180845 3 181357 2
test_0185_1,0 0
test_0185_2,118610 1 119121 3 119632 5 120144 5 120656 5 121168 6 121680 6 122192 5 122705 4 123217 3 175341 4 175852 5 175864 2 176363 6 176375 4 176874 7 176887 4 177386 7 177398 6 177898 7 177910 6 178410 7 178422 5 178922 7 178935 4 179434 7 179448 2 179947 5 180459 5 180971 4 181485 1
test_0185_3,0 0
test_0186_1,0 0
test_0186_2,142158 1 142668 4 143180 5 143692 5 144203 6 144715 6 145227 6 145739 6 146251 6 146763 6 147274 7 147786 6 148299 5 148811 4
test_0186_3,0 0
test_0187_1,0 0
test_0187_2,0 0
test_0187_3,67438 2 67951 2 68463 3 68975 3 69488 3 70000 3 70513 3 71025 4 71538 4 72051 3 72563 4 73076 3 73589 3 74101 4 74614 3 75126 4 75639 3 76152 3 76664 4 77177 3 77689 4 78202 3 78715 3 79227 3 79740 3 80252 4 80765 4 81277 4 81790 4 82303 3 82815 3 83328 3 83840 3 84352 4 84865 3 85378 3 85890 4 86403 3 86916 3 87428 3 87940 4 88453 3 88965 3 89478 3 89990 3 90503 3 91015 3 91528 3 92040 4 92553 3 93065 4 93578 3 94090 3 94603 3 95115 3 95627 4 96140 4 96652 4 97165 4 97678 3 98190 4 98703 3 99216 3 99728 3 100241 3 100753 3 101266 3 101778 3 102291 3 102804 2 103316 3 103829 2 104341 3 104853 3 105366 3 105878 3 106391 3 106903 3 107416 3 107928 3 108441 3 108953 4 109466 3 109978 3 110491 3 111003 3 111516 3 112028 3 112541 3 113053 3 113566 3 114078 3 114591 3 115103 3 115616 3 116128 3 116641 3 117153 3 117666 3 118178 3 118691 3 119203 3 119716 3 120228 3 120741 3 121253 3 121766 3 122278 3 122791 3 123303 3 123815 4 124328 3 124840 4 125353 3 125865 3 126378 3 126890 3 127402 4 127915 3 128427 4 128940 3 129453 3 129965 3 130478 3 130990 3 131503 3 132015 3 132527 4 133040 3 133552 4 134065 3 134577 3 135089 3 135602 3 136114 3 136626 3 137139 2 194934 4 195446 6 195959 6 196471 9 196985 9 197499 9 198013 9 198093 3 198527 9 198601 8 199041 9 199110 11 199555 10 199615 16 200068 11 200120 20 200582 19 200624 26 201097 18 201128 31 201612 56 202127 44 202643 27 203164 6
test_0188_1,0 0
test_0188_2,63543 1 64054 3 64565 5 65077 5 65589 5 66100 6 66612 5 67125 4 67637 3
test_0188_3,0 0
test_0189_1,0 0
test_0189_2,57621 1 58132 3 58644 4 59155 5 59667 6 60179 6 60691 6 61203 6 61716 5 62228 5 62740 5 63252 5 63765 3 64278 1 155395 3 155906 4 156418 5 156930 5 157442 5 157954 4 158467 3 158980 1
test_0189_3,0 0
test_0190_1,0 0
test_0190_2,0 0
test_0190_3,37620 6 38133 8 38646 8 39160 7 39675 5 40189 8 40702 8 41215 9 41729 9 42243 9 42758 8 43272 7 43786 7 44301 6 44816 4 45329 3 59581 1 60093 2 60605 3 61118 2 61630 3 62142 3 62655 3 63167 3 63680 3 64192 3 64705 3 65217 3 65730 3 66242 3 66755 3 67267 3 67780 3 68292 3 68805 2 69317 3 69830 3 70342 3 70855 2 71367 3 71880 3 72392 3 72905 3 73417 3 73930 3 74442 3 74954 3 75467 3 75979 3 76492 3 77004 3 77516 4 78028 5 78541 5 79053 5 79565 6 80078 5 80590 6 81103 5 81616 5 82128 5 82641 5 83154 5 83666 6 84179 5 84692 5 85205 4 85717 5 86230 5 86743 4 87255 5 87768 5 88281 4 88794 4 88918 2 89306 4 89430 2 89819 4 89942 3 90332 4 90454 3 90845 4 90966 3 91357 4 91479 2 91870 4 91991 2 92383 4 92503 3 92896 4 93015 3 93408 4 93527 3 93921 4 94040 2 94434 4 94552 2 94947 4 95064 3 95459 5 95576 3 95972 5 96088 3 96484 6 96601 2 96997 6 97113 3 97510 5 97625 3 98023 5 98137 3 98536 5 98649 3 99049 5 99162 2 99562 4 99674 2 100075 4 100186 3 100588 4 100698 3 101101 4 101210 3 101613 5 101722 3 102126 5 102235 3 102639 5 102747 3 103152 4 103259 3 103665 4 103771 3 104178 4 104284 2 104690 5 104796 2 105203 4 105308 3 105716 3 105820 3 106229 2 106332 3 106845 2 107357 2 107869 3 108381 3 108893 3 109405 3 109918 2 110430 2 110942 2 111454 3 111966 3 112478 3 112990 3 113502 3 114015 2 114527 3 115039 3 115551 3 116063 3 116575 3 117087 3 117600 2 118112 2 118624 3 119136 3 119648 3 120160 3 120672 3 121184 3 121696 3 122208 3 122720 3 123025 2 123232 3 123537 2 123745 3 124049 2 124257 3 124560 3 124769 3 125072 3 125281 3 125584 3 125793 3 126096 3 126305 3 126608 3 126817 3 127120 2 127329 3 127631 3 127842 2 128143 3 128354 2 128655 3 128866 2 129167 2 129378 2 129679 2 129890 3 130191 2 130402 3 130702 3 130914 3 131214 3 131426 3 131726 3 131938 3 132238 3 132450 3 132749 4 132962 3 133261 3 133475 2 133773 3 133987 3 134285 3 134499 3 134797 3 135011 3 135309 2 135523 3 135821 2 136035 3 136332 3 136548 2 136844 3 137060 2 137356 3 137572 2 137868 3 138084 2 138379 4 138596 3 138891 3 139108 3 139403 3 139620 3 139914 4 140132 3 140426 4 140644 3 140937 4 141157 2 141449 4 141669 3 141961 4 142181 3 142473 4 142693 3 142985 3 143205 3 143496 4 143717 3 144008 4 144230 2 144520 4 144742 2 145031 5 145254 3 145543 5 145766 3 146055 5 146278 3 146567 5 146790 3 147079 5 147302 3 147591 5 147814 3 148103 4 148327 3 148615 4 148839 3 149126 5 149351 3 149638 5 149863 3 150150 5 150375 3 150662 4 150888 2 151174 4 151400 3 151686 4 151912 3 152197 5 152424 3 152709 5 152936 4 153221 5 153449 3 153733 5 153961 3 154244 6 154306 3 154473 3 154756 6 154818 5 154985 3 155268 5 155331 5 155498 3 155780 5 155844 5 156010 3 156292 5 156357 5 156522 3 156804 5 156870 5 157035 3 157315 6 157384 5 157547 3 157827 5 157897 5 158059 3 158339 5 158410 5 158571 3 158851 5 158923 5 159083 3 159363 5 159436 5 159596 3 159875 5 159949 5 160108 3 160387 4 160462 5 160620 3 160899 4 160975 5 161133 3 161411 4 161488 5 161645 3 161923 4 162001 5 162157 3 162435 4 162514 6 162669 3 162947 3 163028 5 163182 2 163459 3 163541 5 163694 2 163970 4 164054 4 164206 2 164482 4 164567 5 164719 1 164994 3 165080 7 165506 3 165593 8 166018 3 166105 9 166530 3 166618 10 167042 3 167131 10 167553 4 167644 10 168065 3 168157 10 168577 3 168671 9 169089 3 169184 9 169600 4 169697 10 170112 3 170210 10 170624 3 170723 11 171136 3 171236 11 171648 3 171750 10 172160 3 172263 10 172672 3 172776 11 173184 3 173289 11 173695 4 173806 8 174207 4 174319 8 174719 4 174832 8 175231 4 175346 7 175743 3 175859 7 176255 3 176373 6 176767 2 176886 6 177279 2 177400 5 177790 3 177913 6 178302 3 178426 6 178814 3 178939 6 179326 3 179452 6 179838 3 179965 6 180350 2 180478 6 180861 3 180992 5 181373 3 181505 5 181885 3 182018 5 182397 3 182530 6 182909 2 183044 6 183421 2 183557 5 183933 2 184070 6 184444 3 184583 6 184956 3 185096 6 185468 3 185609 6 185980 3 186122 6 186492 3 186635 6 187004 3 187148 6 187516 2 187662 5 188027 3 188175 5 188539 3 188687 6 189052 2 189200 5 189564 1 189713 5 190227 4 190740 4 191254 2
test_0191_1,142715 4 143225 7 143735 9 144246 11 144756 14 145267 16 145759 2 145778 18 146271 3 146290 19 146782 4 146801 21 147295 2 147312 23 147824 24 148335 26 148806 3 148847 27 149317 5 149358 28 149828 7 149870 28 150340 8 150381 29 150851 9 150893 30 151363 10 151405 30 151875 10 151917 30 152387 9 152429 30 152899 9 152940 32 153411 9 153452 32 153923 9 153964 32 154435 8 154476 32 154947 8 154988 32 155459 7 155500 32 155971 6 156012 32 156484 5 156524 32 156996 4 157036 32 157508 4 157548 32 158021 2 158060 33 158572 33 159084 33 159596 33 160109 32 160621 32 161133 32 161645 32 162157 32 162669 32 163181 32 163694 31 164206 31 164718 31 165230 31 165742 31 166255 30 166767 30 167279 30 167791 31 168303 31 168746 7 168816 30 169256 10 169328 30 169766 13 169840 30 170277 15 170351 31 170788 16 170863 31 171299 18 171375 31 171810 20 171887 31 172321 22 172400 30 172833 23 172912 30 173344 25 173424 30 173856 25 173936 30 174368 26 174448 30 174880 26 174960 30 175391 28 175472 30 175903 29 175984 29 176415 29 176497 28 176926 30 177009 28 177438 31 177522 27 177950 31 178034 26 178462 31 178546 26 178973 32 179059 25 179485 32 179571 24 179997 33 180084 23 180509 33 180596 23 181021 33 181109 22 181533 33 181621 21 182045 33 182134 20 182557 33 182646 20 183069 33 183159 19 183581 33 183671 19 184093 33 184184 17 184605 33 184696 17 185116 34 185208 17 185628 34 185721 15 186140 34 186233 15 186652 34 186746 14 187164 34 187259 13 187676 34 187771 12 188188 34 188284 11 188700 34 188796 10 189212 34 189309 8 189724 34 189821 4 190236 34 190748 34 191260 34 191772 34 192284 34 192796 34 193308 34 193820 34 194332 34 194844 34 195356 34 195868 34 196380 34 196892 34 197404 34 197916 34 198428 34 198940 34 199452 34 199964 34 200476 34 200988 34 201500 34 202012 34 202524 34 203036 34 203548 34 204060 33 204572 33 205084 33 205597 32 206109 32 206621 31 207133 31 207646 30 208158 30 208670 30 209182 29 209694 29 210206 29 210717 30 211229 30 211741 30 212253 29 212766 28 213278 28 213791 27 214304 25 214816 25 215329 23 215842 21 216355 19 216868 18 217380 18 217893 17 218405 15 218917 14 219429 14 219941 14 220454 16 220966 16 221478 16 221991 15 222503 15 223016 13 223529 11 224041 11 224553 9 225066 7 225578 6 226091 3
test_0191_2,0 0
test_0191_3,0 0
test_0192_1,51424 6 51923 25 52432 30 52942 35 53453 37 53964 39 54475 41 54987 42 55498 44 56009 46 56520 48 57032 48 57544 49 58056 49 58568 50 59080 50 59592 50 60104 51 60616 51 61128 51 61640 51 62152 51 62664 51 63176 52 63688 52 64200 52 64713 50 65225 50 65737 50 66249 50 66762 49 67274 49 67786 49 68299 47 68811 47 69323 47 69836 46 70348 46 70860 46 71372 46 71885 45 72397 45 72909 45 73422 43 73935 42 74452 37 74967 7 74976 24 75482 3 75489 22 76002 20 76516 17 77029 14 77543 11 78058 6 137990 7 138499 12 139009 16 139520 18 140031 20 140542 22 141053 24 141564 26 142075 27 142587 28 143098 29 143610 30 144122 30 144633 32 145145 33 145656 34 146168 35 146679 37 147190 38 147702 38 148214 39 148726 39 149237 40 149749 41 150261 41 150773 41 151285 41 151797 42 152309 42 152821 42 153333 42 153845 42 154357 42 154869 42 155381 42 155893 42 156405 41 156917 41 157429 41 157941 41 158453 41 158965 41 159476 42 159988 42 160500 42 161012 42 161524 42 162036 42 162548 42 163061 41 163573 41 164085 41 164597 41 165110 39 165622 39 166134 38 166647 37 167159 37 167672 35 168184 35 168698 32 169211 31 169724 30 170236 29 170749 28 171262 26 171775 24 172287 24 172800 22 173313 20 173826 18 174339 16 174856 8 175371 2
test_0192_2,0 0
test_0192_3,0 0
test_0193_1,0 0
test_0193_2,0 0
test_0193_3,37624 6 38136 9 38650 8 39163 8 39678 7 40191 8 40705 8 41218 9 41732 9 42247 8 42762 6 43275 6 43789 6 44303 4 59072 2 59584 2 60096 3 60609 2 61121 3 61633 3 62146 3 62658 3 63171 3 63683 3 64196 2 64708 3 65221 2 65733 3 66246 3 66758 3 67271 2 67783 3 68296 2 68808 3 69321 2 69833 3 70346 2 70858 3 71370 3 71883 3 72395 3 72908 3 73420 3 73933 3 74445 3 74958 3 75470 3 75982 4 76495 3 77007 4 77519 4 78031 5 78544 5 79056 5 79568 6 80081 5 80594 4 81106 5 81619 5 82131 5 82644 5 83157 5 83670 5 84182 5 84695 5 85208 4 85720 5 86233 5 86746 4 87259 4 87771 5 88284 4 88797 4 89309 5 89433 1 89822 4 89944 3 90335 4 90456 3 90848 4 90968 3 91360 4 91481 2 91873 4 91993 3 92386 4 92505 3 92898 5 93017 3 93411 4 93529 3 93924 4 94042 2 94437 4 94554 2 94949 5 95066 3 95462 5 95578 3 95974 6 96090 3 96487 5 96603 2 97000 5 97115 2 97513 5 97627 3 98026 5 98139 3 98539 5 98651 3 99052 5 99164 2 99565 4 99676 2 100078 4 100188 2 100591 4 100700 3 101104 4 101212 3 101616 4 101724 3 102129 4 102237 2 102642 4 102749 2 103155 4 103261 3 103668 4 103773 3 104181 4 104285 3 104693 5 104798 2 105206 5 105310 2 105720 4 105822 3 106233 5 106334 3 106746 5 106846 3 107258 6 107358 3 107771 6 107871 2 108284 6 108383 3 108797 6 108895 3 109310 6 109407 3 109823 5 109919 3 110336 6 110432 2 110849 6 110944 2 111362 7 111456 2 111875 7 111968 3 112389 6 112480 3 112903 5 112992 3 113416 6 113504 3 113929 6 114016 3 114442 6 114529 2 114955 7 115041 2 115468 7 115553 2 115981 7 116065 3 116494 7 116577 3 117008 6 117089 3 117522 6 117601 3 118035 7 118114 2 118549 6 118626 2 119063 5 119138 2 119576 6 119650 2 120089 6 120162 3 120603 6 120674 3 121116 6 121186 3 121629 7 121698 3 122143 6 122210 3 122515 2 122656 7 122722 3 123027 2 123170 6 123234 3 123538 3 123683 5 123746 3 124050 3 124196 5 124258 3 124562 3 124710 2 124770 3 125074 3 125283 3 125586 3 125795 3 126097 3 126307 3 126609 3 126819 3 127121 3 127331 3 127633 2 127843 3 128145 2 128355 3 128657 2 128868 2 129169 2 129380 2 129680 3 129892 2 130192 3 130404 2 130704 3 130916 2 131216 3 131428 3 131727 3 131940 3 132239 3 132452 3 132751 3 132964 3 133263 2 133476 3 133775 2 133988 3 134287 2 134500 3 134799 2 135013 2 135310 3 135525 2 135822 3 136037 2 136334 3 136549 3 136846 3 137061 3 137357 4 137573 3 137869 3 138085 3 138380 4 138598 2 138892 4 139110 2 139404 3 139622 2 139915 4 140134 3 140427 4 140646 3 140939 4 141158 3 141451 3 141670 3 141962 4 142182 3 142474 4 142694 3 142986 4 143207 2 143498 4 143719 3 144009 5 144231 3 144521 5 144743 3 145033 4 145255 3 145545 4 145768 2 146057 4 146280 2 146569 4 146792 2 147081 4 147304 2 147592 5 147816 2 148104 4 148328 3 148616 4 148840 3 149128 4 149352 3 149640 4 149865 2 150151 5 150377 3 150663 5 150889 3 151175 5 151401 3 151687 5 151913 3 152199 5 152425 3 152711 4 152938 2 153222 5 153284 3 153450 3 153734 5 153796 4 153962 3 154246 5 154309 4 154474 3 154758 4 154822 4 154987 3 155270 4 155334 5 155499 3 155781 5 155848 4 156011 3 156293 5 156361 4 156523 3 156805 5 156874 4 157036 3 157317 5 157387 5 157548 3 157829 4 157900 5 158060 3 158341 4 158413 5 158572 3 158853 4 158926 5 159085 2 159365 4 159439 5 159597 3 159877 4 159952 5 160109 3 160389 4 160465 5 160621 3 160901 3 160978 5 161134 2 161412 4 161491 5 161646 2 161924 4 162004 5 162158 3 162436 3 162517 5 162670 3 162948 3 163030 5 163182 3 163460 3 163543 5 163695 2 163972 3 164056 5 164207 2 164484 3 164570 5 164719 1 164996 3 165082 8 165507 3 165595 8 166019 3 166108 8 166531 3 166621 9 167043 2 167134 9 167555 2 167647 9 168066 3 168160 9 168578 3 168673 9 169090 3 169186 9 169602 3 169700 9 170113 4 170213 9 170625 3 170726 10 171137 3 171239 10 171649 4 171753 10 172161 4 172266 10 172673 5 172780 9 173185 5 173295 7 173697 3 173809 6 174209 2 174322 6 174720 3 174835 7 175232 3 175349 6 175744 3 175862 6 176256 3 176375 6 176767 3 176889 5 177279 3 177402 5 177791 3 177915 5 178303 3 178428 5 178815 2 178941 5 179327 2 179454 5 179839 2 179967 5 180351 2 180480 5 180862 3 180993 5 181374 3 181506 5 181886 3 182019 6 182398 3 182532 6 182910 3 183045 6 183422 3 183558 5 183934 3 184071 5 184446 2 184584 5 184957 3 185098 4 185469 3 185610 6 185981 3 186123 6 186493 3 186636 6 187005 2 187150 5 187517 2 187663 5 188176 5 188689 5 189202 4 189715 4 190228 3 190741 2
test_0194_1,0 0
test_0194_2,0 0
test_0194_3,131787 3 132299 4 132812 5 133325 5 133838 6 134351 6 134865 6 135378 6 135891 7 136405 6 136918 6 137431 7 137945 6 138458 6 138971 7 139485 6 139998 7 140512 6 141026 5 141539 6 142052 7 142565 7 143078 8 143591 8 144105 8 144618 8 145132 8 145645 8 146159 8 146672 8 147186 8 147700 8 148214 8 148727 9 149241 8 149755 6 150269 4
test_0195_1,0 0
test_0195_2,0 0
test_0195_3,37169 2 37681 2 38193 2 38705 3 39217 3 39730 2 40242 3 40754 3 41267 2 41779 3 42291 3 42803 3 43315 3 43828 3 44340 3 44852 3 45365 3 45877 3 46389 3 46901 3 47413 4 47536 2 47926 3 48048 2 48438 3 48560 2 48950 4 49072 2 49463 3 49584 2 49975 3 50096 2 50487 4 50608 2 51000 3 51120 2 51512 3 51632 2 52024 3 52144 3 52536 3 52656 3 53049 3 53168 3 53561 3 53680 3 54073 3 54192 3 54585 3 54704 3 55097 3 55216 3 55610 3 55728 3 56122 3 56240 3 56634 3 56752 3 57146 4 57264 3 57659 3 57776 3 58171 3 58288 3 58683 3 58800 3 59195 3 59312 3 59708 3 59824 3 60220 3 60336 3 60732 3 60848 3 61244 4 61360 2 61757 3 61872 2 62269 3 62384 2 62781 3 62896 2 63293 3 63408 2 63806 2 63920 2 64318 2 64432 3 64830 3 64944 2 65342 3 65455 3 65854 3 65967 3 66367 3 66479 3 66879 3 66991 3 67391 3 67503 3 67903 3 68015 3 68415 3 68527 3 68927 3 69039 3 69439 3 69550 3 69951 3 70062 3 70463 3 70574 3 70976 3 71086 3 71488 3 71598 3 72000 3 72110 3 72512 3 72622 3 73025 3 73134 3 73537 3 73646 3 74049 3 74157 3 74561 3 74669 3 75074 2 75181 3 75586 3 75693 3 76098 3 76205 3 76610 3 76717 3 77123 2 77229 3 77635 3 77741 2 78147 3 78252 3 78659 3 78764 3 79171 3 79276 3 79684 2 79788 3 80196 3 80300 3 80708 3 80812 3 81220 3 81324 3 81733 3 81836 2 82245 3 82348 2 82757 3 82859 3 83269 3 83371 3 83782 2 83883 3 84294 3 84395 3 84806 3 84907 2 85318 3 85418 3 85830 4 85930 3 86343 3 86442 3 86855 3 86954 3 87367 3 87466 3 87879 3 87978 3 88391 3 88489 3 88903 3 89001 3 89416 2 89513 3 89928 2 90025 3 90440 3 90537 3 90952 3 91049 2 91464 3 91560 3 91976 3 92072 3 92488 3 92584 3 93001 3 93096 3 93513 3 93608 2 94025 3 94120 2 94537 3 94632 2 95050 2 95562 2 96074 3 96586 3 97099 2 97611 1 202554 5 203066 7 203578 9 204093 10 204607 12 205121 12 205636 11 206150 11 206666 10 207181 9 207695 9 208209 8 208724 7 209237 7 209751 7 210264 8 210778 7 211292 6 211806 6 212319 6 212833 6 213346 6 213860 6 214373 6 214886 7 215400 6 215914 6 216427 7 216941 7 217455 7 217969 7 218482 8 218996 7 219510 8 220024 8 220538 8 221053 8 221566 9 222081 6 222595 4 223108 3
test_0196_1,0 0
test_0196_2,0 0
test_0196_3,40596 2 41108 4 41621 5 42133 6 42646 7 43160 7 43673 7 44187 7 44700 8 45213 8 45726 9 46241 7 46755 6 47269 4 47783 2
test_0197_1,0 0
test_0197_2,0 0
test_0197_3,37870 1 38382 1 99695 1 100207 2 100719 2 101231 2 101743 3 102256 2 102768 2 103280 3 103792 3 104305 2 104817 3 105329 3 105842 2 106172 2 106354 3 106683 4 106866 3 107196 4 107379 3 107709 5 107891 3 108223 6 108403 3 108737 6 108916 3 109251 6 109428 3 109765 6 109940 3 110279 6 110453 3 110793 5 110965 3 111307 6 111477 4 111820 6 111989 4 112334 7 112502 4 112848 6 113014 4 113362 6 113527 3 113876 7 114039 3 114389 8 114551 3 114903 8 115063 3 115417 9 115576 3 115932 8 116088 3 116446 10 116600 3 116960 10 117112 3 117474 15 117624 3 117990 15 118137 2 118505 27 118649 3 119021 25 119161 3 119540 19 119673 3 120061 9 120186 2 120698 3 121210 3 121722 3 122235 2 122747 3 123259 3 123772 2 124284 2 124796 3 125308 3 125821 2 126333 2 126845 3 127357 3 127870 2 128382 3 128894 3 129407 2 129919 3 130431 3 130944 2 131234 2 131456 2 131745 3 131968 2 132257 3 132480 3 132769 3 132993 2 133280 3 133505 2 133792 3 134017 3 134303 3 134529 3 134815 3 135042 3 135327 2 135554 3 135838 3 136066 3 136349 3 136579 3 136861 3 137091 3 137373 3 137603 3 137884 3 138115 3 138396 3 138628 3 138907 4 139140 3 139419 3 139652 3 139930 4 140165 3 140442 3 140677 3 140953 4 141190 3 141465 4 141702 3 141976 4 142215 2 142488 4 142727 3 142999 4 143148 2 143239 3 143511 4 143660 2 143752 3 144022 4 144172 3 144264 3 144533 5 144684 3 144777 2 145045 4 145197 3 145289 3 145556 5 145709 4 145802 3 146067 5 146222 3 146314 3 146579 5 146734 3 146826 3 147090 5 147247 3 147339 3 147601 6 147759 4 147851 4 148113 5 148272 3 148364 3 148624 6 148784 3 148876 4 149136 5 149297 3 149389 3 149647 6 149809 3 149902 3 150158 6 150322 3 150414 4 150669 6 150834 3 150927 3 151181 5 151346 4 151440 3 151692 5 151859 3 151952 3 152204 4 152371 4 152465 3 152715 4 152884 3 152977 4 153226 4 153396 4 153490 4 153737 5 153909 3 154003 4 154249 4 154421 3 154515 5 154760 4 154934 3 155028 4 155271 4 155446 3 155541 4 155783 4 155958 4 156054 4 156294 4 156471 3 156567 4 156805 5 156984 3 157080 4 157316 5 157496 3 157593 4 157827 5 158008 4 158105 5 158338 5 158520 4 158618 5 158849 5 159032 5 159131 4 159360 5 159545 4 159644 5 159871 6 160057 5 160157 4 160382 6 160570 4 160670 5 160893 6 161083 4 161183 4 161405 5 161596 3 161696 4 161916 5 162108 3 162209 4 162427 5 162621 3 162722 4 162938 5 163134 2 163235 4 163449 5 163646 3 163748 3 163960 5 164158 3 164261 2 164471 5 164671 3 164982 5 165184 3 165493 5 165696 3 166004 6 166209 2 166515 6 166721 3 167025 7 167234 3 167536 7 167746 3 168047 7 168259 2 168558 6 168771 3 169069 6 169284 2 169581 5 169796 3 170092 5 170308 3 170603 5 170821 3 171114 4 171333 3 171626 3 171846 3 172138 2 172358 3 172871 3 173383 3 173896 3 174408 3 174921 3 175434 2 175946 3 176459 2 176971 3 177484 3 177996 3 178509 3 179021 3 179534 3 180046 3 180559 3 181071 4 181584 3 182097 3 182609 4 183122 4 183635 3 184147 4 184660 3 185172 4 185685 3 186198 3 186710 3 187223 3 187736 3 188248 3 188761 3 189273 3 189786 2 190298 2
test_0198_1,0 0
test_0198_2,164584 4 165095 6 165607 6 166118 8 166630 8 167142 8 167654 8 168166 8 168679 6 169191 6 169704 4 170217 3
test_0198_3,0 0
test_0199_1,0 0
test_0199_2,94875 3 95387 4 95898 5 96410 5 96922 5 97433 6 97945 5 98458 4 98970 3 120551 2 121061 5 121572 7 122084 7 122596 7 123107 8 123619 8 124131 7 124643 7 125155 7 125667 6 126179 6 126691 6 127204 4 127716 3 135219 1 135730 3 136241 5 136753 5 137264 7 137776 7 138288 7 138800 7 139312 7 139824 7 140336 7 140848 7 141361 5 141873 4 168722 3 169234 4 169746 4 170258 5 170770 5 171282 5 171794 5 172307 3 172819 3
test_0199_3,0 0
test_0200_1,0 0
test_0200_2,0 0
test_0200_3,67389 32 67900 36 68413 36 68926 2 68932 2 68936 5 68943 14 121736 2 122247 3 122760 2 123272 2 123784 2 124296 3 124809 2 125321 2 125833 3 126345 3 126857 3 127370 2 127882 2 128394 2 128906 3 129418 3 129930 3 130443 2 130955 2 131287 2 131467 3 131799 2 131979 3 132311 3 132491 3 132647 3 132823 3 133004 2 133159 5 133336 3 133516 2 133673 4 133848 3 134028 2 134179 1 134186 3 134361 3 134540 2 134690 2 134699 3 134873 3 135052 3 135201 2 135211 3 135386 3 135564 3 135713 2 135724 2 135898 4 136077 2 136224 3 136236 2 136411 3 136589 2 136736 3 136748 3 136923 4 137101 3 137248 2 137260 3 137436 3 137613 3 137760 2 137772 3 137948 4 138125 3 138272 2 138284 3 138461 3 138637 3 138784 2 138796 3 138974 3 139150 2 139296 3 139308 3 139486 3 139662 2 139808 3 139820 3 139998 3 140174 3 140320 3 140332 3 140511 3 140686 3 140832 4 140843 4 141023 4 141199 2 141344 4 141355 3 141536 3 141711 3 141857 4 141867 3 142048 4 142223 3 142369 4 142378 4 142561 3 142735 3 142882 4 142889 4 143073 4 143247 3 143394 11 143586 3 143760 2 143907 9 144098 4 144272 2 144420 7 144611 3 144784 3 144933 5 145124 3 145296 3 145636 3 145808 3 146148 4 146321 2 146661 3 146833 2 147174 3 147345 3 147686 3 147857 3 148199 3 148370 3 148711 3 148882 3 149224 3 149394 4 149736 3 149906 4 150249 3 150419 3 150761 3 150931 4 151274 3 151443 4 151786 3 151955 4 152298 3 152468 3 152811 2 152980 4 153324 1 153492 4 154004 4 154517 3 155029 3 155541 4 156053 4 156566 3 157079 2 157591 3 158103 3 158616 2 159128 2 159640 2 160152 3 160664 3 161177 2 161689 3 162201 3 162713 3 163225 3 163738 2 164250 3 164762 3 165274 3 165787 2 166299 3 166811 3 167323 3 167836 2 168348 2 168860 3 169372 3 169884 3 170397 2 170909 3 171421 3 171934 2 172446 2 172958 2 173470 2 173983 1 174495 1
test_0201_1,45783 11 46294 14 46805 16 47316 18 47827 19 48339 20 48850 21 49362 22 49873 23 50384 25 50896 26 51407 28 51919 28 52430 30 52941 31 53453 32 53964 33 54475 35 54986 36 55498 37 56009 38 56521 39 57033 39 57545 39 58056 41 58568 41 59080 41 59592 41 60104 41 60616 41 61128 42 61640 42 62152 42 62664 42 63176 42 63688 42 64200 42 64712 42 65224 42 65736 42 66248 41 66761 40 67273 40 67785 39 68298 38 68810 38 69322 38 69835 37 70347 37 70859 37 71372 35 71884 35 72396 35 72909 34 73421 33 73933 33 74445 33 74957 33 75469 32 75982 31 76494 32 77007 31 77519 31 78032 30 78544 30 79056 29 79569 28 80081 27 80594 26 81107 24 81620 22 82134 19 82647 17 83161 13 83676 8 123656 2 124165 8 124674 13 125185 15 125695 18 126206 20 126717 21 127228 23 127740 23 128251 25 128763 25 129275 26 129786 27 130298 28 130810 29 131321 30 131833 30 132344 32 132856 32 133368 32 133879 34 134391 34 134902 35 135414 36 135926 36 136438 36 136949 37 137461 38 137973 38 138485 38 138997 38 139509 38 140021 38 140532 39 141044 40 141556 40 142068 40 142580 40 143092 40 143604 40 144116 40 144628 40 145140 40 145652 40 146164 40 146676 40 147188 40 147700 40 148212 40 148724 40 149236 40 149748 40 150260 40 150772 40 151285 39 151797 39 152309 39 152822 37 153335 36 153847 36 154360 34 154872 34 155384 34 155897 32 156409 32 156922 30 157435 29 157948 27 158461 26 158973 25 159486 23 159999 21 160513 18 161028 13 161541 9 162055 5 167322 3 167830 10 168341 12 168851 16 169362 18 169873 20 170384 22 170894 26 171405 27 171917 28 172428 30 172939 31 173451 32 173962 34 174003 1 174474 36 174515 2 174985 38 175027 3 175497 39 175539 3 176008 40 176051 3 176520 41 176562 4 177032 46 177543 47 178055 48 178567 43 178611 3 179079 42 179123 3 179591 41 179635 3 180103 40 180147 3 180615 40 180659 3 181127 40 181171 3 181639 40 181683 3 182151 39 182195 3 182663 39 182707 3 183176 38 183219 3 183688 38 183731 3 184200 38 184243 3 184712 38 184755 3 185224 37 185267 3 185737 36 185779 3 186249 36 186291 3 186761 36 186803 3 187274 35 187315 3 187786 34 187827 3 188298 34 188339 3 188810 34 188851 3 189322 34 189363 3 189834 34 189875 3 190346 34 190388 2 190858 34 190900 1 191371 32 191883 32 192396 31 192908 31 193420 31 193933 30 194445 30 194958 29 195470 29 195982 29 196494 29 197007 28 197519 28 198031 28 198544 27 199056 27 199569 26 200081 25 200594 24 201106 24 201619 22 202131 22 202643 22 203156 20 203668 20 204181 18 204693 17 205206 15 205719 14 206231 13 206744 11 207256 9 207770 4
test_0201_2,0 0
test_0201_3,0 0
test_0202_1,0 0
test_0202_2,61368 2 61879 4 62391 4 62902 5 63414 5 63926 5 64438 5 64951 3 65463 2 167065 3 167576 5 168088 5 168600 5 169111 6 169623 6 170135 6 170647 6 171160 5 171672 5 172185 3 176700 2 177211 4 177722 6 178234 7 178746 7 179258 7 179770 6 180282 5 180795 3 195393 2 195904 4 196416 5 196927 6 197439 6 197951 6 198463 6 198975 6 199487 6 200000 5 200512 4
test_0202_3,0 0
test_0203_1,35142 1 35652 6 36162 10 36673 14 37185 16 37696 21 38207 25 38718 39 39229 43 39740 46 40251 49 40762 51 41274 52 41785 54 42296 56 42808 57 43319 58 43831 59 44342 61 44854 61 45365 63 45877 64 46388 66 46900 66 47411 67 47923 68 48434 69 48945 71 49457 71 49968 72 50480 73 50991 74 51503 75 52014 76 52526 76 53037 78 53548 79 54059 80 54571 80 55082 81 55594 81 56105 82 56616 83 57128 84 57639 85 58151 85 58662 86 59174 86 59685 88 60197 88 60708 89 61220 88 61731 89 62243 89 62754 90 63266 90 63778 90 64289 91 64801 90 65312 91 65824 91 66335 92 66847 92 67359 92 67870 93 68382 93 68893 94 69405 94 69916 95 70428 95 70940 95 71452 94 71964 94 72476 94 72988 94 73500 94 74012 93 74524 93 75036 92 75548 92 76060 91 76572 90 77084 89 77596 88 78108 87 78621 84 79134 81 79646 80 80158 77 80670 74 81182 72 81695 68 82207 65 82720 60 83232 57 83744 52 84256 48 84769 43 85282 39 85795 36 86309 31 86824 24 87339 18 87853 12
test_0203_2,0 0
test_0203_3,0 0
test_0204_1,0 0
test_0204_2,0 0
test_0204_3,65189 1 65701 2 66213 2 66725 3 67237 3 67749 3 68262 2 68774 2 69286 3 69798 3 70311 2 70823 3 71335 3 71847 3 72359 3 72872 2 73384 3 73896 3 74409 2 74921 2 75433 3 75945 3 76458 2 76970 3 77482 3 77995 2 78507 3 79019 3 79531 3 80044 2 80556 3 81068 3 81581 3 82093 3 82606 2 83118 2 83630 2 84142 3 84654 3 85167 2 85679 2
test_0205_1,100626 2 101137 5 101648 8 102159 9 102670 11 103182 12 103693 14 104205 14 104717 14 105229 15 105741 15 106253 15 106765 15 107277 15 107789 15 108301 15 108813 15 109325 15 109838 14 110349 15 110861 15 111373 15 111885 15 112397 15 112910 14 113422 13 113935 11 114449 8
test_0205_2,0 0
test_0205_3,0 0
test_0206_1,0 0
test_0206_2,76145 2 76656 4 77167 6 77679 6 78190 7 78702 7 79214 7 79726 7 80238 7 80750 7 81262 6 81774 5 82286 4 82799 2
test_0206_3,0 0
test_0207_1,0 0
test_0207_2,59287 3 59798 5 60310 6 60822 6 61333 7 61845 7 62357 7 62575 3 62870 5 63086 5 63382 4 63597 6 63894 3 64109 7 64621 7 65132 8 65644 8 66156 8 66668 8 67180 8 67692 7 68205 6 68717 5 69230 3
test_0207_3,0 0
test_0208_1,0 0
test_0208_2,0 0
test_0208_3,54446 2 54958 3 55470 3 55982 4 56494 4 57006 4 57519 3 58031 3 58543 4 59055 4 59568 4 60080 4 60593 4 61105 4 61617 5 62130 5 62642 5 63155 5 63667 5 64180 4 64692 5 64925 1 65205 4 65436 2 65717 5 65948 2 66230 4 66460 2 66742 5 66972 2 67254 6 67484 3 67766 6 67996 3 68279 6 68508 3 68792 5 69020 3 69305 5 69532 4 69818 5 70045 3 70330 5 70557 3 70843 5 71069 3 71356 5 71581 4 71869 5 72094 3 72382 4 72606 3 72895 4 73118 3 73408 4 73630 4 73921 3 74143 3 74433 4 74655 3 74946 3 75167 4 75458 4 75679 4 75971 4 76192 3 76483 4 76704 3 76996 4 77216 3 77509 3 77728 2 78021 4 78240 2 78534 3 78752 2 79046 4 79264 2 79559 4 79776 1 80071 4 80584 4 81097 3 81609 4 82122 3 82634 3 83147 3 83659 4 84172 3 84684 4 85197 3 85710 3 86222 4 86735 4 87248 4 87732 2 87761 5 88244 3 88274 4 88756 3 88787 4 89268 4 89300 4 89781 4 89813 4 90293 4 90326 3 90806 3 90839 3 91318 4 91351 4 91831 3 91864 3 92343 4 92376 3 92856 3 92889 3 93368 4 93401 3 93881 4 93914 3 94393 4 94426 3 94906 4 94938 3 95418 5 95451 3 95931 5 95963 3 96444 6 96475 3 96957 8 96988 3 97470 9 97500 3 97984 20 98013 3 98498 19 98525 3 99016 13 99037 3 99534 8 99550 2 100050 4 100062 3 100563 4 100574 3 101076 3 101086 3 101588 4 101599 3 102100 5 102111 3 102613 5 102623 3 103126 5 103136 2 103639 4 103648 3 104151 5 104160 3 104664 4 104673 3 105177 4 105185 3 105689 4 105697 3 106202 4 106210 2 106715 4 106721 3 107228 4 107233 4 107740 9 108253 9 108765 9 109278 8 109790 8 110303 7 110816 6 111328 6 111841 6 112354 5 112867 4 113380 3 113892 4 114405 3 114917 3 115429 3 115942 2 116454 2 116967 1 124731 14 125241 19 125752 23 126265 6 126275 14 126795 9 127309 8 127823 8 128337 8 128852 7 129365 7 129880 5 130393 5 130906 5 131419 5 131933 5 132446 5 132959 5 133472 5 133985 6 134498 6 135011 6 135524 5 136037 6 136550 5 137064 5 137577 4 138090 4 138603 4 139116 4 139629 4 140142 4 140654 4 141167 4 141680 4 142193 4 142706 3 143218 4 143731 3 144244 3 144756 4 145269 3 145781 4 146294 3 146806 4 147319 3 147831 4 148344 3 148856 4 149369 3 149882 2 150394 3 150906 3 151419 2 151931 2 182923 4 183432 8 183942 9 184453 9 184963 8 185473 9 185984 8 186495 7 187006 6 187516 7 187667 2 188027 7 188179 4 188537 8 188691 6 189048 7 189204 7 189559 7 189718 6 190069 7 190232 5 190580 7 190745 6 191090 8 191259 6 191601 7 191772 6 192112 7 192285 6 192623 7 192799 5 193134 7 193312 6 193645 7 193825 6 194157 6 194338 7 194668 7 194850 7 195179 7 195364 7 195689 8 195877 7 196199 9 196390 7 196667 2 196710 8 196904 6 197178 7 197220 8 197417 6 197690 9 197731 7 197930 6 198203 9 198238 11 198443 6 198715 10 198749 10 198957 5 199228 18 199255 15 199470 6 199741 18 199767 14 199983 6 200254 18 200278 14 200496 6 200766 19 200789 10 201009 5 201278 31 201523 4 201791 29 202036 4 202303 27 202549 5 202816 6 202825 15 203062 5 203329 4 203337 13 203575 5 203842 3 203850 1 204088 5 204355 2 204601 5 204867 2 205114 4 205627 4 206140 4 206653 4 207166 4 207679 4 208192 4 208705 4 209218 4 209731 4 210244 4 210757 4 211270 3 211782 4 212295 4 212808 4 213321 3 213833 4 214346 4 214859 3 215372 3 215884 4 216397 4 216910 3 217422 4 217935 4 218448 4 218961 4 219474 3 219987 3 220499 3 221012 2 221524 2
test_0209_1,0 0
test_0209_2,0 0
test_0209_3,122517 1 123028 2 123540 2 124051 2 124563 2 125075 2 125587 2 126098 3 126610 3 127122 3 127634 3 128145 3 128657 3 129169 3 129681 3 130193 2 130705 2 131216 3 131728 3 132240 3 132752 3 133264 3 133776 2 134287 3 134799 3 135311 2 135823 2 136335 2 136846 3 137358 3 137870 3 138382 2 138894 2 139406 2 139917 3 140429 3 140941 2 141453 2 141965 2 142477 2
test_0210_1,0 0
test_0210_2,0 0
test_0210_3,159479 2 159991 3 160504 3 161016 4 161529 4 162042 4 162555 4 163068 3 163580 4 164093 4 164606 3 165119 3 165631 4 166144 4 166656 5 167169 4 167682 4 168195 4 168708 4 169220 5 169733 4 170246 3 170758 4 171271 4 171783 4 172296 4 172808 4 173321 4 173833 4 174346 4 174859 4 175371 5 175884 5 176396 6 176909 6 177422 7 177935 7 178449 6 178963 5 179476 5 179990 5 180503 6 181017 6 181531 5 182044 5 182557 5 183070 5 183583 5 184096 6 184609 6 185122 6 185635 6 186148 6 186662 4
test_0211_1,0 0
test_0211_2,0 0
test_0211_3,55147 1 55654 7 56160 13 56632 4 56641 8 56668 16 57143 49 57655 43 58168 40 110979 2 111490 3 112002 4 112515 3 113027 3 113540 2 114052 2 114564 3 115076 3 115588 3 116101 2 116613 2 117125 2 117638 2 118150 2 118662 2 119174 2 119686 3 120198 3 120530 2 120710 3 121042 3 121223 2 121554 3 121735 2 122067 3 122247 3 122404 3 122579 3 122759 3 122917 3 123092 3 123271 3 123430 3 123604 3 123784 2 123942 3 124117 3 124296 2 124445 1 124455 3 124629 4 124808 2 124957 1 124967 3 125142 3 125320 3 125469 1 125480 2 125654 4 125832 3 125981 1 125992 2 126167 3 126344 3 126492 2 126504 2 126680 3 126857 2 127004 2 127016 2 127192 3 127369 2 127516 2 127528 3 127705 3 127881 3 128028 2 128040 3 128217 3 128393 3 128540 2 128552 3 128730 2 128905 3 129052 2 129064 3 129242 3 129418 2 129564 3 129576 2 129754 3 129930 2 130076 3 130087 3 130267 3 130442 3 130588 3 130599 3 130779 3 130954 3 131101 3 131111 3 131292 3 131466 3 131613 3 131622 3 131804 3 131979 2 132125 4 132133 4 132317 3 132491 3 132638 4 132644 5 132829 3 133003 3 133151 9 133342 3 133515 3 133664 7 133854 3 134028 2 134177 5 134367 3 134540 2 134879 3 135052 2 135392 3 135564 3 135904 3 136076 3 136417 3 136589 2 136929 4 137101 3 137442 3 137613 3 137955 3 138125 3 138467 3 138638 3 138980 3 139150 3 139492 3 139662 4 140005 3 140174 4 140517 3 140687 3 141030 3 141199 4 141542 3 141711 4 142055 3 142223 4 142567 3 142736 3 143080 2 143248 4 143592 3 143760 4 144104 3 144272 4 144617 2 144785 3 145129 3 145297 3 145642 2 145810 3 146154 3 146322 3 146666 3 146834 3 147179 3 147347 2 147692 3 147859 2 148204 3 148371 3 148717 3 148883 3 149229 3 149396 2 149742 3 149908 2 150254 3 150420 3 150767 3 150932 3 151279 3 151444 3 151791 3 151957 2 152304 2 152469 2 152816 3 152981 3 153328 3 153493 3 153841 3 154006 2 154353 3 154518 2 154866 3 155030 3 155378 3 155542 3 155891 2 156055 2 156403 3 156567 3 156916 3 157079 3 157428 3 157591 3 157940 4 158103 3 158453 3 158616 2 158965 4 159128 3 159478 3 159640 3 159990 3 160152 3 160503 3 160664 3 161015 3 161177 2 161528 3 161689 2 162040 3 162201 2 162552 3 162714 2 163065 3 163226 2 163577 3 163738 1 164090 3 164602 3 165115 2 165627 3 166139 3 166652 3 167164 3 167677 2 168189 3 168702 2 169214 3 169726 3 170239 2 170751 3 171264 2 171776 2
test_0212_1,0 0
test_0212_2,129617 1 130128 4 130640 4 131152 5 131664 5 132176 6 132688 6 133200 7 133712 7 134224 7 134737 6 135249 6 135762 5 136274 6 136787 5 137300 5 137812 5 138324 5 138837 3 139349 2 145630 3 146141 5 146652 6 147164 7 147676 7 148187 8 148699 8 149211 8 149723 8 150235 8 150748 7 151260 6 151773 5 152285 4 152799 1
test_0212_3,0 0
test_0213_1,64383 31 64889 40 65396 47 65907 50 66418 52 66929 55 67439 57 67950 59 68461 61 68972 63 69482 66 69993 67 70504 69 71015 71 71525 74 72037 75 72548 77 73059 79 73570 80 74081 81 74592 83 75103 84 75614 85 76125 87 76636 88 77147 89 77658 90 78169 91 78680 92 79191 93 79702 94 80214 94 80726 94 81237 95 81749 95 82261 95 82773 95 83284 96 83796 96 84308 96 84820 95 85332 95 85844 95 86356 95 86868 95 87381 94 87893 94 88406 93 88918 93 89430 93 89943 92 90455 92 90967 92 91480 90 91992 89 92504 88 93017 86 93529 85 94041 85 94554 82 95067 80 95580 78 96093 75 96607 70 97122 64 97638 21 97667 29 98193 13
test_0213_2,0 0
test_0213_3,0 0
test_0214_1,0 0
test_0214_2,0 0
test_0214_3,41068 1 41579 2 42091 3 42603 3 43115 3 43628 2 44140 2 44652 3 45164 3 45307 9 45677 2 45811 17 46189 2 46321 17 46701 3 46827 19 47213 3 47336 20 47725 3 47843 22 48238 2 48352 19 48750 3 48862 18 49262 3 49374 9 49774 3 50287 3 50799 3 51311 3 51823 3 52336 2 52848 3 53360 3 53872 3 54385 2 54897 3 55409 3 55921 3 56434 2 56946 2 57458 3 57970 3 58483 2 58995 3 59507 3 60019 3 60531 3 61044 2 61556 3 62068 3 62581 2 63093 2 63605 3 64117 3 64630 2 64652 3 65142 2 65159 8 65654 3 65669 10 66166 3 66180 9 66678 3 66691 8 67191 2 67201 8 67703 3 67711 9 68189 5 68215 3 68222 7 68701 11 68727 4 68733 7 69214 17 69239 11 69726 34 70244 27 70761 21 71288 5 71801 4 72314 3 72826 3 73338 3 73850 3 74363 3 74875 3 75387 3 75900 3 76412 3 76924 3 77437 2 77949 3 78461 3 78974 2 79486 2 79998 3 80511 2 81023 2 81535 3 82047 3 82560 1 91985 1 92497 1 93009 2 93521 2 94033 3 94545 3 95057 3 95570 2 96082 3 96594 3 97106 3 97619 3 98131 3 98643 3 99155 3 99668 3 100180 3 100692 3 101205 2 101717 3 102229 3 102741 3 103254 3 103766 3 104278 3 104790 3 105303 3 105815 3 106327 3 106839 3 107352 3 107864 3 108376 3 108889 3 109401 3 109913 3 110425 3 110938 3 111450 3 111963 2 112475 3 112987 3 113500 2 114012 3 114525 2 115037 2 115549 3 116061 3 116574 2 117086 2 117598 3 118111 2 118623 2 119135 3 119648 2 120160 2 120672 3 121185 2 121697 2 122209 3 122721 3 123234 2 123746 3 124258 3 124771 2 125283 3 125795 3 126308 2 126820 3 127332 3 127845 2 128357 3 128869 3 129382 2 129894 3 130406 3 130919 3 131431 3 131944 2 132456 2 132968 3 133481 2 133993 3 134505 3 134826 2 135018 2 135338 2 135530 3 135850 2 136042 3 136362 2 136555 2 136874 2 137067 3 137386 2 137579 3 137898 2 138092 3 138410 2 138604 3 138922 2 139116 3 139434 2 139629 3 139946 2 140141 3 140457 3 140654 3 140969 3 141166 3 141481 3 141679 2 141993 3 142191 3 142505 3 142703 3 143017 3 143216 2 143529 3 143728 3 144041 2 144240 3 144553 2 144753 3 145065 2 145265 3 145577 2 145778 2 146088 3 146290 3 146600 3 146802 3 147112 3 147315 3 147624 3 147827 3 148136 3 148340 3 148648 3 148852 3 149160 3 149365 3 149672 3 149877 3 150184 3 150389 3 150696 3 150902 3 151208 3 151414 3 151720 2 151927 2 152232 2 152439 3 152744 2 152952 3 153256 2 153464 3 153768 2 153976 3 154280 2 154489 3 154791 3 155001 3 155303 3 155514 3 155815 3 156026 3 156327 3 156539 3 156839 3 157051 3 157351 3 157563 3 157863 2 158076 2 158375 2 158588 2 158886 3 159398 3 159910 3 160422 3 160934 3 161446 3 161958 3 162470 3 162982 3 163494 3 164006 3 164518 2 165030 2 165542 2 166054 2 166565 3 167077 3 167589 3 168101 3 168613 3 169125 2 169637 2 170149 2 170660 3 171172 3 171684 3 172196 3 172708 3 173220 3 173732 3 174244 3 174756 2 175268 2 175779 3 176291 3 176803 3 177315 3 177827 2 178339 2 178850 3 179362 3 179874 3 180386 3 180898 3 181410 2 181921 3 182433 3 182945 3 183457 3 183969 3 184481 2 184993 2 185505 2 186016 3 186528 3 187040 3 187552 3 188064 3 188576 2 189087 3 189599 3 190111 3 190623 2 191135 2 191647 2 192158 3 192670 3 193182 3 193694 2 194205 3 194717 3 195229 3 195741 2 196253 2 196764 3 197276 3 197435 7 197788 3 197946 13 198300 3 198458 21 198812 2 198976 21 199324 2 199494 21 199836 2 200013 17 200348 2 200531 15 200860 1 201046 17 201563 15 202080 14 202599 10 203113 12 203630 10 204146 9 204661 8 205177 7 205691 8 206205 8 206721 6 207235 7 207749 7 208264 7 208778 7 209292 6 209806 6 210320 6 210834 6 211348 5 211862 4 212376 3
test_0215_1,0 0
test_0215_2,163471 2 163981 6 164493 7 165004 9 165516 10 166029 10 166542 9 167055 8 167568 7 168082 4
test_0215_3,0 0
test_0216_1,160557 2 160979 4 161069 2 161488 10 161580 4 161999 12 162091 5 162510 14 162604 4 163021 17 163115 5 163533 17 163627 4 164044 19 164139 4 164556 20 164652 2 165067 21 165579 22 166091 22 166602 23 167114 24 167626 24 168138 25 168649 26 169161 27 169672 30 170184 31 170696 31 171208 32 171720 33 172232 33 172744 34 173256 35 173768 35 174280 35 174792 36 175304 36 175816 36 176328 37 176840 37 177352 37 177864 37 178376 37 178888 37 179400 37 179913 36 180425 36 180937 36 181449 36 181961 36 182473 36 182986 35 183498 34 184010 34 184522 34 185034 34 185546 34 186059 33 186571 32 187084 31 187596 31 188108 31 188620 31 189133 30 189645 30 190157 30 190669 30 191182 28 191695 27 192208 25 192720 25 193233 23 193745 23 194257 22 194770 21 195282 20 195795 18 196307 17 196820 15 197333 13 197846 10
test_0216_2,0 0
test_0216_3,0 0
test_0217_1,66649 6 67155 13 67662 18 68171 23 68682 26 69192 29 69703 31 70213 35 70724 36 71235 38 71746 40 72257 42 72768 43 73279 45 73790 46 74301 47 74812 49 75324 50 75835 51 76346 52 76858 53 77369 54 77881 55 78392 56 78903 57 79415 57 79927 57 80438 58 80949 59 81461 59 81972 60 82484 60 82996 60 83507 61 84018 62 84530 63 85042 64 85553 65 86064 66 86576 67 87088 67 87600 67 88111 68 88622 69 89134 69 89646 69 90157 70 90669 69 91180 70 91692 70 92204 70 92715 71 93227 71 93738 72 94250 72 94762 72 95274 72 95785 73 96297 73 96809 73 97320 74 97832 74 98344 74 98855 74 99367 74 99879 73 100391 72 100902 72 101415 71 101926 71 102438 70 102950 69 103462 68 103974 68 104486 67 104998 66 105510 65 106022 65 106534 65 107046 64 107558 63 108070 63 108582 62 109094 61 109606 60 110117 61 110629 60 111141 60 111653 60 112165 59 112677 59 113189 59 113701 58 114213 58 114725 58 115237 57 115749 57 116261 57 116773 56 117284 57 117796 57 118308 57 118820 57 119332 57 119844 57 120356 57 120868 57 121380 57 121892 56 122404 56 122916 56 123428 55 123940 55 124452 55 124963 56 125475 56 125987 56 126499 56 127011 56 127523 56 128035 55 128547 55 129059 54 129571 54 130083 53 130595 53 131107 53 131619 53 132130 53 132642 53 133154 53 133666 52 134178 52 134690 52 135202 53 135714 53 136226 53 136738 53 137250 52 137762 53 138274 53 138786 53 139298 53 139810 53 140322 53 140834 53 141346 53 141858 53 142370 53 142883 52 143395 52 143907 51 144419 51 144931 50 145443 50 145955 50 146467 50 146980 49 147492 49 148004 49 148516 48 149028 47 149540 47 150052 46 150564 46 151076 46 151588 46 152100 46 152612 45 153125 44 153637 44 154149 44 154661 43 155173 43 155685 43 156197 42 156709 42 157221 42 157732 42 158244 42 158756 41 159268 41 159780 40 160293 39 160806 38 161318 37 161831 35 162344 34 162858 31 163371 29 163884 27 164397 25 164909 24 165422 22 165936 18 166450 14 166967 6
test_0217_2,0 0
test_0217_3,0 0
test_0218_1,0 0
test_0218_2,68045 1 68556 3 69067 5 69579 5 70091 5 70603 5 71115 5 71627 5 72140 3 185384 3 185895 5 186407 6 186918 7 187430 7 187942 7 188454 7 188965 8 189477 7 189989 7 190501 6 191014 4
test_0218_3,0 0
test_0219_1,170407 7 170916 13 171426 17 171937 20 172448 22 172959 24 173470 26 173981 28 174493 29 175004 31 175516 32 176027 34 176539 35 177051 36 177563 37 178074 39 178586 39 179098 40 179610 41 180121 42 180633 43 181145 43 181657 44 182169 44 182680 45 183192 46 183704 46 184215 48 184727 48 185239 49 185751 49 186263 49 186774 51 187286 51 187797 52 188309 53 188821 53 189333 53 189845 54 190357 54 190868 55 191380 55 191892 55 192404 56 192916 56 193427 57 193939 57 194451 57 194963 57 195475 57 195987 57 196499 57 197011 57 197523 57 198035 56 198547 57 199059 57 199571 57 200083 57 200595 57 201107 57 201619 57 202131 57 202643 56 203155 56 203667 56 204180 55 204692 55 205204 55 205717 54 206229 54 206741 53 207253 53 207766 52 208278 52 208790 53 209302 53 209814 53 210326 53 210838 53 211350 53 211863 52 212375 52 212887 52 213400 51 213912 51 214424 50 214937 49 215449 48 215962 47 216474 46 216987 45 217500 43 218012 43 218525 41 219038 39 219551 37 220064 36 220577 34 221090 33 221603 31 222116 29 222628 29 223140 28 223653 26 224166 23 224679 21 225194 15 225708 11
test_0219_2,0 0
test_0219_3,0 0
test_0220_1,151874 1 152383 7 152894 9 153405 11 153916 13 154428 14 154940 15 155451 16 155963 17 156475 17 156987 17 157500 15 158012 15 158524 15 159036 15 159548 16 160060 16 160572 16 161084 15 161596 15 162109 14 162621 13 163134 12 163647 10 164160 8 164672 8 165185 5
test_0220_2,0 0
test_0220_3,0 0
test_0221_1,174331 8 174838 16 175348 19 175858 22 176369 24 176879 26 177390 28 177901 30 178412 31 178924 32 179435 34 179947 35 180459 35 180970 37 181482 37 181993 38 182505 39 183016 40 183528 40 184039 41 184551 41 185063 41 185575 41 186087 41 186599 41 187111 41 187623 41 188136 40 188648 40 189160 40 189673 39 190185 39 190697 39 191210 38 191722 38 192234 38 192746 37 193259 36 193771 35 194283 35 194796 34 195308 33 195820 33 196332 32 196844 32 197356 31 197869 30 198381 29 198894 27 199407 25 199920 23 200433 20 200947 4 200952 11
test_0221_2,0 0
test_0221_3,0 0
test_0222_1,0 0
test_0222_2,0 0
test_0222_3,24229 4 24729 5 24737 9 25241 19 25766 9 98450 1 98961 2 99473 2 99985 2 100496 3 101008 3 101520 2 102032 2 102543 3 103055 2 103567 2 104078 3 104590 3 105102 2 105613 3 106125 3 106637 2 107148 3 107660 3 108171 3 108683 3 109195 3 109706 4 110218 4 110730 4 111241 7 111753 8 112265 8 112776 9 113288 4 113800 3 114311 4 114823 3 115335 3 115847 3 116358 4 116870 3 117382 3 117893 4 118405 4 118917 4 119429 4 119941 6 120452 8 120964 8 121476 8 121987 9 122499 8 123011 8 123522 9 124034 8 124545 9 125057 8 125569 8 126080 5 126086 3 126592 4 126599 2 127104 3 127615 3 128127 3 128639 3 129150 3 129662 3 130174 3 130685 3 131197 3 131709 2 132220 3 132732 3 133244 3 133757 1 159449 2 159961 3 160473 3 160985 3 161497 4 162010 3 162522 3 163034 3 163547 3 164059 3 164571 3 165084 2 165596 3 166108 3 166621 2 167133 3 167645 3 168158 2 168670 3 169182 3 169694 3 170207 3 170719 3 171231 3 171385 1 171744 2 171897 2 172256 3 172409 3 172768 3 172922 3 173281 2 173435 3 173793 3 173947 4 174305 3 174460 4 174817 3 174973 4 175330 3 175486 3 175842 3 175999 3 176354 3 176511 4 176867 2 177024 3 177379 2 177536 4 177891 3 178049 3 178403 3 178562 3 178915 3 179075 3 179428 2 179587 3 179940 3 180100 3 180452 3 180612 3 180965 2 181125 3 181477 2 181637 3 181989 3 182150 3 182502 2 182663 3 183014 2 183175 3 183526 3 183688 3 184038 3 184201 3 184550 3 184713 3 185063 3 185226 3 185575 3 185738 4 186087 3 186251 4 186599 3 186764 3 187112 2 187277 3 187624 2 187789 3 188136 3 188302 3 188648 3 188814 4 189160 3 189327 3 189673 2 189839 4 190185 3 190352 4 190697 3 190865 3 191210 2 191377 4 191722 2 191890 4 192234 3 192403 3 192746 3 192915 4 193259 2 193428 4 193771 3 193941 3 194283 3 194453 4 194796 2 194966 4 195308 2 195478 4 195820 3 195991 4 196332 3 196504 4 196845 2 197016 5 197357 3 197529 5 197869 3 198042 4 198381 3 198554 5 198894 2 199067 5 199406 2 199580 4 199918 3 200092 5 200430 3 200605 4 200942 3 201117 4 201455 2 201630 4 201967 3 202143 3 202479 3 202655 4 202991 3 203168 4 203504 2 203680 4 204016 2 204193 4 204528 2 204706 4 205040 3 205218 4 205552 3 205731 4 206065 2 206243 4 206577 2 206756 4 207089 2 207269 3 207601 3 207781 3 208113 3 208293 4 208626 2 208806 3 209138 2 209318 3 209650 2 209831 3 210162 2 210344 3 210674 2 210856 3 211186 3 211369 3 211699 2 211881 3 212211 2 212394 3 212723 2 212906 3 213236 1 213418 3 213748 2 213931 3 214260 1 214443 3 214956 2 215468 2 215981 1
test_0223_1,0 0
test_0223_2,0 0
test_0223_3,31288 2 31801 4 32313 5 32826 5 33340 5 33853 5 34366 5 34879 5 35393 4 35906 4 36419 4 36932 4 37445 5 37958 5 38471 6 38984 6 39498 5 40011 5 40524 5 41037 6 41550 7 42064 6 42577 6 43091 5 43604 6 44118 5 44631 6 45145 5 45659 5 46172 5 46685 6 47199 4 47712 4 48225 3 67389 4 67898 7 68408 8 68918 7 69234 2 69428 7 69745 3 69938 7 70257 3 70448 7 70768 3 70958 7 71279 3 71468 7 71791 3 71979 6 72302 3 72488 7 72813 4 72999 6 73324 4 73510 5 73835 4 74022 3 74347 3 74858 4 75370 3 75881 3 76392 4 76903 4 77415 4 77926 4 78438 4 78949 4 79460 4 79971 4 80483 3 80994 3 81505 3 82017 3 82528 3 83039 4 83550 4 84061 4 84573 3 85084 4 85595 4 86107 3 86618 4 87129 4 87640 4 88151 4 88663 3 89174 4 89685 4 90197 3 90708 4 91219 4 91730 4 92241 4 92752 4 93263 5 93774 5 94286 4 94797 4 95308 4 95820 3 96331 4 96842 4 97353 4 97864 4 98375 4 98887 3 99398 4 99909 4 100421 3 100932 3 101443 4 101954 4 102466 3 102977 3 103489 3 104001 2 104513 2 115020 19 115532 20 116045 19 125146 2 125658 3 126171 2 126683 3 127195 3 127708 3 128220 3 128733 3 129245 3 129758 3 130270 3 130782 3 131295 3 131807 3 132320 2 132832 3 133344 3 133856 3 134369 3 134881 3 135394 3 135906 3 136419 2 136931 3 137443 3 137956 3 138468 3 138981 2 139493 3 140005 3 140518 3 141030 3 141543 3 142055 3 142567 4 143080 3 143592 3 144105 3 144617 3 145130 3 145642 3 146154 4 146667 3 147179 4 147692 3 148204 3 148716 4 149229 3 149741 4 150254 3 150766 3 151278 4 151791 3 152303 4 152816 3 153328 3 153841 3 154353 3 154866 3 155378 3 155890 3 156403 3 156915 3 157428 3 157940 3 158452 3 158965 3 159477 3 159990 3 160502 3 161014 3 161527 3 162039 3 162551 4 163064 3 163576 3 164089 3 164601 3 165113 3 165626 3 166138 3 166651 2 167163 3 167675 3 168188 3 168700 3 169213 3 169725 3 170238 2 170750 3 171262 3 171775 3 172287 3 172800 3 173312 3 173824 3 174337 3 174849 3 175362 3 175874 3 176387 3 176899 3 177412 3 177924 3 178436 3 178949 3 179461 3 179974 3 180486 3 180999 3 181511 3 182024 3 182536 3 183049 3 183561 3 184074 3 184586 3 185099 3 185611 3 186124 3 186636 3 187149 2 187661 2 188174 1
test_0224_1,0 0
test_0224_2,49522 1 50033 4 50544 6 51056 6 51568 6 52080 6 52592 6 53104 6 53616 6 54128 5 54640 4 55153 2 105089 1 105599 4 106111 5 106622 6 107134 6 107646 6 108158 6 108670 6 109182 6 109694 6 110207 4 110720 2 142234 4 142746 4 143257 6 143769 6 144281 6 144793 6 145305 6 145817 6 146329 6 146841 6 147353 6 147865 5 148377 5 148889 5 149402 3 197867 1 198377 4 198888 5 199400 6 199911 7 200423 7 200935 6 201447 6 201959 6 202471 6 202984 5 203496 4 204009 3
test_0224_3,0 0
test_0225_1,55663 1 56171 10 56682 12 57193 14 57704 16 58215 18 58727 19 59238 21 59748 24 60259 25 60770 27 61282 28 61794 28 62305 30 62817 30 63328 32 63840 32 64352 33 64863 34 65375 34 65887 35 66399 35 66911 35 67422 36 67934 37 68446 37 68958 37 69470 37 69983 36 70495 37 71007 37 71519 37 72031 37 72542 38 73054 38 73566 38 74078 38 74590 39 75102 39 75615 38 76127 38 76639 39 77151 39 77663 39 78175 39 78687 40 79199 40 79711 40 80223 40 80736 40 81248 40 81760 40 82272 40 82784 40 83297 40 83809 40 84322 39 84834 39 85347 39 85859 39 86371 39 86883 39 87395 39 87908 39 88420 39 88933 38 89445 39 89957 39 90469 39 90982 38 91494 38 92006 38 92518 39 93030 39 93543 38 94056 38 94568 38 95080 38 95593 37 96106 36 96618 36 97130 37 97642 37 98155 36 98667 36 99179 37 99691 37 100204 36 100716 36 101229 35 101741 36 102253 36 102766 35 103278 35 103791 35 104303 35 104816 34 105328 34 105841 33 106353 33 106866 33 107379 32 107892 31 108404 31 108917 30 109429 31 109942 30 110455 29 110967 29 111480 28 111992 28 112505 27 113017 27 113529 27 114041 27 114553 28 115065 28 115577 28 116090 27 116602 27 117114 27 117626 27 118139 26 118651 26 119163 26 119675 26 120188 25 120700 25 121213 24 121725 23 122237 23 122749 23 123261 22 123774 21 124286 8 124296 7 124798 8 124810 4 125310 8 125323 3 125822 7 126334 7 126846 7 127358 7 127870 7 128382 7 128894 7 129406 7 129917 8 130429 8 130941 8 131453 8 131965 7 132477 7 132989 7 133502 6 134014 6 134526 6 135037 7 135549 7 136061 7 136573 7 137085 7 137596 8 138108 8 138616 1 138620 8 139128 12 139640 12 140153 11 140665 11 141177 12 141688 13 142200 14 142711 15 143220 18 143710 6 143730 20 144217 45 144727 46 145237 48 145298 3 145747 50 145808 5 146257 52 146317 8 146767 55 146828 10 147277 57 147339 11 147788 59 147850 12 148299 75 148810 76 149321 77 149832 78 150344 78 150855 79 151367 79 151879 79 152391 80 152902 81 153414 81 153925 82 154437 82 154949 82 155461 82 155973 82 156485 82 156997 82 157509 82 158020 83 158532 83 159044 83 159556 83 160068 83 160580 83 161092 84 161604 84 162116 84 162628 84 163140 84 163652 85 164164 85 164676 85 165188 85 165700 85 166212 85 166724 85 167237 84 167749 83 168261 83 168773 83 169285 83 169797 83 170309 83 170821 83 171334 81 171846 81 172358 80 172870 80 173382 79 173895 77 174407 76 174920 74 175432 73 175944 72 176456 69 176969 66 177481 63 177993 58 178505 49 179018 43 179530 41 180043 39 180557 34 181071 29 181584 25 182097 19 182610 14 183124 6
test_0225_2,0 0
test_0225_3,0 0
test_0226_1,0 0
test_0226_2,74052 3 74563 5 75075 6 75587 6 76099 6 76611 6 77123 6 77635 6 78147 6 78659 6 79172 6 79684 6 80197 4 80710 3 135840 4 136351 6 136862 8 137374 9 137886 10 138398 11 138910 11 139422 11 139934 11 140447 9 140959 9 141472 7 141984 6 142497 4 143010 2
test_0226_3,0 0
test_0227_1,0 0
test_0227_2,118639 2 119150 4 119662 5 120174 5 120685 6 121197 6 121709 6 122221 6 122733 6 123245 6 123757 6 124270 4 124783 2 176003 1 176514 3 177026 4 177537 5 178049 5 178561 5 179073 5 179584 6 180096 6 180608 6 181121 4 181633 4 182145 3 194208 3 194719 5 195231 6 195742 7 196254 7 196766 7 197278 7 197790 6 198303 5 198815 4 199328 2
test_0227_3,0 0
test_0228_1,0 0
test_0228_2,53353 4 53865 5 54377 5 54889 6 55401 6 55913 6 56425 7 56938 5 57451 4 57963 3 94667 2 95179 3 95691 3 96203 4 96715 4 97227 4 97739 4 98252 3 193680 3 194191 5 194702 7 195214 8 195726 8 196237 10 196749 10 197262 9 197774 9 198286 9 198798 8 199310 8 199826 4 200339 2
test_0228_3,0 0
test_0229_1,0 0
test_0229_2,57621 1 58132 4 58644 4 59156 4 59667 6 60179 6 60691 6 61203 6 61716 5 62228 5 62740 5 63252 4 63765 3 98187 3 98698 5 99210 5 99721 7 100233 7 100745 7 101257 7 101769 6 102282 5 102794 4 103308 1 155395 3 155906 4 156418 5 156930 5 157442 5 157954 4 158467 3
test_0229_3,0 0
test_0230_1,48900 2 48912 5 49412 3 49420 11 49923 4 49932 12 50431 9 50443 15 50943 10 50955 16 51454 29 51965 31 52476 33 52986 36 53497 45 54008 47 54519 56 55030 58 55541 60 56053 62 56564 64 57076 65 57589 64 58101 65 58613 65 59125 65 59637 66 60148 67 60660 68 61171 69 61684 69 62196 69 62709 68 63221 68 63733 68 64246 67 64758 68 65271 67 65783 67 66296 66 66808 66 67320 66 67832 66 68344 66 68856 66 69368 67 69880 67 70392 68 70904 68 71415 70 71927 69 72439 68 72951 65 73462 65 73973 66 74485 65 74996 66 75508 65 76020 65 76532 64 77044 64 77555 64 78066 65 78577 65 79088 66 79600 66 80111 66 80623 66 81134 68 81646 70 82158 71 82669 72 83181 73 83693 73 84204 75 84716 76 85227 77 85739 77 86251 77 86762 77 87274 77 87785 78 88296 79 88807 80 89318 82 89830 82 90342 82 90853 82 91365 81 91877 80 92388 81 92899 82 93411 82 93922 83 94433 83 94945 83 95457 83 95969 83 96481 83 96992 84 97504 84 98016 84 98528 84 99040 83 99552 83 100064 82 100576 82 101088 81 101600 80 102112 79 102624 78 103136 78 103647 78 104158 78 104670 77 105182 75 105694 72 106206 71 106718 71 107230 71 107741 71 108254 70 108766 69 109278 69 109790 68 110302 68 110814 68 111326 68 111838 67 112350 67 112862 67 113374 67 113886 66 114398 66 114910 66 115422 66 115934 65 116446 65 116959 64 117471 64 117983 63 118495 63 119007 63 119520 61 120032 61 120544 60 121056 60 121568 59 122080 58 122592 58 123104 58 123616 57 124128 57 124640 56 125152 56 125664 56 126176 56 126688 55 127200 55 127712 55 128224 55 128740 50 129253 49 129764 48 130276 47 130787 47 131297 47 131809 46 132321 45 132834 43 133348 40 133862 37 134375 36 134887 35 135400 34 135912 34 136425 33 136937 32 137450 31 137962 31 138474 32 138986 32 139498 32 140011 31 140523 31 141035 32 141548 31 142060 31 142572 31 143085 30 143597 31 144109 31 144621 31 145133 32 145645 32 146158 32 146671 31 147183 32 147696 31 148208 31 148721 30 149233 31 149745 31 150258 30 150647 1 150770 30 151153 11 151282 31 151664 15 151794 31 152174 17 152307 30 152686 16 152819 30 153197 17 153331 30 153708 16 153844 29 154220 15 154356 29 154732 15 154868 30 155243 15 155381 29 155756 13 155894 28 156268 12 156408 26 156781 19 156921 25 157293 21 157434 24 157806 20 157946 23 158319 24 158460 21 158832 28 158973 19 159344 29 159486 17 159856 29 159998 16 160368 31 160511 14 160880 33 161023 13 161392 36 161536 11 161904 38 162048 10 162415 40 162562 7 162928 40 163440 41 163953 40 164465 40 164978 39 165490 39 166002 40 166515 39 167026 41 167537 42 168048 44 168558 46 169069 47 169581 48 170093 48 170606 48 171118 48 171630 49 172142 49 172653 49 173165 49 173677 48 174190 46 174702 45 175214 13 175234 18 175256 1 175727 11 175747 4 175752 11 176239 9 176265 9 176752 8 176777 9 177264 7 177289 8 177777 6 177800 8 178288 7 178313 6 178800 7 178821 1 178824 6 179313 6 179337 5 179825 6 179845 1 179849 5 180337 6 180355 3 180359 8 180850 5 180867 12 181204 1 181362 6 181377 14 181874 7 181882 1 181888 15 182224 5 182387 28 182734 8 182902 24 183244 12 183416 22 183753 17 183930 19 184263 19 184442 19 184774 21 184954 19 185286 21 185467 18 185797 22 185979 17 186302 2 186309 23 186491 17 186812 6 186821 23 187003 16 187322 9 187333 23 187515 15 187832 11 187845 23 188028 13 188344 36 188540 12 188855 37 189054 10 189367 37 189567 7 189880 35 189919 1 190081 1 190392 36 190904 36 191416 36 191927 37 192440 35 192952 33 193464 31 193976 29 194489 28 195001 28 195513 27 196026 26 196538 25 197050 25 197562 24 198075 23 198587 23 199099 23 199611 23 200124 23 200637 22 201149 22 201661 22 202174 21 202686 21 203198 21 203711 20 204223 20 204735 20 205247 20 205759 21 205796 1 206271 21 206783 22 207294 23 207337 1 207806 24 207849 2 208318 24 208360 2 208830 25 208871 2 209343 24 209383 3 209855 25 209895 2 210367 25 210407 2 210879 27 210918 3 211391 29 211430 3 211904 29 211941 4 212416 29 212454 3 212929 28 212966 2 213442 26 213955 24 214467 23 214492 2 214981 25 215493 25 216008 22 216522 7 216531 11 217043 10 217556 8 218069 5
test_0230_2,0 0
test_0230_3,0 0
test_0231_1,0 0
test_0231_2,94671 2 95182 4 95694 5 96205 6 96717 6 97229 6 97741 6 98253 6 98765 6 99278 5 99790 5 100017 4 100303 4 100529 5 100815 3 101040 6 101551 7 102063 7 102574 8 103086 7 103598 7 104111 5 104623 4 147709 3 148220 5 148731 7 149242 8 149754 8 150266 8 150777 8 151289 8 151801 7 152314 5 152826 4 179578 3 180089 5 180601 5 181112 7 181624 7 182136 7 182648 7 183160 6 183672 6 184184 6 184696 5 185209 3 187483 2 187994 4 188505 6 189017 6 189528 7 190040 7 190552 7 191063 8 191575 8 192086 8 192598 8 193110 8 193622 7 194134 7 194647 5 195160 3
test_0231_3,0 0
test_0232_1,106713 11 107222 15 107730 21 108238 26 108748 29 109258 32 109769 33 110280 35 110791 36 111302 38 111813 40 112324 41 112836 42 113347 43 113858 45 114370 45 114881 46 115392 48 115904 48 116415 49 116927 50 117439 50 117950 52 118461 53 118973 53 119484 54 119996 54 120508 55 121019 56 121531 56 122042 57 122554 57 123066 58 123578 58 124090 58 124602 58 125114 58 125626 59 126138 59 126649 60 127161 60 127673 60 128185 61 128698 60 129210 60 129722 60 130234 61 130746 61 131258 61 131770 61 132282 62 132794 62 133306 62 133818 62 134330 63 134842 63 135354 63 135866 64 136378 64 136890 64 137402 64 137914 65 138426 65 138938 65 139451 65 139963 65 140475 65 140988 65 141500 65 142012 65 142525 65 143037 65 143549 66 144062 65 144574 65 145086 65 145599 65 146111 65 146624 63 147136 64 147649 63 148162 62 148675 61 149188 60 149700 60 150213 59 150726 59 151239 58 151752 57 152265 56 152778 54 153291 52 153804 50 154317 47 154832 40 155346 34 155859 30 156375 23 156892 17 157408 11 157922 4
test_0232_2,0 0
test_0232_3,0 0
test_0233_1,0 0
test_0233_2,207674 3 208185 5 208697 5 209208 7 209720 7 210232 7 210744 7 211255 7 211767 7 212279 7 212791 7 213303 6 213816 5 214329 3
test_0233_3,0 0
test_0234_1,154758 5 155268 9 155779 12 156290 14 156801 15 157312 16 157824 17 158336 17 158847 19 159359 20 159870 21 160382 22 160893 23 161404 25 161916 25 162428 26 162940 26 163452 27 163964 27 164476 27 164988 28 165500 28 166012 28 166524 29 167037 28 167549 28 168061 28 168573 29 169085 29 169596 30 170108 30 170620 30 171132 30 171644 30 172156 30 172668 30 173181 29 173693 29 174205 29 174717 29 175229 29 175742 28 176254 28 176767 27 177279 26 177792 25 178304 24 178817 23 179330 22 179843 21 180356 19 180869 18 181384 15 181898 13 182413 9
test_0234_2,0 0
test_0234_3,0 0
test_0235_1,0 0
test_0235_2,0 0
test_0235_3,112312 3 112824 4 113336 5 113849 6 114363 7 114877 7 115057 1 115391 6 115569 2 115905 7 116081 2 116420 5 116593 3 116933 6 117105 3 117447 6 117618 2 117961 7 118130 3 118475 6 118642 3 118989 6 119155 2 119503 6 119667 2 120017 7 120179 3 120530 9 120691 3 121044 9 121203 3 121559 9 121716 2 122073 10 122228 3 122588 10 122740 3 123101 12 123253 2 123617 19 123765 2 124132 20 124277 2 124647 28 124789 3 125167 20 125302 2 125686 12 125814 2
test_0236_1,0 0
test_0236_2,0 0
test_0236_3,48762 2 49273 4 49783 5 50292 8 50802 8 51311 9 51820 10 52329 11 52838 12 53346 14 53850 17 54360 16 54870 15 55380 14 55888 14 56399 9 56910 8 57421 8 57933 7 58445 6 58956 6 59467 6 59978 6 60489 5 61000 5 61511 5 62022 4 62533 4 63044 4 63555 4 64067 3 64580 1 73079 2 73591 3 74104 2 74616 3 75129 3 75641 3 76154 3 76553 3 76667 2 77064 4 77179 3 77575 4 77692 3 78086 5 78204 3 78597 5 78717 3 79108 5 79230 3 79619 5 79742 3 80130 5 80255 3 80641 5 80767 3 81152 5 81280 3 81664 4 81792 4 82175 4 82305 3 82686 4 82818 3 83197 5 83330 3 83708 5 83843 3 84220 4 84355 3 84731 4 84868 3 85242 4 85380 4 85754 4 85893 3 86265 4 86405 4 86776 4 86918 3 87287 4 87430 4 87798 4 87943 4 88309 5 88456 3 88820 5 88968 4 89332 4 89481 3 89843 4 89993 3 90354 4 90506 3 90866 4 91018 3 91377 4 91531 3 91888 4 92043 3 92399 4 92556 3 92910 4 93068 3 93421 4 93581 2 93932 4 94093 3 94443 4 94606 3 94954 4 95118 3 95466 4 95631 3 95977 4 96143 3 96488 4 96656 2 96999 4 97168 3 97510 5 97680 3 98021 5 98193 3 98532 5 98705 3 99043 5 99218 3 99554 5 99730 3 100065 4 100243 3 100575 5 100755 3 101087 4 101268 3 101597 5 101780 3 102108 5 102292 4 102619 5 102805 3 103130 4 103317 4 103641 5 103830 3 104152 5 104342 4 104663 5 104855 3 105174 4 105367 4 105684 5 105880 3 106195 5 106392 4 106706 5 106905 3 107217 5 107418 3 107727 6 107930 3 108238 5 108443 3 108749 5 108955 3 109260 5 109468 3 109771 5 109980 3 110282 5 110493 3 110793 5 111005 3 111303 6 111518 3 111814 5 112030 3 112325 5 112543 2 112835 6 113055 3 113346 5 113568 2 113857 5 114080 3 114368 5 114592 3 114879 5 115105 3 115390 5 115617 3 115901 5 116130 3 116412 4 116642 3 116923 5 117155 3 117434 5 117667 3 117945 5 118180 3 118456 5 118692 3 118967 5 119205 3 119478 5 119717 3 119989 5 120230 3 120501 4 120742 3 121012 4 121255 2 121524 3 121767 3 122036 2 122280 2 122792 3 123304 3 123817 3 124329 3 124842 3 125354 3 125867 3 126379 3 126891 4 127404 3 127917 3 128429 3 128941 4 129454 3 129966 4 130479 3 130991 4 131504 3 132016 3 132529 3 133041 3 133554 3 134066 3 134579 2 135091 3 135603 3 136116 3 136628 3 137140 3 137652 4 138165 4 138677 4 139190 4 139703 3 140215 3 140728 3 141240 3 141753 3 142265 3 142777 4 143290 3 143417 3 143802 3 143930 3 144315 3 144442 3 144827 3 144955 3 145340 2 145467 3 145852 3 145980 3 146364 3 146492 4 146876 3 147005 4 147389 2 147518 3 147901 2 148030 4 148543 3 149056 3 149568 4 150081 4 150594 3 151106 4 151619 4 152132 3 152644 4 153157 4 153670 3 154182 4 154695 4 155208 4 155720 4 156233 4 156746 3 156920 2 157258 4 157431 3 157771 4 157943 3 158284 4 158456 2 158797 3 158968 2 159310 3 159480 2 159822 4 159992 3 160335 4 160504 3 160848 3 161016 3 161360 4 161528 3 161873 4 162041 2 162386 4 162553 3 162899 3 163065 3 163412 3 163577 3 163924 4 164089 3 164437 4 164601 3 164949 4 165113 3 165462 4 165625 3 165975 4 166137 3 166488 4 166650 3 167001 4 167162 3 167513 5 167674 3 168026 4 168186 3 168539 4 168698 3 169052 4 169210 3 169564 5 169723 3 170077 5 170235 3 170590 5 170747 3 171103 5 171259 3 171616 5 171771 3 172129 5 172284 2 172643 4 172796 2 173156 4 173308 3 173669 4 173820 3 174182 4 174332 3 174695 4 174844 4 175207 5 175357 3 175720 5 175869 3 176233 5 176381 3 176746 5 176893 3 177260 4 177405 3 177773 5 177918 2 178286 5 178430 2 178799 5 178942 3 179312 5 179454 3 179825 5 179967 2 180338 5 180479 2 180851 4 180991 3 181364 4 181503 3 181877 5 182015 3 182390 5 182527 3 182903 6 183040 3 183416 6 183552 3 183930 6 184065 2 184443 6 184577 2 184957 6 185089 3 185470 7 185601 3 185984 7 186113 3 186498 6 186626 3 187011 12 187138 3 187524 13 187650 3 188038 14 188163 3 188552 14 188675 3 189069 9 189187 3 189587 3 189699 3 190211 4 190724 3 191236 3 191748 3 192261 3 192773 3 193285 3 193797 3 194310 3 194822 3 195334 4 195846 4 196359 3 196871 3 197383 3 197895 4 197990 2 198408 3 198502 4 198749 2 198920 3 199014 5 199261 4 199432 4 199526 6 199774 4 199945 3 200038 8 200287 5 200457 3 200554 5 200799 7 200969 3 201067 5 201312 7 201481 3 201581 5 201826 6 201994 3 202094 5 202340 6 202506 3 202607 5 202853 6 203019 2 203120 5 203366 7 203531 3 203634 5 203880 6 204043 3 204147 5 204393 6 204555 3 204661 5 204907 5 205068 3 205174 5 205420 5 205580 3 205688 5 205934 3 206092 3 206201 5 206605 3 206714 5 207117 3 207227 5 207629 3 207740 6 208142 3 208253 7 208654 3 208767 7 209167 2 209281 7 209679 3 209795 7 210192 2 210308 8 210704 3 210822 8 211216 3 211336 8 211729 3 211849 9 212241 3 212363 8 212439 2 212754 2 212877 10 212945 9 213266 3 213391 11 213404 2 213454 12 213778 3 213906 15 213945 31 214291 2 214420 14 214455 30 214803 3 214935 58 215316 2 215449 53 215828 3 215967 41 216340 3 216485 3 216853 3 217365 3 217877 4 218390 3 218902 4 219415 3 219927 4 220440 3 220952 4 221465 3 221977 3 222489 3 223001 4 223514 3 224026 4 224538 4 225051 3 225563 4 226076 3 226588 3 227101 3 227614 3 228126 3 228638 3 229151 3 229664 3 230176 3 230689 2 231202 2 231714 2 232226 3 232739 2
test_0237_1,63661 3 64170 10 64681 12 65192 14 65703 15 66214 17 66725 19 67236 21 67747 22 68258 24 68769 25 69280 27 69792 27 70303 29 70815 29 71326 30 71838 31 72349 32 72860 33 73372 34 73884 34 74395 35 74907 36 75418 37 75930 37 76442 37 76954 37 77466 37 77978 37 78490 37 79002 37 79513 38 80025 38 80537 39 81049 39 81561 39 82073 40 82585 40 83097 40 83609 41 84121 41 84632 42 85144 42 85656 43 86168 43 86680 43 87192 43 87704 43 88216 42 88728 42 89241 41 89753 41 90265 42 90778 41 91290 41 91802 40 92316 38 92828 38 93340 38 93853 37 94365 37 94877 37 95389 37 95901 38 96413 38 96925 38 97437 38 97950 36 98462 36 98975 34 99488 32 100008 21 100523 7 100534 5 185124 3 185634 6 186144 9 186656 10 187167 12 187678 13 188189 15 188701 16 189213 17 189724 19 190236 19 190748 19 191260 19 191771 20 192283 21 192794 22 193306 22 193818 22 194329 23 194841 23 195353 23 195865 23 196377 23 196889 23 197401 23 197913 23 198425 23 198937 23 199449 23 199962 22 200474 22 200986 22 201499 21 202011 21 202524 20 203036 20 203548 20 204060 20 204572 20 205085 19 205597 19 206110 18 206622 18 207135 17 207647 17 208159 17 208671 16 209184 15 209696 15 210208 15 210720 14 211233 13 211745 13 212257 12 212769 12 213281 13 213794 12 214306 12 214820 11 215334 7 215847 5 216360 2
test_0237_2,0 0
test_0237_3,0 0
test_0238_1,0 0
test_0238_2,52329 3 52841 4 53353 5 53865 6 54377 6 54889 6 55401 6 55914 5 56427 4 56939 3 127253 2 127764 4 128275 5 128787 5 129299 5 129811 5 130323 5 130835 5 131347 5 131859 4 132372 2 193168 4 193679 6 194190 8 194702 8 195214 9 195725 10 196237 10 196750 9 197262 9 197774 9 198285 9 198797 9 199309 2 199314 3 199821 1
test_0238_3,0 0
test_0239_1,0 0
test_0239_2,0 0
test_0239_3,122005 1 122516 2 123028 2 123540 2 124051 2 124563 2 125075 2 125587 2 126098 3 126610 3 127122 3 127634 3 128146 2 128657 3 129169 3 129681 3 130193 2 130705 2 131217 2 131728 3 132240 3 132752 3 133264 3 133776 2 134287 3 134799 3 135311 2 135823 2 136335 2 136846 3 137358 3 137870 3 138382 2 138894 2 139405 3 139917 3 140429 3 140941 3 141453 3 141965 2 142476 3 142988 3 143500 3 144012 3 144524 3 145036 3 145547 4 146059 4 146571 3 147083 3 147594 4 148106 4 148617 5 149129 5 149641 4 150153 4 150666 3 151178 3 151690 3 152202 3 152714 3 153226 3 153738 2 154249 3 154761 3 155273 3 155785 3 156297 3 156809 2 157321 2 157833 2 158345 2 158856 3 159368 3 159880 2 160392 2 160904 2
test_0240_1,0 0
test_0240_2,50478 4 50990 4 51501 6 52013 6 52525 6 53037 6 53549 6 54061 6 54574 5 55086 4 55599 2 60805 1 61315 4 61826 5 62338 5 62850 5 63362 5 63873 6 64385 6 64897 6 65410 5 65922 4 66434 3 180906 2 181417 4 181928 5 182440 5 182952 5 183463 6 183975 6 184487 6 184999 6 185511 5 186024 2
test_0240_3,0 0
